TaskID,StartTime,TaskFileSize,TaskOutputFileSize,TaskFileLength,UserLatitude,UserLongitude,DistanceFromDataCenter,DataCenterCpuCost,DataCenterRamCost,DataCenterStorageCost,DataCenterBwCost,DataCenterTotalLoad,NetworkDelay,CET,ObjectiveFunction,DataCenterID
1,0.1,58,11,17,-1.1990589328401455,179.75691738284212,10694.0,40.0,5.0,7.0,10.0,0.0,0.43,9.47,14.61,3
2,0.1,34,16,67,-55.53232750075231,-9.597604464061561,15367.0,40.0,5.0,7.0,10.0,0.0,1.68,6.22,18.36,3
3,0.21000000000000002,60,16,75,-31.997527622983313,-89.62873289893874,15994.0,40.0,5.0,7.0,10.0,0.0,1.88,10.12,20.61,3
4,0.38748917748917755,74,13,78,-80.71359307183037,153.99870057931332,17089.0,40.0,5.0,7.0,10.0,0.0,1.95,12.01,22.48,3
5,0.5346753246753247,90,14,86,-57.64409413208664,102.78438745859745,14052.0,40.0,5.0,7.0,10.0,0.0,2.15,14.48,20.49,3
6,0.7251515151515152,68,11,60,-21.57295700372832,68.88941550774703,9894.0,40.0,5.0,7.0,10.0,0.0,1.5,10.97,14.73,3
7,0.906969696969697,80,17,47,-30.17262821773641,-95.53151077255583,15861.0,40.0,5.0,7.0,10.0,0.0,1.18,13.19,21.49,3
8,1.016969696969697,83,20,12,33.452209361939296,-171.58249014118434,7468.0,40.0,5.0,7.0,10.0,0.0,0.3,13.85,13.1,3
9,1.1269696969696972,78,14,72,-42.5140907362401,-7.555423698002244,14058.0,40.0,5.0,7.0,10.0,0.0,1.8,12.68,19.67,3
10,1.1269696969696972,92,18,47,11.36893154567035,-69.73959273838318,10863.0,40.0,5.0,7.0,10.0,0.0,1.18,15.06,17.24,3
11,1.4404329004329008,100,14,53,22.953091940318785,88.81321148582157,4996.0,40.0,5.0,7.0,10.0,0.0,1.33,15.98,11.79,3
12,1.3304329004329007,33,18,38,8.857115725890623,14.136618447579906,7938.0,40.0,5.0,7.0,10.0,0.0,0.95,6.21,10.71,3
13,1.6673160173160178,59,13,93,-5.533370159350412,3.6939930587809897,9850.0,40.0,5.0,7.0,10.0,0.0,2.33,9.76,14.45,3
14,1.550432900432901,53,12,76,43.88633424555783,-37.1052882091324,6469.0,40.0,5.0,7.0,10.0,0.0,1.9,8.79,10.56,3
15,2.06991341991342,98,16,43,-88.39920611349497,-131.33931370122173,17638.0,40.0,5.0,7.0,10.0,0.0,1.08,15.82,24.29,3
16,1.87943722943723,45,12,91,-4.515198039453523,49.670823711565816,8255.0,40.0,5.0,7.0,10.0,0.0,2.28,7.59,11.98,3
17,2.2560606060606063,79,20,88,-66.80598123832998,7.914944739185955,15831.0,40.0,5.0,7.0,10.0,0.0,2.2,13.25,21.79,3
18,2.366060606060606,22,10,74,-62.07924595369377,-113.0166676927727,19284.0,40.0,5.0,7.0,10.0,0.0,1.85,4.0,21.44,3
19,2.6344588744588746,32,15,15,16.88581179295764,97.6539017790966,5800.0,40.0,5.0,7.0,10.0,0.0,0.38,5.85,8.25,3
20,2.7444588744588745,18,10,10,-62.15871531936659,65.54994146225488,14414.0,40.0,5.0,7.0,10.0,0.0,0.25,3.4,15.85,3
21,2.7444588744588745,46,20,89,73.5754713849609,123.00228523833141,1811.0,40.0,5.0,7.0,10.0,0.0,2.23,8.3,5.8,3
22,2.8544588744588744,75,18,23,30.825628344481686,-111.20713373338033,9092.0,40.0,5.0,7.0,10.0,0.0,0.58,12.51,14.27,3
23,3.1289610389610387,46,20,52,82.75632115456435,-106.09796634822023,3337.0,40.0,5.0,7.0,10.0,0.0,1.3,8.3,7.05,3
24,2.9644588744588742,28,10,80,-10.697326934788492,-114.59914168105544,13674.0,40.0,5.0,7.0,10.0,0.0,2.0,4.9,16.23,3
25,3.4207792207792203,67,10,94,-59.17442205435845,-40.990857797103445,16909.0,40.0,5.0,7.0,10.0,0.0,2.35,10.75,21.91,3
26,3.3107792207792204,13,12,22,-88.30766689546493,110.93597115242295,17325.0,40.0,5.0,7.0,10.0,0.0,0.55,2.79,18.61,3
27,3.827705627705627,50,11,98,74.7931029545991,171.8692300284693,3148.0,40.0,5.0,7.0,10.0,0.0,2.45,8.27,7.19,3
28,3.4207792207792203,44,11,38,-2.303422780150484,26.520931238326483,8650.0,40.0,5.0,7.0,10.0,0.0,0.95,7.37,11.88,3
29,4.249393939393938,69,14,84,89.65224492596917,115.66155212680906,2502.0,40.0,5.0,7.0,10.0,0.0,2.1,11.33,7.66,3
30,3.5852813852813847,48,14,73,15.228481049007286,-36.48212305695131,9395.0,40.0,5.0,7.0,10.0,0.0,1.82,8.18,13.21,3
31,4.610476190476189,92,11,14,-36.34549700614751,-11.567072684651748,13613.0,40.0,5.0,7.0,10.0,0.0,0.35,14.57,19.55,3
32,3.937705627705627,46,19,85,27.36689745852891,-144.15319531660634,8962.0,40.0,5.0,7.0,10.0,0.0,2.13,8.23,12.89,3
33,4.720476190476188,36,17,64,-14.265145932072159,-153.02672687903427,13127.0,40.0,5.0,7.0,10.0,0.0,1.6,6.59,16.24,3
34,4.359393939393938,56,16,59,29.54385515851746,-80.15753424802396,9078.0,40.0,5.0,7.0,10.0,0.0,1.48,9.52,13.33,3
35,5.0425974025974,19,10,18,77.18363020163434,47.788096089366945,1446.0,40.0,5.0,7.0,10.0,0.0,0.45,3.55,3.0,3
36,4.720476190476188,83,11,49,48.541330313726974,149.53563219538006,4447.0,40.0,5.0,7.0,10.0,0.0,1.23,13.22,10.1,3
37,5.152597402597399,11,15,41,79.70956689554214,87.51516864974315,1424.0,40.0,5.0,7.0,10.0,0.0,1.02,2.7,2.81,3
38,4.9325974025974,53,15,11,-27.020081834055546,43.60095115628667,10835.0,40.0,5.0,7.0,10.0,0.0,0.27,9.0,14.52,3
39,5.372597402597398,69,18,34,-20.431908214833527,-79.61670061993343,14546.0,40.0,5.0,7.0,10.0,0.0,0.85,11.61,19.45,3
40,5.0425974025974,14,17,47,-4.835712636897711,-172.28450488265386,11400.0,40.0,5.0,7.0,10.0,0.0,1.18,3.29,13.07,3
41,5.519783549783545,14,20,60,82.05993458165267,98.70958241644274,1744.0,40.0,5.0,7.0,10.0,0.0,1.5,3.5,3.59,3
42,5.2625974025973985,24,18,65,-2.0686871166447816,68.28547739585619,7732.0,40.0,5.0,7.0,10.0,0.0,1.63,4.86,10.17,3
43,5.8497835497835435,43,20,35,80.10231534149489,83.51883386957746,1445.0,40.0,5.0,7.0,10.0,0.0,0.88,7.85,4.85,3
44,5.629783549783545,31,11,13,24.634476964536262,122.56515212689465,5675.0,40.0,5.0,7.0,10.0,0.0,0.33,5.42,7.94,3
45,6.069783549783542,64,12,98,-52.19078028385805,-8.41071239080344,15016.0,40.0,5.0,7.0,10.0,0.0,2.45,10.44,19.93,3
46,5.739783549783544,60,18,38,-52.85682492145355,-97.54509082606022,18385.0,40.0,5.0,7.0,10.0,0.0,0.95,10.26,22.77,3
47,6.595367965367957,49,18,79,15.562089642795002,71.25181501929836,5757.0,40.0,5.0,7.0,10.0,0.0,1.98,8.61,9.8,3
48,5.959783549783543,59,11,93,-37.802753346142396,32.804514588662926,12246.0,40.0,5.0,7.0,10.0,0.0,2.33,9.62,16.79,3
49,6.937359307359299,43,19,43,18.242313665387826,-36.28061682829471,9074.0,40.0,5.0,7.0,10.0,0.0,1.08,7.78,12.51,3
50,6.359826839826832,42,20,29,25.4209305793121,-44.10100497642071,8610.0,40.0,5.0,7.0,10.0,0.0,0.73,7.7,11.91,3
51,7.224848484848476,54,13,73,50.553594321882,-160.80299716309355,6070.0,40.0,5.0,7.0,10.0,0.0,1.82,9.01,10.22,3
52,6.485367965367957,79,13,20,-24.30709019745413,-171.99122859197803,13406.0,40.0,5.0,7.0,10.0,0.0,0.5,12.76,18.66,3
53,7.538311688311679,23,17,89,-54.472344316518736,-105.52910164425482,18592.0,40.0,5.0,7.0,10.0,0.0,2.23,4.64,21.12,3
54,6.595367965367957,36,15,52,60.06605296792941,135.65998126846398,2899.0,40.0,5.0,7.0,10.0,0.0,1.3,6.45,5.87,3
55,7.968658008657998,35,14,56,-40.67773200297152,72.88702106940391,12002.0,40.0,5.0,7.0,10.0,0.0,1.4,6.23,14.91,3
56,6.820476190476182,91,18,68,66.60814366341049,-150.12648298815472,4692.0,40.0,5.0,7.0,10.0,0.0,1.7,14.91,11.17,3
57,8.21108225108224,70,13,84,-12.88499442963969,-1.7129770351794207,10831.0,40.0,5.0,7.0,10.0,0.0,2.1,11.41,16.03,3
58,7.114848484848476,10,19,37,-33.111652417250795,147.6246518260831,12618.0,40.0,5.0,7.0,10.0,0.0,0.93,2.83,14.03,3
59,8.673506493506482,36,10,100,21.611388826592915,75.2848145980301,5073.0,40.0,5.0,7.0,10.0,0.0,2.5,6.1,8.26,3
60,7.334848484848475,78,11,75,23.657616662935155,-111.67446578747226,9885.0,40.0,5.0,7.0,10.0,0.0,1.88,12.47,15.44,3
61,9.106406926406914,100,18,57,-54.63178166438178,-126.32062220353595,18168.0,40.0,5.0,7.0,10.0,0.0,1.42,16.26,25.1,3
62,7.6595238095238,66,15,46,-74.10817995497476,-74.76876863233899,18732.0,40.0,5.0,7.0,10.0,0.0,1.15,10.95,23.46,3
63,9.359264069264055,67,11,26,42.84577995782848,-64.9678743695151,7352.0,40.0,5.0,7.0,10.0,0.0,0.65,10.82,11.88,3
64,7.858658008657999,76,18,94,47.22212656625828,-24.501384943731097,5695.0,40.0,5.0,7.0,10.0,0.0,2.35,12.66,11.46,3
65,9.471818181818168,22,20,51,19.40684315892733,163.22270108688565,7880.0,40.0,5.0,7.0,10.0,0.0,1.27,4.7,10.14,3
66,8.32108225108224,36,17,56,-2.9749433821618823,116.92613419001304,8419.0,40.0,5.0,7.0,10.0,0.0,1.4,6.59,11.48,3
67,9.720346320346307,99,19,100,50.412077590427316,-38.84158412967486,5869.0,40.0,5.0,7.0,10.0,0.0,2.5,16.18,13.09,3
68,8.563506493506482,20,18,11,-37.62422445584561,-143.1470851877165,15902.0,40.0,5.0,7.0,10.0,0.0,0.27,4.26,17.69,3
69,10.152467532467519,53,18,94,77.82249653657715,164.12536352172862,2802.0,40.0,5.0,7.0,10.0,0.0,2.35,9.21,7.19,3
70,8.673506493506482,93,13,61,52.843232830434204,26.54598661779417,3084.0,40.0,5.0,7.0,10.0,0.0,1.53,14.86,9.49,3
71,10.606233766233752,95,20,50,5.718267787947369,-169.7838601774263,10407.0,40.0,5.0,7.0,10.0,0.0,1.25,15.65,17.04,3
72,8.937575757575745,12,14,72,-31.827877526176458,24.843822114467372,11832.0,40.0,5.0,7.0,10.0,0.0,1.8,2.78,13.48,3
73,10.822683982683968,59,12,35,-11.520135309357642,-92.35489728346768,13766.0,40.0,5.0,7.0,10.0,0.0,0.88,9.69,17.91,3
74,9.249264069264056,80,19,84,11.54531793191903,-14.49986325134742,8870.0,40.0,5.0,7.0,10.0,0.0,2.1,13.33,14.83,3
75,11.042683982683966,93,13,59,48.74107220936577,-29.75035261339542,5735.0,40.0,5.0,7.0,10.0,0.0,1.48,14.86,12.12,3
76,9.610346320346308,86,16,48,-42.030388288659154,114.42413964501179,12562.0,40.0,5.0,7.0,10.0,0.0,1.2,14.02,18.53,3
77,11.317186147186131,72,10,94,40.579661375778215,74.39073202144618,2966.0,40.0,5.0,7.0,10.0,0.0,2.35,11.5,8.27,3
78,9.830346320346306,63,11,49,48.63001434766477,21.600087156239937,3667.0,40.0,5.0,7.0,10.0,0.0,1.23,10.22,8.12,3
79,11.724112554112537,34,15,32,34.07161145963519,-79.74709385898952,8575.0,40.0,5.0,7.0,10.0,0.0,0.8,6.15,11.28,3
80,10.04246753246752,77,15,52,50.50318500922245,141.22290129294345,3917.0,40.0,5.0,7.0,10.0,0.0,1.3,12.6,9.35,3
81,11.862640692640676,51,16,94,68.82929814859293,135.43229048111493,2361.0,40.0,5.0,7.0,10.0,0.0,2.35,8.77,6.57,3
82,10.265021645021632,80,11,16,-8.434505961020363,-59.11620263314158,12693.0,40.0,5.0,7.0,10.0,0.0,0.4,12.77,17.92,3
83,12.364025974025957,89,17,94,62.84291981669415,70.0025987233306,575.0,40.0,5.0,7.0,10.0,0.0,2.35,14.54,7.1,3
84,10.375021645021631,56,14,28,-86.44124125453203,119.32852141732582,17180.0,40.0,5.0,7.0,10.0,0.0,0.7,9.38,21.14,3
85,12.787489177489158,44,20,59,40.70682887261802,-78.41196826952454,7828.0,40.0,5.0,7.0,10.0,0.0,1.48,8.0,11.47,3
86,10.496233766233752,19,19,82,-35.04714792719608,-9.639406020075228,13406.0,40.0,5.0,7.0,10.0,0.0,2.05,4.18,15.69,3
87,13.0403463203463,75,20,57,80.0054374964929,60.61088722349538,1493.0,40.0,5.0,7.0,10.0,0.0,1.42,12.65,6.98,3
88,10.932683982683967,93,14,64,-34.88667221341226,88.07847098721169,11396.0,40.0,5.0,7.0,10.0,0.0,1.6,14.93,17.85,3
89,13.284545454545434,96,14,43,-3.024011477977382,-61.40968887747425,12189.0,40.0,5.0,7.0,10.0,0.0,1.08,15.38,18.67,3
90,11.207186147186132,20,11,70,28.995195043861344,120.81187455123063,5160.0,40.0,5.0,7.0,10.0,0.0,1.75,3.77,7.19,3
91,13.504545454545433,88,14,11,40.6235256435738,-70.22187281833641,7698.0,40.0,5.0,7.0,10.0,0.0,0.27,14.18,13.45,3
92,11.507662337662321,57,14,88,-76.62698265199325,-133.2811489051108,18578.0,40.0,5.0,7.0,10.0,0.0,2.2,9.53,23.05,3
93,13.614545454545432,58,10,12,27.6628714387833,-170.89187283693596,8088.0,40.0,5.0,7.0,10.0,0.0,0.3,9.4,11.94,3
94,11.972640692640676,11,20,65,78.6415793996207,-1.5960464936022447,2571.0,40.0,5.0,7.0,10.0,0.0,1.63,3.05,4.28,3
95,13.724545454545432,54,15,81,81.6131760647475,-133.90432807244906,3367.0,40.0,5.0,7.0,10.0,0.0,2.03,9.15,7.64,3
96,12.254025974025957,23,16,39,57.582380010132255,24.04161921317268,2805.0,40.0,5.0,7.0,10.0,0.0,0.98,4.57,4.93,3
97,14.13324675324673,96,18,82,72.69727442674733,45.46622338919269,1311.0,40.0,5.0,7.0,10.0,0.0,2.05,15.66,8.19,3
98,12.474025974025956,84,10,47,-37.93592537461847,-76.24083299064317,16342.0,40.0,5.0,7.0,10.0,0.0,1.18,13.3,22.02,3
99,14.511645021644998,30,10,48,-69.79883701646254,-91.40602259213283,19449.0,40.0,5.0,7.0,10.0,0.0,1.2,5.2,21.89,3
100,12.677489177489159,20,10,17,37.85478595216291,-104.95891806457168,8329.0,40.0,5.0,7.0,10.0,0.0,0.43,3.7,9.94,3
101,14.719437229437206,93,20,62,-8.791961025002621,124.63901984560277,9275.0,40.0,5.0,7.0,10.0,0.0,1.55,15.35,15.88,3
102,12.787489177489158,77,13,13,32.629802541692015,166.82995844924983,6703.0,40.0,5.0,7.0,10.0,0.0,0.33,12.46,11.79,3
103,14.985281385281361,77,20,76,30.564646842834804,-2.2280593406908054,6421.0,40.0,5.0,7.0,10.0,0.0,1.9,12.95,12.17,3
104,12.897489177489158,53,10,48,-41.85121834430685,-164.48411638309992,15456.0,40.0,5.0,7.0,10.0,0.0,1.2,8.65,19.28,3
105,15.311731601731577,63,15,76,-88.69173259071647,-162.15360293296942,17555.0,40.0,5.0,7.0,10.0,0.0,1.9,10.5,22.33,3
106,13.1503463203463,10,12,43,-0.6278370621342759,98.63344981390418,7739.0,40.0,5.0,7.0,10.0,0.0,1.08,2.34,9.0,3
107,15.640735930735906,23,13,45,21.524835456408752,93.72633555404622,5223.0,40.0,5.0,7.0,10.0,0.0,1.13,4.36,7.31,3
108,13.394545454545433,96,12,73,73.50462363195021,46.24492799825504,1308.0,40.0,5.0,7.0,10.0,0.0,1.82,15.24,7.95,3
109,15.860735930735904,10,20,72,-33.77356608478873,108.30681078618,11544.0,40.0,5.0,7.0,10.0,0.0,1.8,2.9,13.24,3
110,13.724545454545432,23,15,69,48.62811417274895,176.91239556746575,5533.0,40.0,5.0,7.0,10.0,0.0,1.73,4.5,7.85,3
111,16.234805194805173,32,10,71,40.919062165160824,49.15989630383177,3366.0,40.0,5.0,7.0,10.0,0.0,1.78,5.5,6.1,3
112,14.023246753246731,70,20,88,-8.591319132280205,-68.70077513012288,12997.0,40.0,5.0,7.0,10.0,0.0,2.2,11.9,18.42,3
113,16.54826839826838,12,17,25,81.70313326528719,-72.3480827730615,3354.0,40.0,5.0,7.0,10.0,0.0,0.63,2.99,4.74,3
114,14.401645021644999,71,18,76,-19.74137627651426,164.64365806406158,11943.0,40.0,5.0,7.0,10.0,0.0,1.9,11.91,17.28,3
115,16.658268398268383,63,14,52,40.94136943319336,-23.7230335857181,6282.0,40.0,5.0,7.0,10.0,0.0,1.3,10.43,10.84,3
116,14.829437229437206,61,15,50,46.8983716908798,-116.96269606190457,7273.0,40.0,5.0,7.0,10.0,0.0,1.25,10.2,11.73,3
117,16.902467532467522,34,10,37,-27.04468090911554,-123.89984633789459,15336.0,40.0,5.0,7.0,10.0,0.0,0.93,5.8,17.94,3
118,15.09528138528136,91,19,86,-30.021421899000707,176.1097657267777,13468.0,40.0,5.0,7.0,10.0,0.0,2.15,14.98,20.11,3
119,17.13800865800865,89,11,89,-26.749270390684558,22.754071031436922,11361.0,40.0,5.0,7.0,10.0,0.0,2.23,14.12,17.68,3
120,15.467575757575732,34,20,61,5.0985771648083045,177.17506991148383,9937.0,40.0,5.0,7.0,10.0,0.0,1.53,6.5,13.0,3
121,17.523290043290036,16,12,36,-47.07068306372263,123.61894908864474,13310.0,40.0,5.0,7.0,10.0,0.0,0.9,3.24,14.88,3
122,15.750735930735905,26,11,87,39.28262405831765,-128.16764812767462,7988.0,40.0,5.0,7.0,10.0,0.0,2.17,4.67,10.51,3
123,17.743290043290042,96,15,33,-23.909511374966726,-83.6043108991203,15006.0,40.0,5.0,7.0,10.0,0.0,0.83,15.45,21.44,3
124,16.12480519480517,50,13,73,38.263581332287885,-134.51819366077245,7994.0,40.0,5.0,7.0,10.0,0.0,1.82,8.41,11.9,3
125,17.886147186147184,95,15,57,89.80918564476451,-179.61730886796326,2537.0,40.0,5.0,7.0,10.0,0.0,1.42,15.3,9.08,3
126,16.438268398268377,48,14,82,-73.50504621596255,-163.64063354703217,17773.0,40.0,5.0,7.0,10.0,0.0,2.05,8.18,21.66,3
127,18.13034632034632,25,15,47,-61.45679604589675,-93.72361698909614,19223.0,40.0,5.0,7.0,10.0,0.0,1.18,4.8,21.5,3
128,16.79246753246752,17,12,55,-84.89125544101852,11.421969679370733,17199.0,40.0,5.0,7.0,10.0,0.0,1.38,3.39,18.97,3
129,18.333809523809524,33,18,58,82.19065231101371,-87.66645343630157,3375.0,40.0,5.0,7.0,10.0,0.0,1.45,6.21,6.29,3
130,17.02800865800865,88,20,12,-3.5077868756884243,-117.44694997483134,12848.0,40.0,5.0,7.0,10.0,0.0,0.3,14.6,18.78,3
131,18.582337662337665,14,15,67,30.418833341755033,-105.62001842969086,9155.0,40.0,5.0,7.0,10.0,0.0,1.68,3.15,10.92,3
132,17.13800865800865,43,15,93,79.49835102795237,171.4513361570347,2864.0,40.0,5.0,7.0,10.0,0.0,2.33,7.5,6.56,3
133,18.90445887445888,35,10,43,-60.91146351181601,-177.59601064087067,16567.0,40.0,5.0,7.0,10.0,0.0,1.08,5.95,19.27,3
134,17.63329004329004,48,19,65,-9.164423342761197,35.74896925291284,9097.0,40.0,5.0,7.0,10.0,0.0,1.63,8.53,13.0,3
135,19.144329004329013,13,14,89,-54.687875121890265,-31.402136582649433,16148.0,40.0,5.0,7.0,10.0,0.0,2.23,2.93,17.99,3
136,17.996147186147187,54,19,100,-52.25752117769946,70.36407704986283,13296.0,40.0,5.0,7.0,10.0,0.0,2.5,9.43,17.82,3
137,19.56168831168832,49,11,45,74.13215082805428,-140.64568310679653,4071.0,40.0,5.0,7.0,10.0,0.0,1.13,8.12,7.66,3
138,18.443809523809527,90,14,81,63.69619629004745,111.87357277741302,1652.0,40.0,5.0,7.0,10.0,0.0,2.03,14.48,8.05,3
139,19.781688311688328,77,17,47,32.63564555426191,-156.4198117160348,8059.0,40.0,5.0,7.0,10.0,0.0,1.18,12.74,13.51,3
140,18.794458874458876,26,15,56,29.33586773490383,41.37524248722454,4817.0,40.0,5.0,7.0,10.0,0.0,1.4,4.95,7.22,3
141,19.985151515151532,85,12,96,-38.37373631116511,44.336609439675215,12053.0,40.0,5.0,7.0,10.0,0.0,2.4,13.59,18.21,3
142,19.03432900432901,68,13,19,71.70609028302863,145.6819998447349,2585.0,40.0,5.0,7.0,10.0,0.0,0.48,11.11,7.17,3
143,20.39818181818184,15,16,19,42.114980697899995,-30.910767171013134,6432.0,40.0,5.0,7.0,10.0,0.0,0.48,3.37,7.92,3
144,19.144329004329013,26,12,71,54.61463559907605,-51.60368702763452,5801.0,40.0,5.0,7.0,10.0,0.0,1.78,4.74,8.23,3
145,20.508181818181843,22,11,74,73.83094032897688,47.97063492194698,1269.0,40.0,5.0,7.0,10.0,0.0,1.85,4.07,3.45,3
146,19.45168831168832,74,19,13,-62.63026664358466,-117.14190706363955,19194.0,40.0,5.0,7.0,10.0,0.0,0.33,12.43,24.27,3
147,20.92554112554115,42,18,81,-25.00702622790378,65.08592310206484,10300.0,40.0,5.0,7.0,10.0,0.0,2.03,7.56,13.93,3
148,19.56168831168832,20,18,10,58.84911721957522,-66.71548408115574,5676.0,40.0,5.0,7.0,10.0,0.0,0.25,4.26,7.46,3
149,21.276190476190504,28,20,51,17.064876634836338,-110.99379883967298,10621.0,40.0,5.0,7.0,10.0,0.0,1.27,5.6,13.24,3
150,19.671688311688325,43,12,92,47.79043965551725,147.5598042367006,4432.0,40.0,5.0,7.0,10.0,0.0,2.3,7.29,8.04,3
151,21.49619047619051,29,16,57,-61.351007049658605,-71.37512499880764,18359.0,40.0,5.0,7.0,10.0,0.0,1.42,5.47,20.97,3
152,20.095151515151535,54,10,95,-63.58905289576836,159.00136528271486,15948.0,40.0,5.0,7.0,10.0,0.0,2.38,8.8,20.18,3
153,21.818311688311724,13,16,16,49.02341993588385,111.38180514961294,2806.0,40.0,5.0,7.0,10.0,0.0,0.4,3.07,4.15,3
154,20.508181818181843,92,15,71,45.859918523772876,73.74318086853148,2381.0,40.0,5.0,7.0,10.0,0.0,1.78,14.85,8.86,3
155,21.928311688311727,99,11,95,-86.87119678688049,125.59416806694452,17242.0,40.0,5.0,7.0,10.0,0.0,2.38,15.62,24.2,3
156,20.81554112554115,91,10,14,1.3512671510218581,19.692262583964833,8507.0,40.0,5.0,7.0,10.0,0.0,0.35,14.35,14.35,3
157,22.33701298701303,69,13,52,80.79287518238172,134.76942492837753,2165.0,40.0,5.0,7.0,10.0,0.0,1.3,11.26,7.06,3
158,20.92554112554115,56,11,35,0.7961775227996242,-82.41839855968175,12275.0,40.0,5.0,7.0,10.0,0.0,0.88,9.17,16.21,3
159,22.559567099567143,12,18,71,35.92173265899656,-81.21237666743875,8392.0,40.0,5.0,7.0,10.0,0.0,1.78,3.06,10.15,3
160,21.077056277056304,86,20,61,-40.93088215287123,-95.96945335557538,17055.0,40.0,5.0,7.0,10.0,0.0,1.53,14.3,23.23,3
161,22.86692640692645,16,10,66,36.50614446463466,112.70594573291163,4101.0,40.0,5.0,7.0,10.0,0.0,1.65,3.1,5.84,3
162,21.386190476190507,88,19,75,-65.0318898754771,84.16929437400842,14718.0,40.0,5.0,7.0,10.0,0.0,1.88,14.53,21.09,3
163,23.19692640692646,48,13,38,-60.09761703290871,-151.24674830228378,17598.0,40.0,5.0,7.0,10.0,0.0,0.95,8.11,21.13,3
164,21.70831168831172,38,19,62,56.39217988798535,-156.317146384379,5594.0,40.0,5.0,7.0,10.0,0.0,1.55,7.03,8.87,3
165,23.416926406926464,48,20,35,-79.46955347857626,6.692142544076859,16891.0,40.0,5.0,7.0,10.0,0.0,0.88,8.6,20.6,3
166,22.03831168831173,67,14,93,-22.461241504594128,131.00445036111324,10929.0,40.0,5.0,7.0,10.0,0.0,2.33,11.03,16.04,3
167,23.63692640692647,26,12,89,55.35649987359932,101.02491551145101,1833.0,40.0,5.0,7.0,10.0,0.0,2.23,4.74,4.4,3
168,22.447012987013032,75,14,65,12.064168033194093,-15.23776016530232,8849.0,40.0,5.0,7.0,10.0,0.0,1.63,12.23,14.23,3
169,24.019653679653747,94,11,63,-58.49682872595548,-8.844429422441749,15606.0,40.0,5.0,7.0,10.0,0.0,1.58,14.87,22.03,3
170,22.728398268398312,77,13,52,14.843383189525568,-9.053169439067005,8300.0,40.0,5.0,7.0,10.0,0.0,1.3,12.46,13.67,3
171,24.289826839826908,61,15,48,-69.98132582876764,36.96682064135592,15549.0,40.0,5.0,7.0,10.0,0.0,1.2,10.2,19.99,3
172,22.976926406926452,97,11,24,-57.218176624771274,163.8409209806493,15559.0,40.0,5.0,7.0,10.0,0.0,0.6,15.32,21.87,3
173,24.585974025974096,76,20,13,-26.497977041485903,-7.182211932813573,12447.0,40.0,5.0,7.0,10.0,0.0,0.33,12.8,17.67,3
174,23.086926406926455,90,10,28,30.85682540573579,15.894017622769724,5618.0,40.0,5.0,7.0,10.0,0.0,0.7,14.2,11.51,3
175,24.6959740259741,50,18,80,6.146367324784478,-175.92826674749105,10116.0,40.0,5.0,7.0,10.0,0.0,2.0,8.76,14.22,3
176,23.30692640692646,37,11,37,-82.93113362455428,-124.0449304672664,18198.0,40.0,5.0,7.0,10.0,0.0,0.93,6.32,21.01,3
177,25.126320346320423,80,19,67,-85.63208119616701,145.11684877198417,17269.0,40.0,5.0,7.0,10.0,0.0,1.68,13.33,23.11,3
178,23.526926406926467,23,16,32,-16.56185241562025,-119.72256546511429,14259.0,40.0,5.0,7.0,10.0,0.0,0.8,4.57,16.33,3
179,25.444112554112632,68,11,72,52.79615434465197,-43.719734001219365,5776.0,40.0,5.0,7.0,10.0,0.0,1.8,10.97,10.7,3
180,23.746926406926473,33,13,78,20.07064888283459,-47.542338862393905,9288.0,40.0,5.0,7.0,10.0,0.0,1.95,5.86,12.22,3
181,25.800865800865882,10,13,72,21.541209093634222,-164.9810286935508,8938.0,40.0,5.0,7.0,10.0,0.0,1.8,2.41,10.44,3
182,24.12965367965375,72,18,80,41.30583915335461,111.94327150527295,3586.0,40.0,5.0,7.0,10.0,0.0,2.0,12.06,9.01,3
183,26.112554112554193,84,12,61,-35.09042916081761,177.05327094154654,14010.0,40.0,5.0,7.0,10.0,0.0,1.53,13.44,19.85,3
184,24.475974025974093,28,11,79,77.98705391904491,143.42908589991845,2336.0,40.0,5.0,7.0,10.0,0.0,1.98,4.97,4.92,3
185,26.479740259740346,98,17,18,72.75864722874928,-168.33504301751034,3747.0,40.0,5.0,7.0,10.0,0.0,0.45,15.89,10.24,3
186,24.81718614718622,73,18,46,-86.23064936198942,-15.436416702094078,17464.0,40.0,5.0,7.0,10.0,0.0,1.15,12.21,22.69,3
187,26.58974025974035,88,17,50,-3.8265738196496244,8.004098934173243,9499.0,40.0,5.0,7.0,10.0,0.0,1.25,14.39,15.63,3
188,25.01632034632042,95,10,74,-74.52875710992012,23.22051179259563,16211.0,40.0,5.0,7.0,10.0,0.0,1.85,14.95,22.75,3
189,26.812294372294463,14,20,26,-58.09165759831547,-62.42961284893423,17743.0,40.0,5.0,7.0,10.0,0.0,0.65,3.5,19.34,3
190,25.33411255411263,31,20,83,29.19920934086079,-175.29331626453566,7766.0,40.0,5.0,7.0,10.0,0.0,2.08,6.05,10.81,3
191,26.924848484848575,18,19,94,36.94085382543463,-169.7812443054775,7175.0,40.0,5.0,7.0,10.0,0.0,2.35,4.03,9.49,3
192,25.69086580086588,48,12,18,19.400764946959896,-20.352970020898454,8316.0,40.0,5.0,7.0,10.0,0.0,0.45,8.04,11.67,3
193,27.382943722943818,40,19,43,-69.00851107655316,-104.94170888245334,19807.0,40.0,5.0,7.0,10.0,0.0,1.08,7.33,23.06,3
194,25.800865800865882,56,16,84,-33.90534131675562,54.27851070507103,11401.0,40.0,5.0,7.0,10.0,0.0,2.1,9.52,15.84,3
195,27.602943722943824,14,13,20,6.454941635192057,22.488751117985686,7869.0,40.0,5.0,7.0,10.0,0.0,0.5,3.01,9.22,3
196,26.222554112554196,16,15,34,-26.166806544553737,109.85896566571381,10749.0,40.0,5.0,7.0,10.0,0.0,0.85,3.45,12.38,3
197,27.712943722943827,34,14,89,-29.47567569053669,-10.410405004474256,12881.0,40.0,5.0,7.0,10.0,0.0,2.23,6.08,15.98,3
198,26.369740259740343,51,16,77,48.30871459774963,-21.706577610245574,5486.0,40.0,5.0,7.0,10.0,0.0,1.93,8.77,9.57,3
199,28.095670995671103,65,14,47,-28.076739586621088,50.72980421043522,10816.0,40.0,5.0,7.0,10.0,0.0,1.18,10.73,15.46,3
200,26.70229437229446,94,18,65,5.272014538550067,-117.47068450384727,11876.0,40.0,5.0,7.0,10.0,0.0,1.63,15.36,18.51,3
201,28.299134199134308,81,12,52,-37.08063817587648,108.62438756427002,11910.0,40.0,5.0,7.0,10.0,0.0,1.3,12.99,17.5,3
202,27.034848484848577,29,10,55,56.84342852595998,-61.82111557466277,5798.0,40.0,5.0,7.0,10.0,0.0,1.38,5.05,8.23,3
203,28.629134199134317,12,19,37,40.47172026199408,-20.63724318290548,6208.0,40.0,5.0,7.0,10.0,0.0,0.93,3.13,7.74,3
204,27.272943722943815,78,17,36,-80.33078215023801,128.12231855462562,16711.0,40.0,5.0,7.0,10.0,0.0,0.9,12.89,22.14,3
205,28.873333333333452,59,18,14,36.99062361225435,17.587638105602736,4940.0,40.0,5.0,7.0,10.0,0.0,0.35,10.11,9.09,3
206,27.49294372294382,60,17,75,62.41523620322721,-49.73361781932934,4967.0,40.0,5.0,7.0,10.0,0.0,1.88,10.19,9.61,3
207,28.983333333333455,43,10,40,-58.75026704069933,-33.58157043775583,16571.0,40.0,5.0,7.0,10.0,0.0,1.0,7.15,19.73,3
208,27.82294372294383,42,19,28,12.557418460609554,-135.95812189263594,10761.0,40.0,5.0,7.0,10.0,0.0,0.7,7.63,14.02,3
209,29.15649350649363,47,12,22,-13.661009657530201,127.01792660541656,9869.0,40.0,5.0,7.0,10.0,0.0,0.55,7.89,13.19,3
210,27.94415584415595,69,15,94,-45.00425317264477,153.20744106732946,14018.0,40.0,5.0,7.0,10.0,0.0,2.35,11.4,19.28,3
211,29.26649350649363,67,13,50,-5.886107979108502,99.42544341306149,8330.0,40.0,5.0,7.0,10.0,0.0,1.25,10.96,13.09,3
212,28.40913419913431,23,12,24,-75.3216833528443,60.893949130979934,15889.0,40.0,5.0,7.0,10.0,0.0,0.6,4.29,17.79,3
213,29.482943722943848,35,17,70,-10.077249967601134,145.93065855055107,10179.0,40.0,5.0,7.0,10.0,0.0,1.75,6.44,13.28,3
214,28.519134199134314,80,19,57,-7.402271813118247,-49.1494300415865,12237.0,40.0,5.0,7.0,10.0,0.0,1.42,13.33,18.0,3
215,29.880432900433032,42,10,56,-64.09907652754691,-145.81321517193456,18082.0,40.0,5.0,7.0,10.0,0.0,1.4,7.0,21.3,3
216,28.76333333333345,21,13,39,-11.780330789311563,-103.82590006132723,13849.0,40.0,5.0,7.0,10.0,0.0,0.98,4.06,15.77,3
217,30.228528138528272,10,17,64,64.91398106302717,151.3802449980941,3179.0,40.0,5.0,7.0,10.0,0.0,1.6,2.69,4.74,3
218,28.983333333333455,55,13,44,-67.58605305214807,117.99965502069858,15331.0,40.0,5.0,7.0,10.0,0.0,1.1,9.16,19.33,3
219,30.50558441558455,42,19,21,-48.75618495307544,-25.74222733470731,15388.0,40.0,5.0,7.0,10.0,0.0,0.52,7.63,18.6,3
220,29.26649350649363,34,12,72,38.88261313210282,48.613885649601656,3595.0,40.0,5.0,7.0,10.0,0.0,1.8,5.94,6.51,3
221,30.615584415584554,44,15,66,73.51078508881346,-175.813470090521,3524.0,40.0,5.0,7.0,10.0,0.0,1.65,7.65,7.08,3
222,29.59294372294385,25,10,41,-67.03794977619971,68.65099380583482,14942.0,40.0,5.0,7.0,10.0,0.0,1.02,4.45,17.03,3
223,30.90129870129884,63,19,98,12.27983792227306,-164.04455852347132,9940.0,40.0,5.0,7.0,10.0,0.0,2.45,10.78,14.99,3
224,29.77043290043303,94,11,81,6.172596217061255,81.10556761625526,6797.0,40.0,5.0,7.0,10.0,0.0,2.03,14.87,13.35,3
225,31.426883116883257,33,18,22,-5.329520691154798,73.10850492299957,8072.0,40.0,5.0,7.0,10.0,0.0,0.55,6.21,10.72,3
226,30.11852813852827,89,14,20,80.8798776950863,8.227718942764227,2344.0,40.0,5.0,7.0,10.0,0.0,0.5,14.33,8.23,3
227,31.53688311688326,21,20,69,49.21855395132425,-164.54753667624448,6096.0,40.0,5.0,7.0,10.0,0.0,1.73,4.55,8.44,3
228,30.228528138528272,95,10,78,-59.49676111771288,96.30222957730302,14183.0,40.0,5.0,7.0,10.0,0.0,1.95,14.95,20.75,3
229,31.92393939393954,58,16,95,-85.26858426811748,173.27013221489904,17492.0,40.0,5.0,7.0,10.0,0.0,2.38,9.82,22.13,3
230,30.615584415584554,81,12,66,36.51427248888746,-20.254580510191317,6585.0,40.0,5.0,7.0,10.0,0.0,1.65,12.99,12.28,3
231,32.42532467532482,21,14,90,85.94972459729746,151.13860398350403,2449.0,40.0,5.0,7.0,10.0,0.0,2.25,4.13,4.78,3
232,30.90129870129884,52,19,96,-58.7250354850508,-142.69105424557733,17866.0,40.0,5.0,7.0,10.0,0.0,2.4,9.13,22.24,3
233,32.86787878787894,64,16,10,48.32052229024839,174.69739311656593,5480.0,40.0,5.0,7.0,10.0,0.0,0.25,10.72,9.84,3
234,31.316883116883254,12,10,17,-57.038745012584315,-154.3459638465767,17237.0,40.0,5.0,7.0,10.0,0.0,0.43,2.5,18.37,3
235,32.977878787878936,98,10,42,84.58687132213817,-106.99978998281107,3133.0,40.0,5.0,7.0,10.0,0.0,1.05,15.4,9.61,3
236,31.426883116883257,50,10,90,-65.34084547574997,175.49463664516867,16641.0,40.0,5.0,7.0,10.0,0.0,2.25,8.2,20.6,3
237,33.159696969697116,37,15,62,-20.304381916109094,45.546174912539186,10063.0,40.0,5.0,7.0,10.0,0.0,1.55,6.6,13.17,3
238,31.81393939393954,39,17,91,69.14327217793695,64.06032068264301,557.0,40.0,5.0,7.0,10.0,0.0,2.28,7.04,4.06,3
239,33.489696969697114,49,16,77,-32.27517245543398,138.66875004515055,12212.0,40.0,5.0,7.0,10.0,0.0,1.93,8.47,16.18,3
240,32.205324675324825,76,15,25,-68.6914398237637,170.30977975426134,16707.0,40.0,5.0,7.0,10.0,0.0,0.63,12.45,21.88,3
241,33.820476190476334,73,20,84,-10.804544215747924,-28.659821327697443,11767.0,40.0,5.0,7.0,10.0,0.0,2.1,12.35,17.34,3
242,32.315324675324824,98,14,52,-74.81687000900104,-52.57995230213476,18072.0,40.0,5.0,7.0,10.0,0.0,1.3,15.68,24.73,3
243,34.181558441558586,58,18,85,31.379347361850805,-74.9843415101456,8792.0,40.0,5.0,7.0,10.0,0.0,2.13,9.96,13.42,3
244,32.53787878787894,33,10,14,-16.863502858666692,-168.44807037698274,12796.0,40.0,5.0,7.0,10.0,0.0,0.35,5.65,15.16,3
245,34.54696969696984,14,20,58,35.58188130359916,12.0272461542624,5313.0,40.0,5.0,7.0,10.0,0.0,1.45,3.5,7.15,3
246,32.64787878787894,67,13,21,-79.60301601793225,14.466151634731062,16785.0,40.0,5.0,7.0,10.0,0.0,0.52,10.96,21.33,3
247,34.795497835497976,19,10,75,-71.931229281642,90.1643685467356,15506.0,40.0,5.0,7.0,10.0,0.0,1.88,3.55,17.49,3
248,32.75787878787894,44,16,33,-56.571231407230464,64.28739299234144,13803.0,40.0,5.0,7.0,10.0,0.0,0.83,7.72,17.14,3
249,35.117619047619186,66,20,27,-38.77915383877523,-84.97243041927989,16649.0,40.0,5.0,7.0,10.0,0.0,0.68,11.3,21.37,3
250,32.977878787878936,63,12,45,38.53345359441778,-17.564001542175816,6277.0,40.0,5.0,7.0,10.0,0.0,1.13,10.29,10.73,3
251,35.2345021645023,43,13,75,-10.484294397714251,131.72020785697248,9690.0,40.0,5.0,7.0,10.0,0.0,1.88,7.36,13.2,3
252,33.269696969697115,60,13,22,12.071998735419584,20.02094825162945,7375.0,40.0,5.0,7.0,10.0,0.0,0.55,9.91,11.5,3
253,35.55662337662351,94,13,68,12.319116853889597,144.16681108571663,7791.0,40.0,5.0,7.0,10.0,0.0,1.7,15.01,14.31,3
254,33.379696969697115,73,17,39,-81.31225051736433,-114.47462344713279,18420.0,40.0,5.0,7.0,10.0,0.0,0.98,12.14,23.57,3
255,35.84844155844169,32,19,17,-69.05202214578574,41.433114965835614,15390.0,40.0,5.0,7.0,10.0,0.0,0.43,6.13,17.97,3
256,33.59969696969711,72,14,68,-43.292845163243555,8.35487282934318,13548.0,40.0,5.0,7.0,10.0,0.0,1.7,11.78,18.77,3
257,35.95844155844169,76,17,46,62.23152332849506,60.98951014455275,920.0,40.0,5.0,7.0,10.0,0.0,1.15,12.59,6.3,3
258,33.930476190476334,48,13,76,-86.01406582050107,-18.47077287541066,17484.0,40.0,5.0,7.0,10.0,0.0,1.9,8.11,21.3,3
259,36.20264069264083,23,14,64,32.255896783307875,-3.6255284563316934,6313.0,40.0,5.0,7.0,10.0,0.0,1.6,4.43,8.57,3
260,34.291558441558585,30,10,60,14.410330410030895,-62.544340719073105,10351.0,40.0,5.0,7.0,10.0,0.0,1.5,5.2,12.88,3
261,36.52476190476204,67,18,39,11.127672458359896,-163.68698870289938,10074.0,40.0,5.0,7.0,10.0,0.0,0.98,11.31,14.89,3
262,34.65696969696984,55,15,49,-57.77945227975845,167.81154659189997,15754.0,40.0,5.0,7.0,10.0,0.0,1.23,9.3,19.84,3
263,36.744761904762036,31,19,49,25.426258347649025,105.94725337949029,5063.0,40.0,5.0,7.0,10.0,0.0,1.23,5.98,7.82,3
264,34.905497835497975,68,11,92,45.23547735204764,1.8275448347482666,4827.0,40.0,5.0,7.0,10.0,0.0,2.3,10.97,9.91,3
265,36.97597402597416,62,12,53,35.24806165678274,-147.64250599015492,8029.0,40.0,5.0,7.0,10.0,0.0,1.33,10.14,12.48,3
266,35.3445021645023,55,18,65,29.53952344360134,161.28273323322435,6777.0,40.0,5.0,7.0,10.0,0.0,1.63,9.51,11.07,3
267,37.20541125541139,26,14,61,86.10777251252622,3.330614666026463,2440.0,40.0,5.0,7.0,10.0,0.0,1.53,4.88,4.85,3
268,35.66662337662351,41,18,99,-33.01775376449038,147.85943085350664,12617.0,40.0,5.0,7.0,10.0,0.0,2.47,7.41,16.32,3
269,37.46692640692654,60,11,53,14.924264348335228,30.507854523583518,6693.0,40.0,5.0,7.0,10.0,0.0,1.33,9.77,11.0,3
270,36.09264069264083,26,19,75,48.71466517800749,22.72052667090145,3612.0,40.0,5.0,7.0,10.0,0.0,1.88,5.23,6.27,3
271,37.69636363636377,71,13,28,40.0940570096528,-71.495650004568,7780.0,40.0,5.0,7.0,10.0,0.0,0.7,11.56,12.61,3
272,36.41476190476204,84,14,43,21.928948176908875,146.56597409180273,6910.0,40.0,5.0,7.0,10.0,0.0,1.08,13.58,12.67,3
273,37.817575757575895,45,11,69,-29.38192012566254,-77.44651219032036,15464.0,40.0,5.0,7.0,10.0,0.0,1.73,7.52,18.99,3
274,36.63476190476204,10,18,54,34.126794961047295,-133.36946730302625,8466.0,40.0,5.0,7.0,10.0,0.0,1.35,2.76,9.98,3
275,38.1162770562772,19,10,13,82.28942035862426,-75.7856888787809,3314.0,40.0,5.0,7.0,10.0,0.0,0.33,3.55,4.83,3
276,36.86597402597416,85,15,14,-33.10037262491154,-141.9495241772736,15480.0,40.0,5.0,7.0,10.0,0.0,0.35,13.8,21.11,3
277,38.2262770562772,84,17,48,50.97613996776943,-114.18413556390522,6840.0,40.0,5.0,7.0,10.0,0.0,1.2,13.79,12.72,3
278,36.97597402597416,63,18,66,84.36649471247762,-103.48877202336735,3158.0,40.0,5.0,7.0,10.0,0.0,1.65,10.71,7.94,3
279,38.4462770562772,65,12,12,-83.0565696552065,-151.47901253483104,17923.0,40.0,5.0,7.0,10.0,0.0,0.3,10.59,22.25,3
280,37.31541125541139,75,11,88,-37.75114258477764,-108.94196765487698,16719.0,40.0,5.0,7.0,10.0,0.0,2.2,12.02,22.19,3
281,38.556277056277196,11,15,92,-80.52741521050419,71.73177682083875,16432.0,40.0,5.0,7.0,10.0,0.0,2.3,2.7,18.2,3
282,37.69636363636377,20,16,66,-58.80694687887575,48.59957324859215,14200.0,40.0,5.0,7.0,10.0,0.0,1.65,4.12,16.34,3
283,38.979740259740396,40,16,68,-34.49960851400438,88.1754804436145,11353.0,40.0,5.0,7.0,10.0,0.0,1.7,7.12,14.71,3
284,37.98207792207806,98,10,49,27.357460839057893,-91.1948312621838,9447.0,40.0,5.0,7.0,10.0,0.0,1.23,15.4,15.98,3
285,39.35991341991355,45,16,82,63.12477361786577,-54.79793997340151,5006.0,40.0,5.0,7.0,10.0,0.0,2.05,7.87,8.77,3
286,38.2262770562772,62,16,10,51.48184185849735,-108.11732464181989,6809.0,40.0,5.0,7.0,10.0,0.0,0.25,10.42,11.05,3
287,39.712337662337795,85,13,53,28.102644013625962,27.929856244195776,5415.0,40.0,5.0,7.0,10.0,0.0,1.33,13.66,11.28,3
288,38.3362770562772,91,13,58,-43.82019101339358,-24.787005457449453,14888.0,40.0,5.0,7.0,10.0,0.0,1.45,14.56,21.15,3
289,39.99116883116896,89,16,88,30.228984732864532,-93.57274487944507,9146.0,40.0,5.0,7.0,10.0,0.0,2.2,14.47,15.59,3
290,38.666277056277195,32,10,47,51.68183874150506,-168.0330331811769,5743.0,40.0,5.0,7.0,10.0,0.0,1.18,5.5,8.3,3
291,40.369567099567234,52,20,63,-9.094948615600273,-156.1753239694504,12471.0,40.0,5.0,7.0,10.0,0.0,1.58,9.2,16.63,3
292,38.8697402597404,49,13,63,13.189925035335548,73.15755577492888,6013.0,40.0,5.0,7.0,10.0,0.0,1.58,8.26,9.79,3
293,40.63974025974039,95,19,96,-46.85888310279339,108.55347091075845,12969.0,40.0,5.0,7.0,10.0,0.0,2.4,15.58,19.92,3
294,39.139913419913555,42,14,12,7.68572319396668,-49.88095447544123,10674.0,40.0,5.0,7.0,10.0,0.0,0.3,7.28,13.68,3
295,41.055324675324805,65,13,86,40.874427655799195,61.17062388312797,3077.0,40.0,5.0,7.0,10.0,0.0,2.15,10.66,7.99,3
296,39.249913419913554,11,17,35,-38.75024773888965,-80.20322370549022,16535.0,40.0,5.0,7.0,10.0,0.0,0.88,2.84,17.94,3
297,41.42761904761918,59,18,56,-8.986699792883371,-148.80626879064368,12717.0,40.0,5.0,7.0,10.0,0.0,1.4,10.11,17.18,3
298,39.46991341991355,31,14,95,-36.90206991236716,-90.65919494969224,16547.0,40.0,5.0,7.0,10.0,0.0,2.38,5.63,19.51,3
299,41.67614718614732,98,15,42,6.8735600801879855,51.05926476424338,6982.0,40.0,5.0,7.0,10.0,0.0,1.05,15.75,13.6,3
300,39.881168831168964,89,17,45,25.6188821087906,-100.91506524533322,9688.0,40.0,5.0,7.0,10.0,0.0,1.13,14.54,15.84,3
301,41.950649350649485,59,17,62,39.47542275317289,-78.09487631915414,7958.0,40.0,5.0,7.0,10.0,0.0,1.55,10.04,12.44,3
302,40.10116883116896,93,20,85,-72.44537466674207,-51.08373533790524,18000.0,40.0,5.0,7.0,10.0,0.0,2.13,15.35,24.78,3
303,42.21649350649364,58,18,42,58.619943353752774,-55.695529648156295,5485.0,40.0,5.0,7.0,10.0,0.0,1.05,9.96,9.78,3
304,40.479567099567234,30,20,89,59.7141502752624,-172.47860596979604,4827.0,40.0,5.0,7.0,10.0,0.0,2.23,5.9,7.86,3
305,42.43649350649364,39,19,34,-10.95660729907246,64.97639726181262,8743.0,40.0,5.0,7.0,10.0,0.0,0.85,7.18,11.87,3
306,40.864848484848615,20,12,85,43.582158959929416,-6.923526298757082,5351.0,40.0,5.0,7.0,10.0,0.0,2.13,3.84,7.53,3
307,42.58367965367979,88,18,29,-49.14275849853174,-155.94502222308034,16498.0,40.0,5.0,7.0,10.0,0.0,0.73,14.46,22.5,3
308,41.23281385281398,61,10,77,-76.36163175813704,-101.7829286696115,18997.0,40.0,5.0,7.0,10.0,0.0,1.93,9.85,23.52,3
309,42.80367965367979,17,19,89,-56.369115338058904,4.644473351158354,14958.0,40.0,5.0,7.0,10.0,0.0,2.23,3.88,17.18,3
310,41.56614718614732,64,10,64,-78.60902450087265,66.27088877159443,16230.0,40.0,5.0,7.0,10.0,0.0,1.6,10.3,20.83,3
311,43.188961038961175,65,20,24,52.08996975109875,149.6909515260851,4136.0,40.0,5.0,7.0,10.0,0.0,0.6,11.15,8.78,3
312,41.840649350649485,25,20,46,77.93102454153029,157.04726117331546,2645.0,40.0,5.0,7.0,10.0,0.0,1.15,5.15,5.05,3
313,43.298961038961174,63,10,71,-19.38885926787205,-179.3203118327704,12595.0,40.0,5.0,7.0,10.0,0.0,1.78,10.15,17.19,3
314,42.060649350649484,21,12,45,-38.65081428724746,90.47738559794101,11831.0,40.0,5.0,7.0,10.0,0.0,1.13,3.99,13.77,3
315,43.634069264069396,57,16,11,-24.825969633672443,-148.8327543945869,14381.0,40.0,5.0,7.0,10.0,0.0,0.27,9.67,18.33,3
316,42.32649350649364,67,20,64,65.50371057771434,179.8126289555687,4075.0,40.0,5.0,7.0,10.0,0.0,1.6,11.45,9.14,3
317,43.744069264069395,23,16,20,-61.67546205078526,-86.88837072762735,19014.0,40.0,5.0,7.0,10.0,0.0,0.5,4.57,20.99,3
318,42.69367965367979,41,18,81,71.15805304764689,-55.52984586610283,4216.0,40.0,5.0,7.0,10.0,0.0,2.03,7.41,7.79,3
319,43.854069264069395,79,12,64,61.95420357082159,-152.68819440149247,5112.0,40.0,5.0,7.0,10.0,0.0,1.6,12.69,10.67,3
320,43.04177489177503,79,16,59,89.06523339863998,13.179372120905498,2487.0,40.0,5.0,7.0,10.0,0.0,1.48,12.97,8.12,3
321,44.18406926406939,10,19,91,-61.66334389031719,-120.0874543697614,19010.0,40.0,5.0,7.0,10.0,0.0,2.28,2.83,20.83,3
322,43.298961038961174,40,20,52,-48.78576956505953,108.54550267166724,13177.0,40.0,5.0,7.0,10.0,0.0,1.3,7.4,16.53,3
323,44.575454545454676,13,19,48,29.80939716194274,15.531010608153252,5738.0,40.0,5.0,7.0,10.0,0.0,1.2,3.28,7.41,3
324,43.5240692640694,83,17,53,26.12071895716352,169.88904911468563,7484.0,40.0,5.0,7.0,10.0,0.0,1.33,13.64,13.34,3
325,44.79800865800879,63,17,74,11.883740252556763,-18.88718316779699,9023.0,40.0,5.0,7.0,10.0,0.0,1.85,10.64,13.83,3
326,43.854069264069395,31,12,15,62.06324717085968,-32.68043026244001,4557.0,40.0,5.0,7.0,10.0,0.0,0.38,5.49,6.87,3
327,45.118354978355114,99,10,35,59.704878467600565,178.61751075547772,4552.0,40.0,5.0,7.0,10.0,0.0,0.88,15.55,11.04,3
328,43.964069264069394,90,15,10,-25.442222920850483,103.56075383642127,10547.0,40.0,5.0,7.0,10.0,0.0,0.25,14.55,16.44,3
329,45.26987012987026,35,17,94,65.15933811672326,58.20694178888502,851.0,40.0,5.0,7.0,10.0,0.0,2.35,6.44,4.13,3
330,44.074069264069394,35,11,13,82.66270284933267,82.33005645417182,1722.0,40.0,5.0,7.0,10.0,0.0,0.33,6.02,4.23,3
331,45.67601731601745,35,19,41,66.2133628918462,4.902205033625734,2976.0,40.0,5.0,7.0,10.0,0.0,1.02,6.58,5.91,3
332,44.18406926406939,21,14,15,-10.060646672238832,3.1215357008987894,10341.0,40.0,5.0,7.0,10.0,0.0,0.38,4.13,12.11,3
333,45.89601731601745,38,17,96,-43.3584471770316,-157.2771316994779,15905.0,40.0,5.0,7.0,10.0,0.0,2.4,6.89,19.38,3
334,44.29406926406939,37,15,91,-81.16023982512621,145.46502103770376,16994.0,40.0,5.0,7.0,10.0,0.0,2.28,6.6,20.32,3
335,46.39129870129884,99,18,63,41.60687951240021,108.7121608970819,3445.0,40.0,5.0,7.0,10.0,0.0,1.58,16.11,10.36,3
336,44.68800865800879,23,14,72,-62.70707677022354,-177.20367553424532,16717.0,40.0,5.0,7.0,10.0,0.0,1.8,4.43,19.03,3
337,46.661471861471995,40,13,49,-61.79549349050074,-130.07507262277986,18619.0,40.0,5.0,7.0,10.0,0.0,1.23,6.91,21.75,3
338,44.99714285714299,22,16,78,39.52289065303785,28.24503069197496,4253.0,40.0,5.0,7.0,10.0,0.0,1.95,4.42,6.61,3
339,46.873593073593206,97,12,24,-45.64277883056415,-45.391478339301614,15941.0,40.0,5.0,7.0,10.0,0.0,0.6,15.39,22.28,3
340,45.37987012987026,68,11,19,54.95515699656548,153.87975694191874,4060.0,40.0,5.0,7.0,10.0,0.0,0.48,10.97,8.59,3
341,46.983593073593205,17,18,67,55.845366885892446,-168.5809459462362,5315.0,40.0,5.0,7.0,10.0,0.0,1.68,3.81,7.34,3
342,45.48987012987026,45,18,50,-21.82793508981797,-84.40959809517597,14793.0,40.0,5.0,7.0,10.0,0.0,1.25,8.01,18.37,3
343,47.2736363636365,47,18,32,-85.46089350784045,-4.723841729781725,17361.0,40.0,5.0,7.0,10.0,0.0,0.8,8.31,20.93,3
344,45.78601731601745,88,13,76,26.381375404084423,71.80406999752432,4553.0,40.0,5.0,7.0,10.0,0.0,1.9,14.11,10.77,3
345,47.4936363636365,95,15,23,73.22513575239097,154.74386972744702,2789.0,40.0,5.0,7.0,10.0,0.0,0.58,15.3,9.08,3
346,46.11246753246767,78,13,39,-13.987942330175898,-119.7623348538429,13975.0,40.0,5.0,7.0,10.0,0.0,0.98,12.61,19.31,3
347,47.6036363636365,69,10,56,79.67212304937553,52.214485003476966,1555.0,40.0,5.0,7.0,10.0,0.0,1.4,11.05,6.4,3
348,46.28129870129884,12,10,51,-29.124774663118885,-100.58109279026121,15774.0,40.0,5.0,7.0,10.0,0.0,1.27,2.5,17.16,3
349,47.84606060606074,31,11,70,-62.50046910204456,171.4955170958699,16282.0,40.0,5.0,7.0,10.0,0.0,1.75,5.42,18.98,3
350,46.501298701298836,53,12,89,49.79702741985895,82.50336757235209,1966.0,40.0,5.0,7.0,10.0,0.0,2.23,8.79,6.15,3
351,48.14653679653693,27,15,59,-39.34290780491938,-139.6086913348998,16202.0,40.0,5.0,7.0,10.0,0.0,1.48,5.1,18.69,3
352,46.983593073593205,24,11,80,18.038981463246103,133.15532697210602,6758.0,40.0,5.0,7.0,10.0,0.0,2.0,4.37,9.11,3
353,48.39939393939407,55,15,64,-89.93102783541318,-68.04679080087377,17489.0,40.0,5.0,7.0,10.0,0.0,1.6,9.3,21.69,3
354,47.3836363636365,67,20,47,83.31259133169121,74.40370189279727,1789.0,40.0,5.0,7.0,10.0,0.0,1.18,11.45,6.72,3
355,48.67645021645035,75,20,22,-35.80766415467252,-25.138057199712023,14132.0,40.0,5.0,7.0,10.0,0.0,0.55,12.65,19.36,3
356,47.6036363636365,79,15,80,35.74471980485713,-54.706356821929845,7855.0,40.0,5.0,7.0,10.0,0.0,2.0,12.9,13.62,3
357,48.78645021645035,92,13,69,28.332898104333964,172.0354954833918,7350.0,40.0,5.0,7.0,10.0,0.0,1.73,14.71,13.75,3
358,47.95606060606074,95,18,54,39.56851615710454,-154.81284050338326,7378.0,40.0,5.0,7.0,10.0,0.0,1.35,15.51,13.99,3
359,49.085151515151644,42,13,86,-35.20721665059296,-170.97162637212836,14536.0,40.0,5.0,7.0,10.0,0.0,2.15,7.21,18.07,3
360,48.25653679653693,27,15,98,55.426269733103,41.483182195256035,2237.0,40.0,5.0,7.0,10.0,0.0,2.45,5.1,5.01,3
361,49.45744588744601,78,20,57,5.524225008661887,2.0299423840268673,8779.0,40.0,5.0,7.0,10.0,0.0,1.42,13.1,14.45,3
362,48.78645021645035,91,19,40,-22.2863082529756,-125.46277674106365,14786.0,40.0,5.0,7.0,10.0,0.0,1.0,14.98,21.08,3
363,49.70164502164515,75,19,33,-1.7143758336662103,-72.84661927975829,12358.0,40.0,5.0,7.0,10.0,0.0,0.83,12.58,17.64,3
364,48.95961038961052,76,15,75,22.86630859411048,-140.92591274629154,9527.0,40.0,5.0,7.0,10.0,0.0,1.88,12.45,15.07,3
365,49.844502164502295,85,13,56,-58.28163285482083,124.29884260099237,14494.0,40.0,5.0,7.0,10.0,0.0,1.4,13.66,20.38,3
366,49.28428571428584,62,15,53,24.476624911744793,124.85524359285955,5776.0,40.0,5.0,7.0,10.0,0.0,1.33,10.35,10.32,3
367,50.08437229437242,49,20,80,0.6146787946015309,3.444194315623861,9226.0,40.0,5.0,7.0,10.0,0.0,2.0,8.75,13.33,3
368,49.56744588744601,62,17,89,14.253209929058443,-142.68774479876427,10412.0,40.0,5.0,7.0,10.0,0.0,2.23,10.49,15.28,3
369,50.42813852813865,12,14,38,74.1506347284101,-138.69859192278946,4092.0,40.0,5.0,7.0,10.0,0.0,0.95,2.78,5.49,3
370,49.954502164502294,78,16,54,-81.15340952682607,95.77426429904017,16539.0,40.0,5.0,7.0,10.0,0.0,1.35,12.82,22.07,3
371,50.64813852813865,61,20,93,-56.72939266891289,-171.73941594749567,16473.0,40.0,5.0,7.0,10.0,0.0,2.33,10.55,21.39,3
372,50.19437229437242,44,12,71,33.08478524858745,47.13754558143765,4248.0,40.0,5.0,7.0,10.0,0.0,1.78,7.44,7.76,3
373,51.08281385281398,22,18,13,35.349453562514384,-74.49635228321618,8350.0,40.0,5.0,7.0,10.0,0.0,0.33,4.56,10.27,3
374,50.53813852813865,19,15,15,-26.988147829883417,2.267766623534044,12116.0,40.0,5.0,7.0,10.0,0.0,0.38,3.9,13.79,3
375,51.19281385281398,27,19,86,-64.5641364037461,-65.21968781327938,18283.0,40.0,5.0,7.0,10.0,0.0,2.15,5.38,21.08,3
376,50.64813852813865,64,15,75,85.94028390529616,9.755600021617141,2388.0,40.0,5.0,7.0,10.0,0.0,1.88,10.65,7.21,3
377,51.56255411255424,10,16,45,-68.79942613554425,-178.56881841192464,17077.0,40.0,5.0,7.0,10.0,0.0,1.13,2.62,18.46,3
378,50.97281385281398,73,16,58,-42.8781339054632,71.27311287771408,12251.0,40.0,5.0,7.0,10.0,0.0,1.45,12.07,17.51,3
379,51.78255411255424,64,20,23,79.407096706192,124.40030653765399,1937.0,40.0,5.0,7.0,10.0,0.0,0.58,11.0,6.51,3
380,51.302813852813976,40,18,83,14.983723923657251,-165.23219567141044,9614.0,40.0,5.0,7.0,10.0,0.0,2.08,7.26,13.14,3
381,51.89255411255424,78,20,34,20.149958546398267,-65.40151941231716,9807.0,40.0,5.0,7.0,10.0,0.0,0.85,13.1,15.3,3
382,51.67255411255424,23,11,49,66.2885416199872,-160.83505390556869,4504.0,40.0,5.0,7.0,10.0,0.0,1.23,4.22,6.56,3
383,52.039740259740384,69,19,40,-2.4637585123692816,51.7454280975241,7990.0,40.0,5.0,7.0,10.0,0.0,1.0,11.68,12.96,3
384,51.89255411255424,49,16,55,-31.92629469314037,-64.35492434491015,15339.0,40.0,5.0,7.0,10.0,0.0,1.38,8.47,19.14,3
385,52.25974025974038,79,13,77,33.46784507834795,75.9567439802417,3754.0,40.0,5.0,7.0,10.0,0.0,1.93,12.76,9.44,3
386,52.14974025974038,35,16,34,64.47685159901451,-133.3236833441597,5178.0,40.0,5.0,7.0,10.0,0.0,0.85,6.37,7.98,3
387,52.5905194805196,51,15,36,33.02116589202875,-83.71097878842575,8744.0,40.0,5.0,7.0,10.0,0.0,0.9,8.7,12.49,3
388,52.36974025974038,63,17,64,-45.72694811258678,-35.46464409555952,15522.0,40.0,5.0,7.0,10.0,0.0,1.6,10.64,20.26,3
389,52.8105194805196,90,17,66,64.11027327386873,-175.2442902841113,4340.0,40.0,5.0,7.0,10.0,0.0,1.65,14.69,10.71,3
390,52.7005194805196,36,16,77,-11.537527416788123,-81.10069782462045,13605.0,40.0,5.0,7.0,10.0,0.0,1.93,6.52,16.79,3
391,53.14129870129882,23,10,81,11.599388577173784,-155.84216606622618,10300.0,40.0,5.0,7.0,10.0,0.0,2.03,4.15,12.57,3
392,53.03129870129882,82,15,18,-71.33484821223159,95.04449410978913,15469.0,40.0,5.0,7.0,10.0,0.0,0.45,13.35,20.94,3
393,53.580303030303156,51,16,85,-26.16525355033294,-55.27365483349175,14418.0,40.0,5.0,7.0,10.0,0.0,2.13,8.77,18.57,3
394,53.14129870129882,75,17,43,-78.53092153932093,-164.0240569143983,17823.0,40.0,5.0,7.0,10.0,0.0,1.08,12.44,23.12,3
395,53.94571428571441,30,20,15,-52.973911109461355,21.9089809099101,14117.0,40.0,5.0,7.0,10.0,0.0,0.38,5.9,16.59,3
396,53.32744588744601,38,13,33,5.403716703818901,-120.14785585420644,11830.0,40.0,5.0,7.0,10.0,0.0,0.83,6.61,14.72,3
397,54.05571428571441,98,14,24,44.512070299141556,89.7157161819523,2642.0,40.0,5.0,7.0,10.0,0.0,0.6,15.68,9.09,3
398,53.47030303030316,50,18,39,36.46420736372856,-47.12326414166375,7556.0,40.0,5.0,7.0,10.0,0.0,0.98,8.76,11.35,3
399,54.16571428571441,90,20,31,56.6839982046242,128.27231812251495,2840.0,40.0,5.0,7.0,10.0,0.0,0.78,14.9,9.03,3
400,53.690303030303156,78,20,32,-47.769033574542284,102.04166018975121,12966.0,40.0,5.0,7.0,10.0,0.0,0.8,13.1,18.45,3
