TaskFileSize,TaskOutputFileSize,TaskFileLength,UserLatitude,UserLongitude,DataCenterID
85,20,18,-81.89765706,161.4646068,3
15,12,32,-9.984804946,-97.54879466,3
23,10,51,-45.31494915,39.92715707,4
99,18,37,67.63216061,6.64775342,3
62,13,84,29.6032206,141.1436599,5
35,16,67,-87.85516802,164.7491499,4
60,16,76,80.78410228,101.4440395,3
71,17,20,-65.91079647,87.0777088,5
95,12,87,63.23874977,-111.7756671,5
58,19,86,-79.29927478,24.63350414,4
41,15,27,-5.383386647,74.75684406,3
30,10,62,0.398730635,-80.76567548,3
94,11,77,-69.85491714,-52.31298087,5
98,18,82,82.45214784,128.1066249,4
53,13,55,62.39864509,-0.111675413,5
95,15,17,-42.63451017,-20.91652816,4
99,10,81,-30.75082217,-24.84132555,3
33,12,79,-5.122645021,-127.4468584,5
67,12,77,-31.01726003,163.8158065,4
70,12,63,44.68078314,92.40994842,3
100,10,66,-35.45132397,-148.1118645,3
57,11,44,34.01704684,-117.1044471,5
64,16,56,-59.38101453,-56.20235219,5
37,19,90,-24.02693383,-21.14691322,4
99,13,28,23.73186014,131.5719082,5
85,20,64,37.23247015,-59.84797301,3
50,20,33,68.05767628,-28.02761148,4
61,11,42,54.4093501,159.3321564,3
36,19,44,-36.30670088,118.7314951,5
76,17,78,-29.69568713,-138.3339841,4
92,15,63,-27.86767245,159.0311067,4
55,14,37,-43.19356914,-68.0325736,3
53,13,82,56.47496381,-66.04691384,3
28,17,86,67.46130189,-128.4351417,5
15,13,50,-6.323772648,-93.80501647,5
58,11,14,-81.30546443,-51.21512663,4
78,10,19,67.18652897,-1.295194159,3
12,13,11,-9.374984071,13.04936887,3
81,10,29,23.75172274,-137.239433,5
35,17,27,-15.67212404,158.6540821,4
99,16,41,73.73968419,-112.6035316,3
24,11,15,-5.223711218,-16.09455888,3
100,12,37,76.465234,103.1381261,5
93,13,72,27.42597513,-37.30712555,4
46,10,11,-66.44038238,5.91110435,3
48,12,41,52.96080126,-161.7375425,4
72,20,56,53.18379357,-100.0121744,3
71,17,72,35.20270073,91.96694965,5
43,10,16,61.98595915,-10.78403282,4
34,14,82,6.667214449,176.5032212,4
46,13,81,0.846445424,-23.51962343,3
71,15,78,-64.81327994,58.5788271,5
41,19,79,57.30017759,-133.0998014,5
25,19,35,-33.64556996,-81.67444589,4
45,11,15,10.59790251,-5.380756162,5
25,20,40,-22.55711341,-169.0208094,3
84,17,41,9.470126399,-12.04702579,4
29,15,39,-12.65431957,-46.17015216,5
71,14,97,39.5669744,-75.9035568,3
91,17,14,-29.86777171,-110.754317,3
76,14,100,88.67490686,-102.2796661,4
45,12,68,42.07457444,79.62771271,5
99,14,86,43.78983943,113.1674542,3
61,15,45,-27.40064769,-40.29355507,4
17,10,58,-74.69327262,1.794486412,5
72,17,35,-32.83505575,34.95071995,3
67,10,10,-29.45382014,128.1098589,4
51,14,76,69.41718089,-47.07207097,4
96,17,54,67.51540737,-21.4741657,5
39,20,53,50.83790305,-111.4745189,3
72,13,51,66.46505383,11.64393041,5
66,10,63,86.26332476,-49.71421498,4
90,12,61,-34.85527542,-36.48615817,3
54,20,41,-24.64546409,40.08236376,4
77,20,37,-13.20730372,9.161777825,3
75,17,53,77.99117499,56.55010443,5
15,14,67,54.4048605,-46.67983804,4
19,20,32,60.26968232,168.9773758,4
86,12,14,-25.86161979,-179.9706025,5
11,12,72,-54.39237614,-2.464694787,3
11,18,22,-79.87462465,-36.92934983,4
82,14,10,-7.456527252,157.0803735,4
30,11,99,-48.95822981,-113.289547,5
11,13,42,-50.86490537,-114.0226118,3
28,16,58,0.56760627,5.31704532,3
64,15,23,-13.96686349,55.3393383,4
47,11,97,-35.01688696,-89.36020862,5
82,11,29,71.28949146,-5.555125162,5
13,15,23,-45.82093357,-0.983668044,3
20,16,24,46.43744769,-107.748487,5
40,17,13,69.50782771,-109.3176093,5
63,18,47,37.80747515,1.269045602,4
46,12,48,69.48209497,29.62033594,3
61,20,36,28.18499261,-140.2232401,5
23,20,30,51.99305634,-75.58667664,4
12,19,40,-18.68521183,-87.0724499,3
58,16,44,-27.91649862,-115.3400594,4
55,12,78,-45.82091581,113.7925007,3
76,19,24,85.86230093,45.87941901,3
76,12,12,-12.47277281,5.576850899,3
74,11,58,48.95756896,40.24066452,5
65,15,98,56.82203217,132.3324389,4
65,18,20,-35.13882243,9.887073733,3
99,11,70,25.4739563,-4.779709143,5
100,14,38,-27.57751654,144.6945848,4
73,14,38,44.32319901,-124.3574996,4
79,11,34,70.47682158,2.232788538,3
46,16,42,31.31847791,-176.549753,5
72,12,73,-52.07344617,56.9033963,3
90,14,46,35.89638098,117.2337739,5
98,12,42,70.05413796,91.66002336,3
30,18,12,-2.421502011,149.8844314,5
51,15,85,-30.0149151,9.470337973,5
48,14,46,47.35041674,-41.08840298,4
99,17,56,-45.93854901,-39.63129938,3
89,19,23,-34.96174618,-38.33955079,5
84,15,64,-39.54376924,-106.8046616,5
100,17,84,26.18119211,137.1815655,4
17,19,57,81.7410066,76.21350035,4
74,12,31,77.09372291,161.6449229,3
67,15,23,-79.70094042,58.02515383,4
85,18,73,24.15782827,-170.6717168,3
78,19,41,85.02206984,-65.57258982,4
100,11,72,35.72519598,-114.8706749,3
27,13,77,17.80816595,-76.88671887,5
63,17,77,-78.96511652,-29.16623108,4
98,11,49,-10.37369308,-155.0225519,3
48,13,50,-61.91172743,-29.91616021,3
36,12,84,50.75360201,-165.8154217,5
56,10,97,2.986586603,38.6399696,5
59,20,93,-78.974391,-139.5471275,4
81,12,44,69.3812349,103.4816209,3
64,16,24,-34.00192536,74.25615706,5
15,15,61,-29.55798238,-71.44971063,4
47,19,88,-13.0773531,-39.03211,3
92,19,81,-14.83930945,81.24655099,5
29,19,16,80.11475479,10.37054184,5
51,17,54,27.24557145,-45.05933804,4
85,12,43,64.81571453,-42.42805169,5
62,15,27,46.17558139,113.9475434,3
24,11,30,-76.60276569,-115.4554101,4
86,14,24,-44.21641481,-126.8844316,5
54,10,89,-73.92336307,-76.7954527,3
85,14,91,46.68608329,-147.4461234,4
23,20,58,87.47183499,-68.1310121,5
28,20,90,-25.80071151,-116.4794551,3
99,17,21,84.48155067,122.0588355,4
11,14,14,-18.08449757,-162.7857745,4
52,20,31,41.14882042,-55.30809001,5
51,13,92,31.7719885,8.510827106,4
75,10,47,-21.21120692,88.11744412,3
51,20,13,0.07395173,-142.75829,5
70,16,96,-62.58798604,-69.25593343,3
85,12,50,-44.82461819,70.3518,4
91,14,77,14.48976834,179.9915389,5
20,16,85,35.19001158,174.6622193,5
60,16,54,-78.81713384,-146.824787,4
71,18,94,23.75140676,87.65423448,3
23,12,23,16.64306844,-101.6477826,3
77,19,60,44.66676009,76.4992188,4
98,17,76,70.81873919,141.2681767,5
91,11,51,-72.19631422,-23.02992457,3
62,12,57,43.82488637,-26.1278372,5
22,12,86,40.19211191,73.08838444,4
28,17,45,61.96583837,-131.8504013,5
22,12,92,40.36336298,-138.7572926,5
87,10,98,38.12661266,153.3587987,3
66,10,27,-28.89500816,56.83854456,5
99,19,74,57.09934657,109.8120426,3
18,18,68,-23.51354244,138.5327219,4
80,15,28,-87.92965076,154.2382728,5
64,12,63,56.37462809,-170.8581044,3
37,19,16,2.609524192,-167.392007,3
34,16,100,76.49725058,166.6917563,4
37,20,16,-84.85297603,-90.01377226,4
73,10,66,-73.17939703,24.84762003,5
92,18,82,-57.31281073,71.47900826,4
38,11,40,36.05038619,43.66174492,3
32,10,41,-14.67248923,-81.37129155,5
75,16,17,-23.8146838,31.3563309,4
92,18,21,46.23539732,-76.91509898,4
81,15,40,-24.38840227,22.49809522,3
37,17,22,76.06742169,-135.1721581,4
77,13,82,-65.3955262,139.0563631,3
84,11,66,-56.33890613,-105.2525419,5
77,11,73,24.32853298,-169.6725621,4
43,11,32,71.51117463,-109.9844509,3
98,15,65,79.12689958,-62.8589874,5
46,15,84,-34.98060504,-14.14215088,5
83,17,67,62.72432419,96.811799,4
74,12,71,-3.648723936,-161.272879,3
30,20,32,-83.84550439,-29.67872237,5
15,19,30,38.48498167,57.89002058,4
73,17,27,-46.06508951,75.89781936,3
50,15,42,31.49492153,119.4771581,5
31,18,40,-57.95531946,77.02875984,4
52,10,63,-63.98188161,-3.964929016,4
14,15,11,86.05791169,41.15411691,3
95,13,12,17.26091718,67.62821418,5
97,16,38,-65.48419986,-138.0731472,5
69,14,11,-72.7319125,-156.4414154,3
53,11,70,-68.91774309,-89.54024935,3
29,16,50,86.38378434,-23.84643821,3
34,20,23,-74.71372311,79.09861571,5
69,10,55,63.57018504,89.53923663,5
46,20,10,-55.74176905,172.4453206,3
95,13,14,-25.62708853,-64.73277716,5
29,18,41,-39.07800333,-158.2135644,5
22,15,46,5.569931874,41.9313531,4
84,15,15,-31.48650517,171.8369656,3
19,13,66,-33.32716227,-141.7214354,4
14,13,16,-5.880269398,-148.030308,4
98,20,46,30.22467359,-49.61165948,3
73,11,61,-52.63388831,148.6229604,3
46,11,67,86.26901666,-68.30509738,5
39,16,100,-72.75903768,60.47206795,4
87,14,31,61.42086873,125.8690399,5
31,16,39,63.85993098,-49.18083597,3
25,13,70,-57.66113252,147.0949138,5
49,12,63,-10.91906762,-21.59315238,4
79,14,75,33.94394241,-102.815531,3
24,16,69,-40.37138787,-18.06336979,5
42,18,54,-62.96711715,-159.3259189,3
78,14,50,29.38038469,-179.4973295,5
80,12,95,-87.22184055,138.8667836,4
31,18,49,29.36470488,156.6645771,3
29,13,68,-19.29936069,149.5996913,5
95,15,97,-77.0606591,-171.5804065,4
23,15,33,84.37710591,55.3063763,3
25,14,88,38.46235094,-88.80289961,3
61,17,66,83.23188585,115.8758956,5
87,16,91,-23.38771155,-143.6413599,4
52,16,33,-81.38515418,151.3319925,3
44,14,43,-43.28275622,149.6604959,5
51,11,40,20.49302157,-96.87354302,4
12,18,77,24.08858925,171.6504452,5
10,11,41,5.36418401,41.86822976,4
81,20,64,14.01672784,-59.93744405,4
57,16,44,-25.22735856,-45.72219432,3
90,19,65,-80.84263178,93.53504735,5
45,18,11,6.531944091,-127.666407,3
10,11,56,-89.64288165,117.3146937,3
90,17,35,-73.00848114,-125.1916822,5
45,16,57,17.03329452,73.09031099,4
59,11,14,17.96648958,-65.99228273,3
66,16,100,-73.72780779,-115.7527994,3
14,12,46,44.18343758,173.8631861,5
35,12,64,-68.02629361,108.2970652,5
97,14,50,40.72639751,117.910657,4
63,14,17,76.00327131,-104.7501631,3
72,16,90,-20.83298854,-66.64300421,4
65,16,76,32.93447221,-3.822001276,3
100,20,79,-44.57396653,-72.77793354,5
78,20,83,-18.42991524,30.49572679,3
59,14,79,-18.50235259,84.46853369,4
74,17,58,-4.866998364,7.173972528,5
70,18,66,-41.4091268,124.1022616,4
34,15,100,1.14432804,-53.84008026,5
87,13,64,-80.97738638,-12.02485321,3
58,19,59,-74.46701307,154.8693224,4
64,10,21,6.034653842,-69.85157984,5
39,16,58,51.84816042,88.13287397,5
12,15,78,-20.67525597,80.43345626,3
94,17,69,-60.25020349,-85.55531035,3
46,10,27,71.71569546,109.0027798,4
13,10,79,72.03827077,-149.3468727,4
12,16,63,62.14729002,17.32848298,5
46,19,52,-22.88681372,66.40819513,4
22,10,38,-4.977723467,128.792044,5
80,12,66,-81.5248981,-145.1585229,3
50,14,51,-61.1479213,34.24576198,4
90,14,92,-4.352363269,152.5325272,3
20,13,29,83.04103526,-1.768709766,4
29,15,48,-26.0004037,67.39456596,3
70,19,89,-30.87546296,-35.8959176,5
53,10,69,21.09318695,91.56401959,4
75,19,30,74.51371451,-137.3577269,4
89,16,31,-26.29170861,36.73456391,3
73,16,89,53.45530529,-150.0393854,3
40,10,90,-49.37578425,82.57784435,5
85,13,29,89.39521872,-97.46788575,3
48,10,56,-44.8084388,163.0517124,4
30,20,93,-17.87273187,131.4186208,5
31,19,31,32.22205734,-76.0603919,3
96,15,41,70.54493999,78.69080367,4
82,16,27,47.057335,35.60130255,5
67,16,38,-83.85444249,-66.62862718,3
89,17,56,17.63168707,65.61812281,4
72,14,11,64.16339792,3.712328662,5
42,15,29,49.54188319,-85.55395796,4
71,14,63,-26.72110908,-103.4932811,5
89,19,24,48.15439083,-10.52686204,4
82,10,16,53.3555596,-69.46342389,4
87,13,82,-80.77922262,-99.54856235,5
47,14,94,-82.1169561,-50.71684337,3
44,20,91,-18.14537271,-30.25364931,4
15,12,37,19.71550752,30.8434093,5
99,12,94,-46.05695324,69.85325055,3
82,10,79,-8.299500303,-6.637006944,3
89,18,21,38.44453002,-35.17431411,4
93,14,96,2.611997944,-157.0046606,5
85,16,11,48.57435185,-120.9076395,3
32,13,18,-10.66247678,-126.466147,3
88,15,11,-68.82231203,15.31836291,4
54,10,28,14.62896958,-82.24662394,4
85,17,17,-74.94040044,33.68993063,3
72,14,70,38.16624505,-59.67738947,4
46,10,68,-19.94941101,-86.19185315,5
79,10,53,2.03230948,91.33182838,3
67,20,12,85.10608988,-174.9506706,3
49,19,37,11.51207025,-88.70990928,4
80,19,73,18.88818368,154.3978527,5
32,10,16,77.6473115,-91.12567647,5
83,20,43,-69.54747389,48.10619005,4
77,18,39,50.12654944,25.14658338,3
21,20,91,-63.2027977,-78.6898277,5
55,12,36,68.47287835,61.21055556,4
67,15,90,-50.73141628,127.9740421,3
56,20,35,-62.8342511,156.4016833,5
47,12,17,-70.19498675,91.32334332,4
54,10,47,68.41460122,-5.333559451,5
64,17,85,6.409111355,-63.11013327,4
67,11,77,-0.710266422,-35.30670841,3
14,15,66,87.00476375,132.3045171,5
33,11,67,74.65816065,-14.44826872,4
28,19,78,53.06971652,139.093873,3
57,10,26,60.19369204,-119.50553,5
71,13,52,-23.66625827,-46.59443651,5
35,15,62,62.71698581,145.6851612,4
75,15,77,-27.24531152,160.0501678,3
61,16,16,32.07339683,96.91746565,5
100,19,11,-65.45358295,146.2149226,4
63,15,39,-29.21569862,-78.17224019,3
87,11,40,61.44467283,-97.21009031,5
47,10,15,-6.342122796,-47.62008988,3
36,12,35,19.84982221,84.54189816,5
21,10,79,0.992565546,-22.10927403,4
91,15,54,23.68592729,82.12875873,3
56,10,89,-8.902889568,-31.29721172,3
56,10,58,73.35473954,55.26612326,5
15,11,96,-45.25829646,-135.4478445,4
26,14,32,-21.96186979,-110.4584325,3
63,12,10,89.14768935,122.2155752,3
56,13,99,-53.08073931,143.2656885,5
23,18,18,29.43258923,-94.88271986,5
57,11,84,-25.81010992,-167.6340681,4
85,16,61,-64.22711631,-30.02982405,3
82,20,83,41.58948604,66.95138043,5
69,15,51,15.17858049,-2.331405762,4
80,16,41,-14.49778942,-136.8816642,5
81,15,81,41.69054525,-61.2772975,3
56,14,30,-52.46304942,-142.9876859,5
52,19,14,-83.84385608,67.2586493,5
57,17,49,33.80894945,-1.220777539,3
42,14,67,-28.02342881,-168.7083355,3
49,20,93,48.97280515,-101.1571825,4
92,11,15,-32.21533718,143.2146401,3
60,20,54,53.0919515,123.0368889,5
38,18,99,72.24199186,89.44325895,4
51,10,82,63.90175524,108.5578975,3
38,11,96,20.99983006,66.54543573,5
19,17,87,-81.78531829,161.8719256,4
91,17,24,-50.75480452,15.28938034,4
40,11,62,59.12920524,99.19783591,3
34,12,83,8.387651717,-52.11581346,5
60,10,54,17.89160953,23.63512853,4
31,11,60,-79.89343418,36.92103824,5
17,13,87,-57.14735938,-58.50316063,3
79,17,48,48.37090551,-9.02954252,4
76,14,23,49.47441789,151.2147444,5
63,20,83,-85.44796785,-105.8302941,3
51,20,32,42.3618686,74.20826376,5
45,18,52,-47.63127483,-124.2160604,5
15,10,64,6.853556453,170.7526051,3
77,17,84,-26.1064885,131.0302849,4
74,10,46,75.97020217,-28.66149051,5
40,10,50,64.03833336,21.67910832,4
96,14,78,66.82995615,-9.474913709,4
75,15,30,59.57623669,174.0898974,3
24,11,65,-17.00187051,120.6428512,5
14,11,93,0.768552833,-174.8151901,3
51,18,77,9.556055681,-7.007258098,3
43,16,10,65.77211085,-145.8058284,5
10,17,19,-74.68419419,117.5710303,3
33,15,14,60.15030308,-175.7370876,5
95,17,74,81.92130492,81.69330267,5
34,11,67,-39.83987924,36.75717838,5
67,17,76,-15.36100901,-20.32547921,4
56,11,25,16.16085651,-70.87222233,3
77,17,15,-72.60402395,47.90786164,3
63,18,90,78.47105819,-152.1148777,4
96,10,54,75.20907843,78.2154327,3
61,20,43,-43.47194328,-30.303943,5
19,11,88,-59.99231569,-151.4444134,4
81,13,49,-84.40511751,34.34347754,5
34,14,44,-36.92295236,85.05348059,5
18,14,23,41.48829996,23.41662912,4
26,18,12,-18.02189104,-94.15513967,5
77,16,10,69.75186157,75.93158692,5
99,19,95,29.80883237,138.2797534,3
69,19,87,-75.22304353,-158.2206988,4
97,20,48,34.72187391,51.01699364,5
46,16,81,16.26089689,44.9026187,5
25,12,76,19.32950064,171.18199,3
65,20,86,-55.84529237,102.8578645,3
24,18,94,-50.7325777,169.9546693,4
34,17,46,13.25800976,49.62522304,5
93,11,73,0.521603056,12.84368893,4
33,18,50,-41.41942396,-87.28884218,3
57,18,12,-28.62781746,144.2038742,5
93,13,43,-19.10048923,-159.3592079,5
20,16,36,48.7235663,-108.513492,4
97,14,20,-79.06350707,-95.29358761,3
17,10,11,-76.06442225,-169.8569642,5
66,19,34,58.99515088,61.01082552,4
11,13,10,-85.71808304,58.59696757,4
45,13,54,16.98557182,89.73450655,4
39,15,17,-1.225269961,2.753534074,3
29,11,47,-80.21207204,79.46938214,3
26,12,55,5.823059863,68.92824069,5
94,10,88,-8.973036348,18.29988139,3
56,10,28,-35.99167472,24.82918431,4
67,13,70,54.04111561,-67.24481084,5
85,11,50,25.75286473,-40.52323395,4
10,14,60,2.221869526,-23.56986723,3
96,17,71,22.04626073,-90.37224103,4
14,18,50,-40.26588193,-85.42533959,3
53,17,52,-15.41219447,80.94645681,3
59,17,98,47.27083913,54.79783085,5
47,17,54,-57.38294321,36.49485566,4
42,14,90,35.55054188,157.9554461,5
78,10,54,-36.07864947,-83.29026673,3
21,16,48,-15.08132344,164.9612268,4
94,20,94,58.73364699,-12.9563221,5
65,15,20,-4.774443517,69.68489147,3
35,10,43,-86.26642457,14.18841566,4
95,11,38,-29.99218615,-124.6179214,5
89,14,68,-39.01427517,-34.47445627,5
37,17,85,-86.85449892,-91.9970495,3
11,13,98,-15.81912577,-107.1689859,4
42,17,26,-76.29219602,49.83782164,3
76,16,44,-67.20965295,151.7009333,5
10,13,91,-52.76906922,26.00413467,3
79,14,34,88.88912659,127.9043359,3
50,20,75,78.98193903,-159.0066598,4
52,17,29,73.38851043,-2.569695396,3
18,19,73,7.199160819,-170.233963,5
84,20,11,-16.47149481,-111.6651059,4
11,10,93,63.74387095,-175.6838674,5
92,17,91,0.112324687,18.48367577,4
52,14,67,32.65994303,-90.15259331,4
78,16,34,68.87135155,-23.79935381,3
93,12,52,-1.795663366,161.0732921,5
59,19,63,-53.46459521,172.5530976,3
71,15,64,-10.65556784,99.4530031,5
88,19,34,17.38536506,-58.55590222,5
65,16,38,20.78278326,170.4592098,4
26,18,71,-54.41559399,-75.82785851,3
49,18,16,37.68949003,148.6582368,5
24,11,41,27.05667103,1.764064172,4
29,19,31,-7.251014297,64.4519,3
51,11,37,-35.08908894,-62.7721726,5
49,14,37,-10.79541146,41.44355184,5
93,19,84,-13.29165748,68.82831897,4
80,13,24,12.67571771,17.69871751,3
66,16,97,88.57465759,-112.7942193,3
43,20,35,0.797179708,-4.644392742,3
52,20,66,-32.93721284,42.20844931,5
62,12,87,-36.27044374,-40.84893645,4
84,18,10,-52.02534509,8.974437716,3
80,17,42,6.773128583,-50.17971891,4
43,10,51,81.37214179,-7.142544173,3
52,11,87,68.19699338,-165.8080499,4
32,18,74,-12.89604577,62.18405235,5
21,14,100,60.38755174,17.35789136,5
80,17,40,4.194641164,-114.0023243,3
96,20,13,-33.68048115,-95.43685628,3
19,18,80,-0.893993741,38.1571654,5
89,11,16,-37.24054575,90.24396843,5
80,20,30,72.03714653,10.98601756,3
69,16,89,-31.38839684,8.580488911,4
72,15,26,23.34537877,12.07399921,5
32,16,98,75.12686089,-119.7072473,3
27,15,53,-52.37246327,-66.28130255,4
44,18,13,-25.88409139,-135.4024231,4
39,20,31,-70.44644658,175.1855408,5
12,15,42,-7.725564913,-145.9855738,3
97,15,89,-3.071685327,-12.46342736,4
58,14,24,15.14841216,-171.7522851,5
54,12,95,52.47660663,-160.6153242,3
26,12,31,-86.23705659,-105.6865926,4
86,13,36,14.95923662,112.9149427,5
68,11,19,10.05957262,156.9527437,3
51,17,50,-1.087876592,-30.83285142,3
27,15,33,-80.84433351,-179.5746735,3
86,10,100,72.99683874,-102.3749064,5
71,12,28,88.08810946,10.94473781,4
53,10,67,-57.0555301,-153.3370846,5
45,13,60,12.20029525,-54.33047589,4
56,14,45,81.98266197,171.3747883,3
20,20,96,1.74545205,94.07640648,4
82,14,72,-14.4049058,129.496302,3
69,19,99,-4.413076818,159.4058639,5
90,10,68,74.35487525,-65.33740319,4
42,13,96,-14.0381769,103.4163094,3
94,14,49,38.93485463,-6.289813517,4
21,11,85,85.19411507,93.07200539,5
87,14,48,-64.22123389,96.53946417,3
49,14,39,-18.53191886,127.5350943,4
70,12,50,-34.10451178,78.57717481,5
81,15,91,-44.04873367,-125.4608368,5
48,18,53,9.799079182,41.3639485,3
96,19,98,-16.32639537,159.4587418,4
85,18,32,-48.60611823,34.69749423,3
69,14,35,30.26695172,162.6649366,5
24,13,58,-13.61225044,-39.25796656,4
71,10,18,-36.93168247,39.74066859,3
92,18,59,78.08171039,-113.6697629,5
15,13,11,72.74780835,10.66543162,4
17,18,95,-5.613384972,-101.8527288,3
15,16,47,7.955005437,-123.6657574,3
43,19,36,36.65309445,-51.2088974,5
87,14,18,-23.95614473,-146.4263651,5
81,19,69,41.43655763,-97.99308335,4
62,11,43,-41.34575193,134.0384532,3
99,15,52,44.89627221,73.61767583,4
87,18,86,35.59549937,-76.83379669,5
50,13,59,-73.22633921,-63.67000952,3
11,19,66,-25.65338814,74.55104891,3
27,15,47,-36.10099946,-15.96977527,4
25,17,82,79.72319155,-158.1288513,5
13,15,99,26.18310261,32.65284584,4
28,13,93,-41.95065699,141.6823888,5
66,13,32,-9.353571817,89.73075086,4
17,13,69,-1.011730288,-133.9878335,3
76,10,18,-10.55165301,-105.752762,5
59,16,67,84.3587657,-101.7119763,4
50,11,30,18.84478215,-43.74895172,4
95,20,56,-89.42484336,103.4252563,3
17,18,78,-30.93509844,48.18008456,5
96,18,41,-12.80024942,144.6350094,3
46,16,70,-69.14304314,-15.69440387,3
22,17,29,39.55247775,-53.26723427,4
84,12,78,-33.20219491,28.02030584,5
29,12,54,-83.54153433,39.32871358,3
36,17,61,-9.12023908,-26.02988557,5
54,20,85,32.03219071,61.41507961,4
98,16,25,-14.72307348,-172.9034505,3
30,13,45,-32.73574645,-167.3295785,5
82,14,77,15.66591008,71.78612234,4
36,16,64,-39.76791151,-6.087410189,3
27,19,32,13.29646667,-140.9547212,3
38,19,12,21.82085135,88.24372475,3
10,17,21,-37.52199641,124.0881371,3
67,15,66,-66.56584719,20.93938782,4
81,10,84,-17.44867995,18.58114587,5
13,12,15,28.74292842,-158.2742609,4
85,13,82,-86.7336477,-86.64416801,5
52,12,21,-81.4314954,174.7650019,5
25,13,16,31.72524452,17.84944179,5
71,19,88,-17.39081442,128.2291767,4
99,11,69,25.71365096,95.43894687,5
19,18,90,25.44767855,-74.31757869,3
37,14,79,-70.23807072,107.9318027,3
50,10,76,20.28302859,151.244507,4
42,10,51,65.6552879,11.55170029,5
16,10,77,2.716427437,96.06176339,3
81,10,57,-64.87742704,-114.1658925,4
38,14,11,79.49495425,40.19729898,3
43,18,35,-82.20538545,-81.04438419,4
40,17,71,76.21546001,-73.78042807,5
95,17,42,31.62012503,129.9632744,3
70,14,77,52.94410621,-73.08464637,4
21,10,12,66.60356877,55.71950837,4
12,10,13,33.12896959,-3.850282865,5
18,17,83,86.69075297,170.6244949,3
60,15,60,52.78574767,130.0753373,5
36,16,58,-21.79828247,-84.56765909,5
57,15,62,77.40372067,135.4689566,4
17,20,20,89.7595953,137.9927745,5
29,10,23,-39.05975587,92.03483394,5
51,18,70,-25.7693586,169.8094917,3
24,17,34,88.26935867,164.4439735,4
87,11,61,4.169087294,176.8017744,3
33,20,85,-59.18162243,7.193845609,4
43,13,55,67.14106487,87.54145355,5
44,20,62,-39.83441002,47.57335236,3
76,20,97,40.91959904,133.6219696,3
98,12,63,88.35929073,36.59569028,5
20,19,31,33.39931537,-83.66059846,3
61,11,28,69.94503012,142.8406143,5
97,11,79,49.50139519,178.0443718,5
29,13,95,-23.55505812,34.51994591,4
60,18,13,-14.1398898,137.0752459,5
22,13,26,79.65145648,-21.43618862,3
60,13,57,-14.60713341,133.1344168,4
10,15,100,2.413890062,-80.03946072,4
77,13,78,72.85396346,-119.7022902,3
59,17,78,-21.27259052,114.2777436,5
35,14,32,-84.86492585,-41.20599493,4
36,10,86,76.35028389,10.28328689,3
35,19,21,-60.27225406,32.56185962,5
55,19,29,-80.56509071,155.254733,3
93,14,51,82.42048854,-11.42005836,3
19,12,32,19.94587458,-74.59783554,4
82,13,78,-20.82432962,93.41470671,5
77,11,69,30.47102563,114.5921907,4
84,15,16,-66.41108253,178.7032985,5
64,17,88,81.99712632,117.6911908,5
11,20,32,-65.02761552,-20.47125268,5
95,13,68,-27.97576516,103.7905449,3
13,19,95,69.04549852,-15.06964572,4
77,13,19,39.22578278,83.92073781,5
25,18,13,88.96289721,172.2749632,5
97,15,67,24.00350935,92.67677693,3
23,17,35,74.43470181,-12.16601355,4
34,16,27,-16.26699936,-131.5292339,5
23,20,71,26.53120305,-133.9970157,4
38,20,15,35.58008406,-130.947441,5
13,20,76,6.065132408,137.3146519,3
55,20,32,52.93299287,-175.5800545,3
14,18,24,-52.29569535,-119.9303632,4
33,17,58,25.79375304,42.03818573,5
85,10,62,83.86020264,-163.0906461,3
46,16,58,-51.45944117,-161.4963392,4
40,16,91,20.12123237,26.74035278,5
28,14,25,-52.37721753,111.1486266,5
81,10,84,-55.01133044,-7.081931966,3
91,13,79,-67.53961887,67.63301406,4
16,10,62,33.0326067,-58.86910638,5
60,13,65,-30.40707379,-14.89898398,3
84,13,62,-52.29798397,171.390399,3
40,13,60,35.59545841,166.5904697,4
26,14,20,42.03754379,134.6015588,4
82,15,29,26.86998362,112.4140332,5
76,19,50,64.71771947,154.1888017,3
26,10,67,4.09713498,154.0564412,5
96,11,99,-14.28574858,75.04692225,5
99,13,34,0.291790606,49.74264426,4
40,11,32,-89.94949959,22.05076789,3
38,15,86,18.20639287,-140.178316,4
58,14,48,27.38964732,71.75066385,3
52,16,34,-71.18267639,-35.74998558,3
87,13,53,41.12909837,136.8767648,5
21,15,23,65.67295336,178.6268547,4
85,11,41,-51.58618809,-41.76721993,5
50,19,88,60.1123884,-82.02988248,4
71,16,44,-33.45518763,30.65523219,5
58,11,54,-73.42644854,35.07396216,3
91,20,36,-68.39237828,149.0242744,5
29,17,64,62.06124662,152.6456415,5
84,16,21,47.93384123,-52.49740702,5
60,17,73,23.87676642,124.0527381,3
54,20,73,11.98066478,13.81693205,3
83,18,95,89.49289632,-146.7172683,4
31,16,11,6.436654893,-3.734406416,5
94,11,23,0.151513452,169.9522012,3
54,10,62,-50.58056832,31.64050677,4
11,12,42,-6.029991073,163.2710821,5
33,16,23,32.36210847,48.75926763,3
76,19,35,-81.348731,-57.39441175,5
30,10,89,1.960744176,106.002124,4
49,12,41,20.02651298,-70.53545533,3
99,11,62,-76.78725723,101.7575727,3
74,12,30,22.61824293,80.02526722,5
52,17,25,7.456612409,77.70982788,3
55,13,90,-69.534344,2.946683138,4
71,17,99,-9.645027609,-104.4618267,5
44,20,49,17.33906606,-34.62116999,3
67,16,44,-55.58015919,43.51764748,5
91,13,57,42.48245082,-60.67575052,3
22,10,75,-89.0267413,70.51895072,4
34,20,96,-53.07554703,176.1651013,4
96,19,51,20.01357346,-84.09262741,3
44,13,90,-43.20876713,126.3147526,5
87,18,25,-41.1313919,-129.3974528,4
27,10,36,-38.80533812,142.7850106,5
49,19,80,-30.6181951,-144.9794178,3
43,13,36,5.848372909,-25.51675924,4
67,15,100,-61.06845384,60.49646624,5
49,18,70,44.17658187,90.1578264,3
67,12,52,-35.49526694,131.8084117,3
44,20,100,2.088073524,-110.6464704,4
62,15,17,54.29467043,-24.79433247,3
86,19,13,26.52588404,-124.9053077,3
49,10,28,-7.535842921,49.80791773,5
17,10,23,81.44958985,179.7149859,3
79,17,99,70.74072466,-64.99592532,5
93,16,32,6.803887014,-178.6980507,4
93,14,31,41.10152703,53.40548433,5
47,16,89,-7.408889658,134.1388211,4
83,18,43,81.31913936,49.36592132,3
21,13,47,-80.63143612,143.0674928,5
78,16,84,71.01235131,36.97881958,5
42,12,50,-66.67641418,25.65063045,4
74,10,76,-75.14245511,83.20146082,3
67,15,92,77.84814114,-158.5135835,3
32,13,21,74.00228675,-106.2228739,3
10,12,97,51.50308138,82.68786749,4
78,13,48,16.5511816,72.9546773,5
50,10,28,-29.78354325,74.37499677,3
72,13,68,21.97171245,140.7301639,4
92,13,88,21.11097595,57.69689438,5
13,12,21,-50.66041516,1.374036304,3
13,10,46,-72.55831106,55.31067107,3
61,20,48,9.551035457,-168.3021142,4
53,14,28,62.9288381,10.66712498,4
87,14,31,5.18335013,73.65571845,5
89,13,50,-13.53636543,0.179311637,3
98,16,70,-32.09741923,-17.97327104,5
40,15,52,-86.1916623,-68.88331698,3
43,16,61,82.84025888,-92.25171139,4
47,15,43,31.29990283,-69.51433945,5
96,10,58,-19.28833431,169.6109333,5
75,13,50,19.5799824,17.89725916,3
25,12,42,66.72422877,35.15529476,4
22,15,50,21.29829776,-118.0918169,3
42,13,33,-22.18561368,-38.98139334,4
37,18,25,41.10743184,143.8253467,3
91,12,51,79.48420967,112.6323604,5
96,18,99,-22.7330828,112.6176564,4
72,14,18,-17.56636759,-1.96609827,3
95,16,59,26.82026831,-164.2043202,5
73,17,30,14.53969334,166.9453282,3
42,14,100,21.00965829,49.20933194,3
97,17,61,-1.370319055,-2.177936126,4
15,11,80,87.04180234,-175.9667592,5
71,20,43,-88.31426279,102.909833,5
26,19,33,-27.74358297,91.18621858,3
35,17,86,-71.7599042,-63.44800946,4
96,17,25,-37.23345389,158.5171199,5
51,12,27,46.44748449,-34.38936288,3
13,10,36,-18.931593,132.9940016,5
17,12,48,15.85757029,-9.067814541,4
26,12,66,83.80852932,30.60250584,5
80,17,97,-30.2350002,-79.32466856,4
35,17,87,-89.82693675,167.0411021,3
12,12,24,12.86865722,18.37899789,5
66,13,52,56.27191328,176.9137171,4
91,13,49,-29.82783124,-67.68891982,3
26,15,71,-78.09831036,78.31209652,5
79,18,74,1.230456897,12.21586533,4
48,10,55,37.66024978,34.36369914,3
27,18,98,4.657975885,63.01277614,3
37,11,49,-21.84265421,106.275353,4
69,13,100,-32.4571631,78.82822727,5
77,17,77,41.89040023,-118.7758469,4
53,15,57,-40.5218363,153.5734129,3
99,18,61,-2.972024398,3.136596376,5
66,20,52,42.58078117,-155.8379648,4
30,20,81,41.0705523,-55.47228519,3
13,14,81,-32.91510687,-75.84996945,5
13,20,39,-77.36518035,-161.1760117,5
33,18,63,10.77018264,-21.90865474,3
31,20,46,-49.90939434,-18.92388521,5
40,10,16,-89.35555999,88.15670716,5
37,15,66,-82.41074037,121.9844698,4
61,11,69,14.78505613,175.4117681,4
32,20,46,43.80563634,55.74908547,4
92,15,58,73.69310279,60.54514158,3
58,11,46,-84.92769408,-90.74947931,5
53,10,77,71.54924806,172.7348982,3
45,20,18,41.87626705,-131.4175164,5
37,14,36,23.1046632,-147.5116087,4
41,17,87,-70.16413908,33.27511473,3
89,12,75,-87.20584335,53.43083146,5
60,10,56,-79.48624291,127.5191614,4
38,14,75,57.49511385,-27.15211827,3
72,19,95,10.50437946,-92.00146555,5
24,16,86,47.83230418,56.83433717,4
72,19,33,32.96135977,-27.7016938,5
37,14,33,55.94085617,-71.98171477,4
61,15,23,66.27292654,-132.5246342,5
91,10,28,81.41885811,34.23523561,5
10,13,88,79.7282799,177.5268156,4
19,11,51,-4.887001043,-63.11178805,4
80,19,91,71.64122614,-162.5186967,3
32,10,76,-65.94698173,-42.83659869,3
96,20,84,54.40781314,33.33521573,5
46,16,99,-88.68028796,105.4611906,3
62,16,47,-78.88097298,-128.1179051,5
16,16,67,4.70484828,13.95462076,4
52,10,35,-64.02928158,-110.0816494,5
82,18,53,0.870893896,-50.08377062,3
24,10,51,-1.575859511,163.2820414,4
15,11,34,-82.27488837,165.6662498,5
68,18,79,35.90316039,2.4292132,5
36,13,72,48.48959975,-29.78008685,3
37,18,91,18.89668948,20.89916624,4
27,17,47,77.07630911,104.9610034,3
38,15,45,-12.54586913,103.3114413,5
65,18,54,-64.79243336,-77.31905234,4
43,12,74,-9.659036586,126.4928234,3
18,11,68,-18.05265338,154.4074369,4
68,13,31,-60.32411358,-83.78036885,3
61,12,99,-20.53876202,-14.29184684,5
33,20,57,83.17602724,36.4948618,4
96,19,40,49.46803379,-171.2372101,4
75,13,12,-79.88903381,-76.26427489,3
42,18,93,-67.42035953,-31.89735715,3
88,10,97,18.57852636,-68.3017253,5
13,12,97,-36.80097385,-121.3787094,5
22,18,52,-10.04115274,33.88770021,4
56,14,88,-2.059894342,-112.7552014,3
26,12,59,-26.80764848,20.20164654,4
95,13,45,14.42984579,138.7469408,5
23,13,70,-15.5512356,-122.4882137,3
30,20,92,69.39347888,55.44835363,4
70,15,91,-78.64814549,-4.564589956,5
62,17,79,-15.24290098,-3.48544302,3
49,11,30,-69.87755751,175.5285634,4
46,14,17,55.29813345,-98.64993597,5
33,11,30,-71.51307851,152.2981065,4
97,10,65,46.28417746,22.81199434,4
31,18,35,62.43962664,-55.06451281,3
23,19,88,-84.50389942,167.0877718,5
17,19,21,73.04499472,-116.6359498,5
47,12,14,80.61151741,-2.832259518,4
80,13,67,-6.705362859,176.5657262,3
72,10,99,42.08379887,-121.0987047,5
65,12,96,-86.71992388,176.4719373,3
34,10,27,-73.95229996,100.7587946,3
84,20,53,39.9336915,44.2674224,5
30,18,10,64.87793619,146.4102428,3
83,17,87,58.59117628,-173.6686987,4
50,20,41,19.78333281,125.4692294,5
14,12,50,24.01221542,-131.3856513,5
28,11,19,-73.4586909,-88.3364188,5
43,13,47,-36.71900473,138.8939077,3
70,17,49,-32.50942413,142.07526,4
53,12,58,-62.91078756,-162.9186748,3
58,18,31,62.69505309,-158.7732328,5
50,20,98,59.52542391,-82.89103079,4
75,18,27,-55.6209349,105.8241205,3
75,11,14,-25.69741894,3.572946644,3
49,13,40,-4.944630536,131.2101272,4
27,15,53,-27.31231279,148.9774138,3
22,18,75,-25.26319166,-110.9744831,5
79,17,80,-9.260213692,-60.47879334,4
99,20,44,-9.368389687,160.4096605,3
76,12,50,-13.97635594,22.17920399,4
96,17,33,-20.06610055,31.94055582,3
64,14,22,-47.1141412,95.59636137,3
96,20,88,-33.89359895,91.53689336,5
83,13,52,-70.73472016,-155.6585174,4
48,14,79,-45.54393875,-147.3096751,3
37,13,16,-51.48530946,-93.37061214,3
28,16,94,28.57263614,142.5683768,5
31,20,30,1.566814984,59.4212327,3
66,12,18,1.68774545,-141.0640988,3
75,19,77,33.802686,131.2870963,5
13,17,23,-14.96851052,154.1597319,5
68,15,84,51.76137243,-98.69820076,4
37,13,23,82.36704628,-49.80551724,5
43,17,48,-31.42162451,143.6927383,3
44,14,13,79.83696406,109.8982578,5
13,12,97,-33.08986178,-35.36661554,4
24,19,87,88.84021522,77.22533148,3
76,15,22,-63.91679157,-85.69445608,3
72,20,65,-65.86457626,-54.6027383,5
89,15,59,-88.30503845,-110.5453248,4
82,12,76,85.74151876,11.05345737,5
92,20,95,-2.03340972,15.44765728,4
33,13,89,7.574582411,-65.42990831,3
14,11,59,17.77086748,-115.9779651,5
99,12,79,-60.18310589,97.06194549,4
96,15,58,73.05192347,-59.50267338,3
45,16,15,61.62786249,-100.271088,3
37,20,50,-48.23030895,-37.53573724,5
90,10,49,29.65402462,-177.3996866,4
69,11,12,63.74580698,-91.54355272,3
32,15,17,71.47398343,-149.5648502,3
33,12,88,-71.20497056,3.306422404,3
93,20,89,-53.21700314,92.88585429,5
45,18,29,-57.04190512,33.5005979,5
53,19,45,-28.01154596,60.37367671,4
64,17,13,63.41986314,72.7505708,3
85,19,34,3.636239535,-6.579440872,5
96,13,61,53.17986413,-22.87202459,4
96,10,33,-88.63903339,101.9863382,5
27,12,18,-71.59842743,-43.10093191,5
21,10,57,-69.27992173,-144.7994366,4
71,11,46,12.37778074,-116.9287446,4
33,12,70,-1.520609856,106.8993595,3
84,10,72,37.99536787,112.90344,4
48,18,76,69.21771596,-78.75463493,3
58,10,93,66.23565091,-103.8495158,5
91,20,50,59.08241448,164.062501,4
40,12,34,74.83003698,73.7874548,4
31,10,41,78.8998034,50.61228572,3
29,16,20,-24.12948087,-163.7705512,4
75,19,35,7.304169977,42.99442991,4
96,12,75,9.291997454,-12.52965623,5
30,18,23,-33.93461821,167.9335787,4
92,20,62,-68.34011741,137.3982649,3
96,15,69,-8.443278694,-34.71534558,4
10,12,92,41.14220479,23.93927774,5
16,14,67,-77.99793029,171.066109,3
45,10,56,9.636858466,-106.3589057,4
39,14,27,18.05226685,-22.55575235,4
50,18,63,-55.69289115,-141.0337363,5
38,19,28,72.67728512,120.6287507,4
95,15,38,3.169770795,-5.022036024,3
52,20,11,79.00317628,-85.75135752,5
99,19,39,81.18816129,133.1479328,5
24,16,13,50.27796231,-54.74397689,4
85,13,41,-11.18436992,-130.4837237,4
46,11,52,-13.04841814,-82.38400722,3
29,20,25,5.608900771,-119.2760491,5
27,11,12,85.95852136,-151.7509491,4
100,19,36,-69.43564037,-104.4309596,4
87,10,24,73.16617088,-148.1929126,3
69,11,24,64.20041351,92.36682902,4
73,12,36,-84.85897693,-144.8663997,4
70,15,22,-79.81344594,-169.035378,4
15,13,40,82.60145844,102.7777463,3
87,18,69,79.15050059,-101.258467,5
99,11,18,-23.67498145,146.9119939,4
82,10,12,-41.88760289,-146.7739414,4
79,13,73,58.04954904,-40.61471517,4
21,13,48,-14.94715124,-84.90892501,3
73,12,27,-37.18862868,-161.5765052,4
90,13,96,29.97538643,72.70769262,3
51,18,59,26.97040663,165.0914671,4
32,19,23,-38.14570342,140.1017206,3
30,14,21,-84.78420062,-151.2171439,3
20,19,81,54.00571321,14.65431275,5
50,17,77,-53.69884803,-88.22692238,4
58,10,24,2.846424507,162.7941932,3
58,10,10,-45.79358193,85.27514128,3
99,17,17,23.23484703,167.1092835,5
67,15,85,59.72277006,145.6718876,4
76,17,96,-37.29399118,87.23465,4
75,10,48,-63.12993476,-65.52586204,3
30,19,52,-8.758320717,55.51717294,5
20,17,77,-86.17909496,173.9278992,4
72,18,76,-26.99923015,-35.39591404,3
46,19,32,-20.87826679,111.5790441,4
51,13,80,-67.52714717,-44.67175051,4
39,18,56,-84.21028852,-49.36310841,5
49,16,58,69.01454834,-83.44006542,4
23,20,84,8.910285114,6.544321045,3
65,16,24,-79.3987206,-140.5901656,4
42,17,71,81.18910193,-61.75328828,4
87,11,90,42.17577885,71.2225351,5
82,19,78,-74.25347282,115.0810666,4
88,20,11,25.06745385,84.86854518,5
40,10,99,-67.04994468,114.0280731,3
55,15,13,29.03673552,134.8874928,3
22,15,83,87.94354029,-170.4305621,4
48,12,61,52.90041992,-163.5322336,4
82,20,46,-80.10551156,110.969211,5
61,13,71,-15.01994446,144.9929526,3
98,17,68,-33.72007441,31.25379789,4
91,15,91,15.9569047,-163.8440062,4
57,20,89,65.46405844,29.51304614,5
83,18,82,-44.11525581,167.2705009,3
35,20,96,-33.28266354,6.263101546,4
24,10,87,74.16926346,-80.46872203,4
67,16,72,-25.01953942,-137.1262889,5
45,15,89,-89.31581757,153.0010951,3
15,11,86,60.05576414,0.732631916,4
31,20,85,35.0086034,148.4706757,5
85,18,43,-11.74467802,-5.16040448,5
71,19,93,-15.86337025,2.018941536,3
39,10,80,-87.32313721,54.16703484,4
64,12,45,-69.11287845,43.69212153,5
33,13,53,64.84463134,127.2027836,4
85,17,13,9.998647038,37.5400382,5
85,12,19,75.85106257,-82.15787021,4
23,14,30,-70.44658508,-51.55604638,5
76,15,88,-28.56903943,31.72059774,3
75,16,32,-44.98042441,-10.80730789,4
81,12,29,25.8946396,141.0507772,4
71,17,67,84.35595772,-76.97917229,3
53,15,78,-42.54555146,3.270861695,5
61,19,73,-74.11481472,-20.61119563,4
32,18,97,-74.92872173,120.7525366,3
54,20,83,-24.35079728,103.9830909,5
75,17,99,54.89446145,107.7725677,4
33,18,76,46.81707491,52.89413776,5
42,10,95,-57.5150145,140.199345,3
84,12,27,83.88661958,4.768294204,5
14,14,24,15.17986992,6.73593599,3
54,11,34,30.02681644,-132.4370388,5
90,18,47,42.53417057,-76.10647387,3
30,10,42,4.230058534,31.91356791,5
44,13,21,63.28481467,127.2575518,5
19,16,72,-55.59117698,132.7951872,3
24,15,13,-67.03847058,98.65135791,3
42,12,62,8.96271877,-54.36176302,5
57,11,34,39.80310587,-144.0613141,5
51,16,70,-64.79008516,109.2365804,3
36,11,41,85.17070724,174.186073,5
85,16,30,83.76378585,139.9702964,5
46,14,64,42.67498244,-174.672064,3
100,19,25,-24.68137447,-62.63047019,5
82,17,20,67.18820315,48.0582432,5
30,12,48,-39.99985325,53.8446819,3
80,20,83,70.09061267,79.26803364,5
