TaskID,TaskFileSize,TaskOutputFileSize,TaskFileLength,CpuTime,TotalLength,CostPerSec,StartExecTime,VmID
1,26,15,45,3.388500389,45,42,0.1,5
2,18,15,83,3.588795518,83,44,0.1,10
3,43,19,71,2.850740741,71,46,0.1,11
4,32,12,99,7.574646465,99,42,3.488500389,5
5,80,15,62,3.588795518,62,44,0.1,7
6,23,10,31,1.227241379,31,46,2.950740741,11
7,48,17,10,1.111111111,10,42,0.1,3
8,38,20,56,2.228339307,56,46,4.17798212,11
9,89,12,58,4.447219447,58,42,11.06314685,5
10,57,19,88,5.155956323,88,44,3.688795518,7
11,62,16,76,3.002534503,76,46,6.406321427,11
12,87,10,79,6.029082029,79,42,15.5103663,5
13,65,16,86,4.48353236,86,44,0.1,8
14,17,16,90,3.098671775,90,46,0.1,13
15,64,11,31,2.343766234,31,42,21.53944833,5
16,21,19,98,7.49972139,98,42,23.88321456,5
17,83,16,34,2.266666667,34,44,0.1,6
18,36,13,21,0.84,21,46,9.40885593,11
19,91,20,50,3.28353236,50,44,2.366666667,6
20,11,18,91,2.960740741,91,46,0.1,14
21,93,20,51,3.94982684,51,42,31.38293595,5
22,73,11,75,3.908278304,75,44,4.58353236,8
23,34,12,19,0.746564496,19,46,10.24885593,11
24,31,18,78,5.961926962,78,42,35.33276279,5
25,66,18,68,2.740949203,68,46,10.99542043,11
26,82,11,63,4.182958611,63,44,5.650199027,6
27,93,19,47,3.596736597,47,42,41.29468975,5
28,65,15,52,3.424866514,52,44,9.833157638,6
29,20,17,60,2.378148148,60,46,13.73636963,11
30,60,15,34,2.553224553,34,42,44.89142635,5
31,47,17,87,6.655454545,87,42,47.4446509,5
32,91,12,63,4.181119038,63,44,13.25802415,6
33,64,19,97,3.848735632,97,46,16.11451778,11
34,35,11,11,0.733333333,11,44,17.43914319,6
35,15,13,56,2.647619048,56,44,0.1,9
36,27,15,15,0.6,15,46,19.96325341,11
37,61,18,18,1.96969697,18,42,1.211111111,3
38,18,20,98,7.479409479,98,42,54.10010545,5
39,92,16,20,0.79,20,46,20.56325341,11
40,82,18,87,5.116597119,87,44,8.844751841,7
41,47,18,73,2.888275862,73,46,21.35325341,11
42,53,10,97,7.435120435,97,42,61.57951493,5
43,79,11,90,3.569706258,90,46,24.24152927,11
44,99,20,37,2.428571429,37,44,18.17247652,6
45,47,12,66,3.432880154,66,44,8.491810665,8
46,52,10,80,6.130979021,80,42,69.01463536,5
47,32,10,32,1.28,32,46,27.81123553,11
48,82,16,53,3.083591331,53,44,13.96134896,7
49,40,16,20,0.775338442,20,46,29.09123553,11
50,16,13,74,2.740740741,74,46,0.1,12
51,95,19,85,5.616760507,85,44,20.60104795,6
52,87,19,40,3.008547009,40,42,75.14561439,5
53,84,11,72,5.526806527,72,42,78.15416139,5
54,85,16,69,2.76,69,46,29.86657397,11
55,50,14,14,0.933333333,14,44,26.21780846,6
56,67,10,56,3.722492933,56,44,27.15114179,6
57,39,15,85,3.363703704,85,46,32.62657397,11
58,19,10,86,6.578088578,86,42,83.68096792,5
59,87,20,29,1.929047619,29,44,30.87363473,6
60,63,11,49,3.248043382,49,44,32.80268235,6
61,68,13,16,1.72039072,16,42,3.180808081,3
62,97,17,71,4.711064041,71,44,36.05072573,6
63,21,10,11,0.379310345,11,46,3.198671775,13
64,90,18,31,2.747474747,31,42,0.1,4
65,63,19,47,1.88,47,46,35.99027767,11
66,94,16,33,2.910866911,33,42,2.847474747,4
67,59,19,23,2.062049062,23,42,5.758341658,4
68,76,20,34,1.336206897,34,46,37.87027767,11
69,89,13,82,5.417333487,82,44,40.76178977,6
70,14,17,54,1.966871009,54,46,2.840740741,12
71,99,17,54,4.113442113,54,42,90.2590565,5
72,48,16,85,3.385338442,85,46,39.20648457,11
73,88,13,66,5.068376068,66,42,94.37249861,5
74,10,19,73,3.474008551,73,44,2.747619048,9
75,74,11,98,7.517482517,98,42,99.44087468,5
76,66,17,15,0.6,15,46,42.59182301,11
77,26,10,93,3.436512998,93,46,4.80761175,12
78,89,10,79,5.217233621,79,44,46.17912326,6
79,69,13,69,4.001928094,69,44,17.04494029,7
80,26,12,10,1.079365079,10,42,4.901198801,3
81,38,14,79,6.027972028,79,42,106.9583572,5
82,37,16,76,3.013333333,76,46,43.19182301,11
83,84,19,30,1.986880244,30,44,51.39635688,6
84,90,11,12,1.333333333,12,42,5.980563881,3
85,65,16,73,5.608391608,73,42,112.9863292,5
86,27,16,98,3.345580686,98,46,3.57798212,13
87,10,19,21,1.227647059,21,44,21.04686839,7
88,58,18,22,1.419607843,22,44,53.38323712,6
89,78,10,88,5.170743996,88,44,22.27451544,7
90,76,13,82,6.265734266,82,42,118.5947208,5
91,39,17,31,1.205925926,31,46,46.20515635,11
92,33,17,60,3.538375286,60,44,27.44525944,7
93,56,10,67,2.650319285,67,46,47.41108227,11
94,38,20,28,2.153846154,28,42,124.8604551,5
95,87,20,46,3.496503497,46,42,127.0143013,5
96,88,14,34,2.237819549,34,44,54.80284496,6
97,16,13,30,1.194482759,30,46,50.06140156,11
98,47,13,13,0.52,13,46,51.25588432,11
99,19,14,88,4.176747431,88,44,6.221627598,9
100,75,18,29,2.561327561,29,42,7.82039072,4
101,88,11,88,6.713286713,88,42,130.5108048,5
102,19,12,25,0.924731183,25,46,8.244124748,12
103,71,13,86,3.439501916,86,46,51.77588432,11
104,95,12,72,4.209948144,72,44,30.98363473,7
105,68,18,89,6.776223776,89,42,137.2240915,5
106,34,16,99,3.927560664,99,46,55.21538623,11
107,20,15,13,0.866666667,13,44,57.04066451,6
108,77,17,15,0.965072464,15,44,57.90733118,6
109,58,16,96,4.562973931,96,44,10.39837503,9
110,58,15,78,5.993006993,78,42,144.0003152,5
111,85,15,10,0.38,10,46,59.1429469,11
112,10,19,35,1.265185185,35,46,9.16885593,12
113,79,18,31,2.772337662,31,42,10.38171828,4
114,74,13,52,2.097228608,52,46,59.5229469,11
115,83,18,12,0.8,12,44,58.87240364,6
116,43,19,27,1.733784461,27,44,59.67240364,6
117,20,13,34,1.172413793,34,46,6.923562806,13
118,66,10,83,6.356643357,83,42,149.9933222,5
119,65,20,40,2.666666667,40,44,61.4061881,6
120,65,18,99,3.951979566,99,46,61.6201755,11
121,64,12,77,3.639698992,77,44,14.96134896,9
122,90,17,66,5.013986014,66,42,156.3499656,5
123,69,18,25,1.629254658,25,44,64.07285477,6
124,57,13,17,1.506493506,17,42,13.15405594,4
125,90,19,68,2.717598978,68,46,65.57215507,11
126,97,19,15,2.111111111,15,42,0.1,2
127,29,15,21,1.398879552,21,44,65.70210943,6
128,70,20,46,3.538461538,46,42,161.3639516,5
129,21,13,23,1.481644008,23,44,67.10098898,6
130,85,17,74,4.301540232,74,44,35.19358287,7
131,70,17,30,2.642024642,30,42,14.66054945,4
132,95,19,53,2.099310345,53,46,68.28975405,11
133,43,17,21,1.615384615,21,42,164.9024131,5
134,35,11,26,0.93063857,26,46,10.43404112,12
135,55,20,100,7.692307692,100,42,166.5177978,5
136,20,11,19,1.266666667,19,44,68.58263299,6
137,92,20,30,1.982129236,30,44,69.84929966,6
138,30,19,28,1.09037037,28,46,70.38906439,11
139,12,15,75,2.579443826,75,46,8.0959766,13
140,62,11,94,4.435372254,94,44,18.60104795,9
141,64,12,88,6.769230769,88,42,174.2101055,5
142,49,10,24,0.940689655,24,46,71.47943476,11
143,31,15,24,0.939259259,24,46,72.42012442,11
144,43,19,73,3.826131826,73,44,11.92469082,8
145,23,17,56,1.93063857,56,46,10.67542043,13
146,36,11,19,0.76,19,46,73.35938368,11
147,11,14,85,6.538461538,85,42,180.9793362,5
148,63,19,23,1.501960784,23,44,71.83142889,6
149,86,19,26,1.026206897,26,46,74.11938368,11
150,26,10,67,2.645517241,67,46,75.14559057,11
151,64,20,86,5.040666821,86,44,39.4951231,7
152,93,20,63,4.846153846,63,42,187.5177978,5
153,90,17,79,3.138186462,79,46,77.79110782,11
154,61,17,90,5.260566954,90,44,44.53578992,7
155,27,11,43,3.307692308,43,42,192.3639516,5
156,69,15,30,1.259425287,30,46,80.92929428,11
157,87,15,46,3.538461538,46,42,195.6716439,5
158,23,16,62,2.261689944,62,46,11.36467969,12
159,83,17,38,2.923076923,38,42,199.2101055,5
160,94,15,14,0.933333333,14,44,73.33338968,6
161,39,10,11,0.685714286,11,44,74.26672301,6
162,96,16,67,3.939821421,67,44,49.79635688,7
163,80,19,38,2.923076923,38,42,202.1331824,5
164,74,20,91,3.634533844,91,46,82.18871956,11
165,67,19,30,2.698412698,30,42,17.30257409,4
166,68,10,72,4.281152882,72,44,53.7361783,7
167,99,15,73,5.615384615,73,42,205.0562593,5
168,19,16,98,3.388458781,98,46,12.606059,13
169,76,11,45,2.966240409,45,44,74.9524373,6
170,20,17,47,3.615384615,47,42,210.6716439,5
171,83,11,97,5.060751623,97,44,15.75082264,8
172,23,15,48,3.692307692,48,42,214.2870285,5
173,19,13,30,1.247931034,30,46,85.82325341,11
174,56,11,70,5.384615385,70,42,217.9793362,5
175,12,11,50,1.961481481,50,46,87.07118444,11
176,79,11,61,4.052126352,61,44,77.9186777,6
177,96,18,66,5.076923077,66,42,223.3639516,5
178,85,13,18,0.72,18,46,89.03266593,11
179,27,14,42,1.652222222,42,46,89.75266593,11
180,81,20,50,2.945523592,50,44,58.01733118,7
181,18,19,62,2.131494253,62,46,15.99451778,13
182,38,15,94,7.230769231,94,42,228.4408747,5
183,46,18,82,4.272900858,82,44,20.81157427,8
184,18,15,15,0.517241379,15,46,18.12601203,13
185,42,18,61,2.258148148,61,46,13.62636963,12
186,71,15,33,2.915084915,33,42,20.00098679,4
187,88,10,86,5.033372305,86,44,60.96285477,7
188,92,20,93,7.153846154,93,42,235.6716439,5
189,96,12,80,3.269642401,80,46,91.40488815,11
190,53,19,13,0.843333333,13,44,81.97080406,6
191,11,11,61,2.64283208,61,44,3.688795518,10
192,16,10,52,1.896666667,52,46,15.88451778,12
193,86,16,93,7.153846154,93,42,242.8254901,5
194,59,15,25,1.621052632,25,44,82.81413739,6
195,46,14,27,1.060740741,27,46,94.67453055,11
196,19,18,14,0.936086957,14,44,84.43519002,6
197,69,10,30,1.748724753,30,44,65.99622708,7
198,55,20,88,3.49037037,88,46,95.73527129,11
199,29,14,57,4.384615385,57,42,249.9793362,5
200,100,16,74,4.32177118,74,44,67.74495183,7
201,42,19,61,2.401481481,61,46,99.22564166,11
202,14,16,88,6.769230769,88,42,254.3639516,5
203,49,12,26,1.699159664,26,44,85.37127698,6
204,51,14,69,4.051954695,69,44,72.06672301,7
205,57,14,17,0.68,17,46,101.6271231,11
206,98,14,87,3.45037037,87,46,102.3071231,11
207,25,10,81,6.230769231,81,42,261.1331824,5
208,37,18,26,1.71,26,44,87.07043664,6
209,61,18,100,4.742172567,100,44,23.03642021,9
210,77,17,59,2.331851852,59,46,105.7574935,11
211,46,18,27,2.076923077,27,42,267.3639516,5
212,67,14,32,2.461538462,32,42,269.4408747,5
213,65,15,58,2.303703704,58,46,108.0893454,11
214,28,17,58,4.461538462,58,42,271.9024131,5
215,29,17,88,4.157422905,88,44,27.77859277,9
216,51,16,22,0.844444444,22,46,110.3930491,11
217,51,16,30,2.307692308,30,42,276.3639516,5
218,11,14,19,0.76,19,46,111.2374935,11
219,54,13,50,1.971851852,50,46,111.9974935,11
220,28,10,26,2,26,42,278.6716439,5
221,67,17,45,3.461538462,45,42,280.6716439,5
222,98,18,74,4.341981424,74,44,76.1186777,7
223,83,15,11,0.428148148,11,46,113.9693454,11
224,32,18,17,0.68,17,46,114.3974935,11
225,17,17,22,0.88,22,46,115.0774935,11
226,32,11,27,1.08,27,46,115.9574935,11
227,55,20,56,4.307692308,56,42,284.1331824,5
228,17,14,73,3.448043382,73,44,31.93601568,9
229,36,18,78,2.892068966,78,46,17.78118444,12
230,78,17,79,6.076923077,79,42,288.4408747,5
231,51,11,76,3.957275542,76,44,25.08447513,8
232,55,18,18,0.73962963,18,46,117.0374935,11
233,39,18,26,2,26,42,294.5177978,5
234,80,17,28,1.12,28,46,117.7771231,11
235,86,17,23,2.522366522,23,42,7.313897214,3
236,57,15,46,1.84,46,46,118.8971231,11
237,71,19,96,7.384615385,96,42,296.5177978,5
238,83,12,33,2.187345538,33,44,88.78043664,6
239,41,10,35,1.376296296,35,46,120.7371231,11
240,41,18,13,0.828571429,13,44,90.96778218,6
241,32,11,81,3.211851852,81,46,122.1134194,11
242,60,15,11,0.733333333,11,44,91.79635361,6
243,58,19,25,1.625916454,25,44,92.52968694,6
244,36,16,58,2.729047619,58,44,35.38405906,9
245,76,17,68,5.230769231,68,42,303.9024131,5
246,21,11,40,1.739130435,40,44,6.331627598,10
247,56,15,63,2.300689655,63,46,20.67325341,12
248,87,20,96,7.384615385,96,42,309.1331824,5
249,62,14,94,4.916538084,94,44,29.04175067,8
250,51,16,22,0.88,22,46,125.3252713,11
251,64,19,40,1.571851852,40,46,126.2052713,11
252,10,14,82,3.008326948,82,46,22.97394306,12
253,10,11,23,1.769230769,23,42,316.5177978,5
254,23,13,27,1.620144928,27,44,80.46065913,7
255,18,12,89,6.846153846,89,42,318.2870285,5
256,79,13,64,3.761061157,64,44,82.08080406,7
257,100,18,57,4.384615385,57,42,325.1331824,5
258,97,17,80,5.321671122,80,44,94.15560339,6
259,90,10,92,3.647407407,92,46,127.7771231,11
260,97,10,86,6.615384615,86,42,329.5177978,5
261,72,20,90,4.733765296,90,44,33.95828875,8
262,94,15,72,2.859259259,72,46,131.4245305,11
263,72,11,27,2.076923077,27,42,336.1331824,5
264,52,13,62,2.48,62,46,134.2837898,11
265,68,15,50,3.846153846,50,42,338.2101055,5
266,88,18,80,4.725916966,80,44,85.84186521,7
267,79,11,69,5.307692308,69,42,342.0562593,5
268,39,14,19,0.76,19,46,136.7637898,11
269,46,20,27,1.06962963,27,46,137.5237898,11
270,86,12,66,4.372256729,66,44,99.47727452,6
271,23,19,85,3.218965517,85,46,25.98227001,12
272,50,10,46,3.538461538,46,42,347.3639516,5
273,74,10,12,1.226883117,12,42,9.836263736,3
274,50,16,58,2.758683089,58,44,38.11310668,9
275,83,20,15,2.134532135,15,42,2.211111111,2
276,46,18,18,1.632698413,18,42,22.91607171,4
277,47,10,17,0.662222222,17,46,138.5934194,11
278,54,14,59,2.36,59,46,139.2556417,11
279,68,18,10,1.412698413,10,42,4.345643246,2
280,54,13,62,4.769230769,62,42,350.9024131,5
281,10,18,39,1.840470742,39,44,40.87178977,9
282,69,18,73,2.924814815,73,46,141.6156417,11
283,96,10,45,2.93803678,45,44,103.8495312,6
284,65,12,40,3.076923077,40,42,355.6716439,5
285,58,19,46,3.004424104,46,44,106.787568,6
286,100,17,64,4.923076923,64,42,358.748567,5
287,94,17,96,3.84,96,46,144.5404565,11
288,25,15,69,3.591635034,69,44,38.69205405,8
289,17,12,92,7.076923077,92,42,363.6716439,5
290,42,18,40,2.645569166,40,44,109.7919921,6
291,36,17,67,2.665185185,67,46,148.3804565,11
292,45,15,88,4.181148459,88,44,42.71226051,9
293,70,15,12,1.698412698,12,42,5.758341658,2
294,48,14,15,0.545338442,15,46,29.20123553,12
295,95,12,77,5.923076923,77,42,370.748567,5
296,71,14,66,2.602962963,66,46,151.0456417,11
297,45,13,37,2.424285714,37,44,112.4375613,6
298,78,11,29,1.16,29,46,153.6486046,11
299,100,15,94,7.230769231,94,42,376.6716439,5
300,93,15,37,2.414340198,37,44,114.861847,6
301,70,15,61,2.408888889,61,46,154.8086046,11
302,51,17,43,2.836831208,43,44,117.2761872,6
303,70,16,95,4.502947907,95,44,46.89340897,9
304,96,17,29,2.604617605,29,42,24.54877012,4
305,95,12,47,1.872592593,47,46,157.2174935,11
306,99,18,62,4.769230769,62,42,383.9024131,5
307,63,10,100,3.971851852,100,46,159.0900861,11
308,72,17,98,5.136035677,98,44,42.28368908,8
309,52,10,48,3.692307692,48,42,388.6716439,5
310,65,13,28,1.12,28,46,163.061938,11
311,27,16,46,3.538461538,46,42,392.3639516,5
312,100,12,53,4.076923077,53,42,395.9024131,5
313,14,10,85,3.138148148,85,46,29.74657397,12
314,31,13,32,2.075040543,32,44,120.1130184,6
315,97,15,13,0.847058824,13,44,122.188059,6
316,78,14,52,3.436220987,52,44,123.0351178,6
317,65,17,25,2.243867244,25,42,27.15338772,4
318,36,10,97,3.330689655,97,46,18.64325341,13
319,76,17,14,1.935064935,14,42,7.456754357,2
320,77,18,71,5.461538462,71,42,399.9793362,5
321,29,12,49,2.854487882,49,44,90.56778218,7
322,67,15,98,4.644307636,98,44,51.39635688,9
323,23,18,12,0.48,12,46,164.181938,11
324,23,20,14,1.216450216,14,42,29.39725497,4
325,13,19,32,1.278518519,32,46,164.661938,11
326,33,13,55,4.230769231,55,42,405.4408747,5
327,52,13,51,2.04,51,46,165.9404565,11
328,98,19,70,5.384615385,70,42,409.6716439,5
329,44,14,83,3.917453416,83,44,56.04066451,9
330,21,12,65,2.592592593,65,46,167.9804565,11
331,89,10,51,3.923076923,51,42,415.0562593,5
332,60,12,32,2.083669468,32,44,126.4713388,6
333,33,19,69,2.555555556,69,46,32.88472212,12
334,18,11,20,1.538461538,20,42,418.9793362,5
335,96,16,95,5.545004455,95,44,93.42227006,7
336,84,18,30,2.640803641,30,42,30.61370518,4
337,66,14,87,3.478518519,87,46,170.5730491,11
338,100,19,78,6,78,42,420.5177978,5
339,37,18,32,2.108171964,32,44,128.5550082,6
340,17,17,93,3.71,93,46,174.0515676,11
341,99,20,56,4.307692308,56,42,426.5177978,5
342,64,15,52,3.406240602,52,44,130.6631802,6
343,61,13,61,4.692307692,61,42,430.8254901,5
344,36,19,18,1.2,18,44,134.0694208,6
345,13,13,30,1.295732938,30,44,8.070758033,10
346,100,12,31,1.24,31,46,177.7615676,11
347,79,19,86,5.102256729,86,44,98.96727452,7
348,53,10,30,2.307692308,30,42,435.5177978,5
349,19,20,55,2.176296296,55,46,179.0015676,11
350,90,14,75,5.769230769,75,42,437.8254901,5
351,12,11,53,1.827586207,53,46,21.97394306,13
352,73,20,19,1.234173669,19,44,135.2694208,6
353,31,12,29,1.494279176,29,44,47.41972476,8
354,19,12,67,2.54,67,46,35.44027767,12
355,22,16,28,1.809207161,28,44,136.5035945,6
356,35,17,42,3.230769231,42,42,443.5947208,5
357,63,12,18,1.143859649,18,44,138.3128016,6
358,11,19,24,1.031884058,24,44,9.366490972,10
359,16,15,18,1.058823529,18,44,104.0695312,7
360,91,18,67,5.153846154,67,42,446.8254901,5
361,72,20,99,4.686165414,99,44,59.95811793,9
362,90,12,96,3.81037037,96,46,181.1778639,11
363,13,14,25,1.923076923,25,42,451.9793362,5
364,30,10,76,5.846153846,76,42,453.9024131,5
365,80,20,93,5.467558923,93,44,105.1283548,7
366,62,13,27,1.078518519,27,46,184.9882343,11
367,88,16,56,4.307692308,56,42,459.748567,5
368,54,15,10,0.4,10,46,186.0667528,11
369,98,19,80,3.174814815,80,46,186.4667528,11
370,14,20,64,3.335899852,64,44,48.91400394,8
371,80,14,21,2.233766234,21,42,11.06314685,3
372,93,16,69,5.307692308,69,42,464.0562593,5
373,19,17,58,2.32,58,46,189.6415676,11
374,32,17,48,2.256705639,48,44,64.64428334,9
375,75,19,54,4.153846154,54,42,469.3639516,5
376,20,11,81,2.585580686,81,46,3.060740741,14
377,75,16,68,3.999266645,68,44,110.5959137,7
378,48,11,67,5.153846154,67,42,473.5177978,5
379,65,19,28,1.839751553,28,44,139.4566613,6
380,33,12,11,0.44,11,46,191.9615676,11
381,64,13,48,1.92,48,46,192.4015676,11
382,23,17,21,1.354385965,21,44,141.2964128,6
383,69,11,63,4.846153846,63,42,478.6716439,5
384,28,20,70,3.033562166,70,44,10.39837503,10
385,55,13,85,3.4,85,46,194.3215676,11
386,31,18,71,5.461538462,71,42,483.5177978,5
387,17,13,75,3.567358293,75,44,66.90098898,9
388,38,20,99,3.633614304,99,46,37.98027767,12
389,99,13,96,7.384615385,96,42,488.9793362,5
390,41,19,67,3.50504644,67,44,52.24990379,8
391,43,12,11,0.44,11,46,197.7215676,11
392,51,19,91,3.64,91,46,198.1615676,11
393,22,15,90,3.873872661,90,44,13.4319372,10
394,84,12,86,6.615384615,86,42,496.3639516,5
395,24,13,11,0.44,11,46,201.8015676,11
396,91,20,97,5.097904544,97,44,55.75495023,8
397,76,12,76,5.846153846,76,42,502.9793362,5
398,100,12,16,0.64,16,46,202.2415676,11
399,32,17,49,1.96,49,46,202.8815676,11
400,41,13,35,1.4,35,46,204.8415676,11
401,55,19,86,6.615384615,86,42,508.8254901,5
402,92,15,96,5.635485132,96,44,114.5951803,7
403,53,12,31,1.24,31,46,206.2415676,11
404,88,18,37,1.48,37,46,207.4815676,11
405,13,10,52,1.911264368,52,46,41.61389198,12
406,32,16,78,6,78,42,515.4408747,5
407,45,12,81,4.249254658,81,44,60.85285477,8
408,85,19,41,1.64,41,46,208.9615676,11
409,97,18,91,7,91,42,521.4408747,5
410,53,17,26,1.04,26,46,210.6015676,11
411,99,15,31,2.059749117,31,44,142.6507988,6
412,84,13,51,2.04,51,46,211.6415676,11
413,47,10,86,4.08409002,86,44,70.46834727,9
414,99,10,69,5.307692308,69,42,528.4408747,5
415,62,14,98,3.605925926,98,46,43.52515635,12
416,49,11,88,3.851058529,88,44,17.30580986,10
417,42,11,97,7.461538462,97,42,533.748567,5
418,54,12,27,1.08,27,46,213.6815676,11
419,54,11,17,0.68,17,46,214.7615676,11
420,86,19,63,2.52,63,46,215.4415676,11
421,90,20,36,2.361816305,36,44,144.7105479,6
422,65,20,23,2.078253968,23,42,33.25450882,4
423,31,13,46,1.84,46,46,217.9615676,11
424,97,13,15,0.935403727,15,44,147.0723642,6
425,90,20,18,1.982683983,18,42,13.29691309,3
426,41,20,46,3.014115852,46,44,148.0077679,6
427,92,11,30,2.666666667,30,42,35.33276279,4
428,42,17,39,1.56,39,46,219.8015676,11
429,28,16,45,2.604452307,45,44,120.2306655,7
430,46,16,70,5.384615385,70,42,541.2101055,5
431,27,13,63,2.52,63,46,221.3615676,11
432,48,13,100,4.739398304,100,44,74.5524373,9
433,76,11,68,5.230769231,68,42,546.5947208,5
434,22,17,92,3.68,92,46,223.8815676,11
435,49,12,17,1.474747475,17,42,37.99942946,4
436,97,17,29,2.547785548,29,42,39.47417693,4
437,58,15,52,3.419862893,52,44,151.0218838,6
438,89,17,79,6.076923077,79,42,551.8254901,5
439,67,13,38,1.52,38,46,227.5615676,11
440,23,12,48,2.525195341,48,44,65.10210943,8
441,40,18,11,0.391111111,11,46,47.13108227,12
442,31,20,47,1.88,47,46,229.0815676,11
443,87,17,57,4.384615385,57,42,557.9024131,5
444,66,16,88,4.188968457,88,44,79.2918356,9
445,89,13,79,3.16,79,46,230.9615676,11
446,68,19,42,3.230769231,42,42,562.2870285,5
447,59,20,21,1.352380952,21,44,154.4417467,6
448,83,13,25,1.923076923,25,42,565.5177978,5
449,94,12,25,2.262626263,25,42,42.02196248,4
450,40,20,15,0.6,15,46,234.1215676,11
451,58,11,65,3.812691575,65,44,122.8351178,7
452,11,13,49,1.794380587,49,46,47.52219338,12
453,37,10,86,6.615384615,86,42,567.4408747,5
454,78,11,36,1.44,36,46,234.7215676,11
455,12,11,56,2.401290951,56,44,21.15686839,10
456,54,12,18,0.72,18,46,236.1615676,11
457,17,13,91,3.348199234,91,46,49.31657397,12
458,27,16,17,0.99719888,17,44,126.6478094,7
459,100,19,79,6.076923077,79,42,574.0562593,5
460,72,14,48,2.818171964,48,44,127.6450082,7
461,48,16,73,3.456299252,73,44,83.48080406,9
462,71,18,59,2.36,59,46,236.8815676,11
463,13,18,65,5,65,42,580.1331824,5
464,21,15,70,2.8,70,46,239.2415676,11
465,31,17,42,2.520526316,42,44,130.4631802,7
466,12,12,31,2.384615385,31,42,585.1331824,5
467,100,16,20,2.134088134,20,42,15.27959707,3
468,41,16,21,1.352941176,21,44,155.7941276,6
469,55,20,70,5.384615385,70,42,587.5177978,5
470,68,10,17,1.101863354,17,44,157.1470688,6
471,26,12,66,2.440613027,66,46,52.6647732,12
472,41,16,62,3.262095136,62,44,67.62730477,8
473,39,11,82,3.28,82,46,242.0415676,11
474,41,16,90,3.887100103,90,44,23.55815934,10
475,12,12,73,5.615384615,73,42,592.9024131,5
476,100,13,50,3.846153846,50,42,598.5177978,5
477,41,10,99,3.96,99,46,245.3215676,11
478,24,17,94,4.4592503,94,44,86.93710331,9
479,48,20,43,3.307692308,43,42,602.3639516,5
480,11,19,51,1.877560664,51,46,55.10538623,12
481,12,14,26,2,26,42,605.6716439,5
482,16,10,73,3.161708619,73,44,27.44525944,10
483,94,11,27,2.076923077,27,42,607.6716439,5
484,71,15,26,2.313908314,26,42,44.28458874,4
485,81,19,51,3.923076923,51,42,609.748567,5
486,25,17,17,0.68,17,46,249.2815676,11
487,33,13,50,2,50,46,249.9615676,11
488,60,10,25,1.618163055,25,44,158.2489322,6
489,28,17,28,1.12,28,46,251.9615676,11
490,78,10,80,6.153846154,80,42,613.6716439,5
491,63,16,97,4.588823722,97,44,91.39635361,9
492,79,20,25,1,25,46,253.0815676,11
493,95,14,31,1.24,31,46,254.0815676,11
494,55,14,38,2.923076923,38,42,619.8254901,5
495,47,16,92,3.68,92,46,255.3215676,11
496,32,17,92,4.349240044,92,44,95.98517733,9
497,46,20,17,1.511709402,17,42,46.59849706,4
498,52,20,81,6.230769231,81,42,622.748567,5
499,86,16,93,3.72,93,46,259.0015676,11
500,73,18,58,3.386554622,58,44,132.9837065,7
501,16,14,33,2.538461538,33,42,628.9793362,5
502,49,13,45,2.954168029,45,44,159.8670952,6
503,22,12,88,6.769230769,88,42,631.5177978,5
504,70,17,87,3.48,87,46,262.7215676,11
505,66,10,27,1.765217391,27,44,162.8212633,6
506,75,20,43,2.846351172,43,44,164.5864807,6
507,55,19,35,2.692307692,35,42,638.2870285,5
508,14,10,60,2.27,60,46,56.9829469,12
509,35,13,27,1.542540494,27,44,136.3702611,7
510,23,10,25,1.923076923,25,42,640.9793362,5
511,16,17,25,1.19047619,25,44,100.3344174,9
512,56,18,48,3.692307692,48,42,642.9024131,5
513,79,11,86,5.032114814,86,44,137.9128016,7
514,49,20,63,2.52,63,46,266.2015676,11
515,71,14,42,3.230769231,42,42,646.5947208,5
516,53,10,14,1.076923077,14,42,649.8254901,5
517,60,11,15,1.587301587,15,42,17.4136852,3
518,65,15,78,4.063037389,78,44,70.88939991,8
519,61,20,78,6,78,42,650.9024131,5
520,45,19,33,1.32,33,46,268.7215676,11
521,45,14,57,2.084814815,57,46,59.2529469,12
522,95,10,79,6.076923077,79,42,656.9024131,5
523,41,12,81,4.229398304,81,44,74.9524373,8
524,66,10,13,0.52,13,46,270.0415676,11
525,60,20,17,0.68,17,46,270.5615676,11
526,12,19,95,3.249706258,95,46,23.80152927,13
527,10,17,11,0.675217391,11,44,167.4328318,6
528,72,15,48,3.692307692,48,42,662.9793362,5
529,25,20,98,4.651080258,98,44,101.5248936,9
530,32,17,47,1.88,47,46,271.2415676,11
531,52,12,27,2.076923077,27,42,666.6716439,5
532,44,13,77,5.923076923,77,42,668.748567,5
533,98,13,94,3.76,94,46,273.1215676,11
534,66,19,62,4.115288221,62,44,168.1080492,6
535,100,20,40,3.606060606,40,42,48.11020646,4
536,87,14,56,3.236219705,56,44,142.9449164,7
537,30,17,47,1.88,47,46,276.8815676,11
538,78,13,54,4.153846154,54,42,674.6716439,5
539,87,16,56,4.307692308,56,42,678.8254901,5
540,41,12,83,3.94935164,83,44,106.1759738,9
541,95,15,30,1.2,30,46,278.7615676,11
542,93,14,21,0.84,21,46,279.9615676,11
543,36,14,51,2.04,51,46,280.8015676,11
544,17,18,14,1.272727273,14,42,51.71626707,4
545,84,12,23,2.538461538,23,42,19.00098679,3
546,27,20,92,4.35985488,92,44,110.1253255,9
547,61,14,38,2.923076923,38,42,683.1331824,5
548,89,15,51,3.923076923,51,42,686.0562593,5
549,56,14,94,3.76,94,46,282.8415676,11
550,21,17,18,1.384615385,18,42,689.9793362,5
551,24,11,25,1.612590299,25,44,172.2233374,6
552,47,15,65,5,65,42,691.3639516,5
553,97,15,75,4.374080983,75,44,146.1811362,7
554,12,14,67,2.287931034,67,46,27.05123553,13
555,38,14,68,2.72,68,46,286.6015676,11
556,71,18,29,2.585858586,29,42,52.98899434,4
557,47,17,42,3.230769231,42,42,696.3639516,5
558,10,10,57,2.456583851,57,44,30.60696806,10
559,12,17,41,1.64,41,46,289.3215676,11
560,27,19,11,1,11,42,55.57485292,4
561,64,15,80,6.153846154,80,42,699.5947208,5
562,13,20,71,3.097173817,71,44,33.06355191,10
563,63,15,12,0.48,12,46,290.9615676,11
564,21,19,97,3.397407407,97,46,29.33916656,13
565,28,15,45,2.61512605,45,44,150.5552171,7
566,44,19,18,1.585858586,18,42,56.57485292,4
567,16,17,18,1.384615385,18,42,705.748567,5
568,65,10,33,2.538461538,33,42,707.1331824,5
569,100,11,53,3.476190476,53,44,173.8359277,6
570,57,14,72,5.538461538,72,42,709.6716439,5
571,33,19,71,2.84,71,46,291.4415676,11
572,55,12,90,4.720021089,90,44,79.1818356,8
573,60,14,13,1.376623377,13,42,21.53944833,3
574,87,11,24,2.111111111,24,42,58.16071151,4
575,22,16,82,2.813703704,82,46,32.73657397,13
576,74,18,76,5.846153846,76,42,715.2101055,5
577,54,13,28,1.861919505,28,44,177.3121182,6
578,52,10,40,2.601002506,40,44,179.1740377,6
579,72,11,63,4.846153846,63,42,721.0562593,5
580,29,14,83,3.32,83,46,294.2815676,11
581,53,10,86,4.074214885,86,44,114.4851803,9
582,40,18,95,7.307692308,95,42,725.9024131,5
583,44,16,74,2.96,74,46,297.6015676,11
584,66,15,63,3.278579954,63,44,83.90185669,8
585,13,12,29,1.16,29,46,300.5615676,11
586,74,10,91,7,91,42,733.2101055,5
587,42,14,68,2.922632669,68,44,36.16072573,10
588,97,12,17,0.68,17,46,301.7215676,11
589,39,20,39,1.56,39,46,302.4015676,11
590,53,10,27,0.986117497,27,46,61.33776171,12
591,18,14,63,3.277345538,63,44,87.18043664,8
592,23,11,90,3.6,90,46,303.9615676,11
593,58,13,91,7,91,42,740.2101055,5
594,52,16,68,3.976725638,68,44,153.1703432,7
595,71,15,16,0.64,16,46,307.5615676,11
596,85,12,80,6.153846154,80,42,747.2101055,5
597,43,16,69,2.76,69,46,308.2015676,11
598,90,12,34,2.239215686,34,44,181.7750402,6
599,18,16,66,2.831909633,66,44,39.0833584,10
600,83,17,77,3.08,77,46,310.9615676,11
601,42,15,39,3,39,42,753.3639516,5
602,89,16,77,5.140241781,77,44,184.0142559,6
603,90,11,57,4.384615385,57,42,756.3639516,5
604,82,15,43,1.72,43,46,314.0415676,11
605,70,10,68,5.230769231,68,42,760.748567,5
606,36,10,93,3.433461047,93,46,62.32387921,12
607,18,10,63,2.961997064,63,44,118.5593952,9
608,82,19,60,4.615384615,60,42,765.9793362,5
609,100,17,43,2.866666667,43,44,189.1544977,6
610,81,17,74,2.96,74,46,315.7615676,11
611,97,13,35,2.283709273,35,44,192.0211644,6
612,94,13,50,3.846153846,50,42,770.5947208,5
613,79,13,41,2.386693075,41,44,157.1470688,7
614,75,10,28,2.153846154,28,42,774.4408747,5
615,62,10,69,2.532413793,69,46,65.75734025,12
616,100,16,31,2.028571429,31,44,194.3048736,6
617,92,16,40,3.58041958,40,42,60.27182262,4
618,77,15,49,3.252012384,49,44,196.3334451,6
619,29,14,35,1.4,35,46,318.7215676,11
620,15,15,14,1.076923077,14,42,776.5947208,5
621,46,19,75,3.908347531,75,44,90.45778218,8
622,92,10,36,3.222222222,36,42,63.8522422,4
623,28,13,18,0.72,18,46,320.1215676,11
624,54,14,57,4.384615385,57,42,777.6716439,5
625,24,19,17,0.68,17,46,320.8415676,11
626,93,13,87,3.48,87,46,321.5215676,11
627,70,12,89,4.711144806,89,44,94.36612971,8
628,48,10,74,5.692307692,74,42,782.0562593,5
629,18,18,88,3.016206897,88,46,35.55027767,13
630,13,14,55,2.613104372,55,44,121.5213923,9
631,75,16,70,5.384615385,70,42,787.748567,5
632,95,10,43,1.72,43,46,325.0015676,11
633,68,16,92,4.882256729,92,44,99.07727452,8
634,43,14,46,3.538461538,46,42,793.1331824,5
635,63,14,48,1.92,48,46,326.7215676,11
636,74,16,84,6.461538462,84,42,796.6716439,5
637,36,20,90,3.6,90,46,328.6415676,11
638,43,17,35,2.326610644,35,44,199.5854574,6
639,83,13,30,1.971929825,30,44,201.9120681,6
640,34,17,88,6.769230769,88,42,803.1331824,5
641,99,10,93,5.464483459,93,44,159.5337619,7
642,88,11,54,2.16,54,46,332.2415676,11
643,29,14,95,3.8,95,46,334.4015676,11
644,86,10,80,6.153846154,80,42,809.9024131,5
645,41,12,43,2.544586466,43,44,164.9982454,7
646,38,15,70,3.670142043,70,44,103.9595312,8
647,93,15,57,4.384615385,57,42,816.0562593,5
648,83,15,62,2.48,62,46,338.2015676,11
649,13,14,20,1.538461538,20,42,820.4408747,5
650,19,18,69,3.275217455,69,44,124.1344967,9
651,18,17,85,3.4,85,46,340.6815676,11
652,89,17,73,5.615384615,73,42,821.9793362,5
653,72,15,72,3.755714093,72,44,107.6296733,8
654,83,20,62,4.769230769,62,42,827.5947208,5
655,68,13,63,2.52,63,46,344.0815676,11
656,17,18,39,1.818171964,39,44,127.4097141,9
657,18,14,10,0.4,10,46,346.6015676,11
658,33,20,29,2.230769231,29,42,832.3639516,5
659,73,11,83,4.357466492,83,44,111.3853874,8
660,69,16,55,4.230769231,55,42,834.5947208,5
661,27,10,49,1.96,49,46,347.0015676,11
662,70,15,56,2.24,56,46,348.9615676,11
663,95,20,29,2.576534577,29,42,67.07446442,4
664,57,20,18,1.384615385,18,42,838.8254901,5
665,55,20,85,4.041534719,85,44,129.2278861,9
666,32,14,81,6.230769231,81,42,840.2101055,5
667,74,13,59,2.36,59,46,351.2015676,11
668,73,17,91,3.64,91,46,353.5615676,11
669,59,17,26,2.332222222,26,42,69.650999,4
670,78,19,49,3.203744656,49,44,203.8839979,6
671,84,11,99,7.615384615,99,42,846.4408747,5
672,100,17,56,3.742758367,56,44,207.0877426,6
673,67,10,16,0.64,16,46,357.2015676,11
674,89,19,95,5.559762578,95,44,167.5428318,7
675,55,12,47,1.88,47,46,357.8415676,11
676,83,16,80,6.153846154,80,42,854.0562593,5
677,90,14,77,3.08,77,46,359.7215676,11
678,82,12,44,2.932773109,44,44,210.8305009,6
679,27,18,45,1.8,45,46,362.8015676,11
680,64,13,48,3.692307692,48,42,860.2101055,5
681,29,19,54,2.571428571,54,44,133.2694208,9
682,86,17,73,5.615384615,73,42,863.9024131,5
683,99,10,13,0.52,13,46,364.6015676,11
684,65,13,10,0.4,10,46,365.1215676,11
685,90,16,99,3.96,99,46,365.5215676,11
686,78,17,90,5.271443314,90,44,173.1025944,7
687,83,13,89,6.846153846,89,42,869.5177978,5
688,100,16,35,1.4,35,46,369.4815676,11
689,41,17,87,4.139621432,87,44,135.8408494,9
690,40,10,12,0.48,12,46,370.8815676,11
691,33,10,47,1.88,47,46,371.3615676,11
692,72,17,74,5.692307692,74,42,876.3639516,5
693,22,11,67,2.469680715,67,46,68.28975405,12
694,39,19,94,4.463410444,94,44,139.9804708,9
695,57,10,14,1.522698413,14,42,22.91607171,3
696,18,19,56,2.24,56,46,373.2415676,11
697,33,18,79,6.076923077,79,42,882.0562593,5
698,15,19,89,3.56,89,46,375.4815676,11
699,73,12,17,1.792539683,17,42,24.43877012,3
700,42,17,39,2.007017544,39,44,115.7428539,8
701,21,16,11,1,11,42,71.98322122,4
702,46,19,70,3.297220032,70,44,144.4438813,9
703,73,15,57,4.384615385,57,42,888.1331824,5
704,28,12,27,1.08,27,46,379.0415676,11
705,46,16,26,2,26,42,892.5177978,5
706,87,19,91,7,91,42,894.5177978,5
707,75,15,70,4.106884859,70,44,178.3740377,7
708,51,16,42,1.68,42,46,380.1215676,11
709,14,14,93,3.185338442,93,46,38.56648457,13
710,36,14,39,2.536576736,39,44,213.763274,6
711,82,19,60,4.615384615,60,42,901.5177978,5
712,79,10,68,3.533425636,68,44,117.7498714,8
713,52,16,51,2.04,51,46,381.8015676,11
714,12,18,82,3.899830138,82,44,147.7411013,9
715,19,10,66,5.076923077,66,42,906.1331824,5
716,47,20,18,0.72,18,46,383.8415676,11
717,99,18,49,3.769230769,49,42,911.2101055,5
718,38,11,69,2.76,69,46,384.5615676,11
719,97,17,41,3.153846154,41,42,914.9793362,5
720,10,17,72,3.419862893,72,44,151.6409314,9
721,20,15,52,2.08,52,46,387.3215676,11
722,29,16,45,3.461538462,45,42,918.1331824,5
723,84,17,18,0.72,18,46,389.4015676,11
724,68,19,55,3.660975969,55,44,216.2998508,6
725,39,15,99,3.96,99,46,390.1215676,11
726,95,15,82,6.307692308,82,42,921.5947208,5
727,92,20,88,4.588041716,88,44,121.2832971,8
728,98,13,30,2.707847708,30,42,72.98322122,4
729,76,20,98,3.92,98,46,394.0815676,11
730,93,10,85,6.538461538,85,42,927.9024131,5
731,79,14,69,4.052296919,69,44,182.4809226,7
732,79,17,34,1.36,34,46,398.0015676,11
733,24,14,29,1.933333333,29,44,219.9608267,6
734,42,18,59,4.538461538,59,42,934.4408747,5
735,30,20,62,2.730521893,62,44,41.91526803,10
736,98,14,18,0.72,18,46,399.3615676,11
737,19,15,93,3.72,93,46,400.0815676,11
738,38,11,80,6.153846154,80,42,938.9793362,5
739,66,16,36,2.344419873,36,44,221.8941601,6
740,77,19,96,5.002367748,96,44,125.8713388,8
741,43,18,52,1.919948914,52,46,70.75943476,12
742,25,18,59,4.538461538,59,42,945.1331824,5
743,46,20,19,0.76,19,46,403.8015676,11
744,75,17,52,4,52,42,949.6716439,5
745,97,13,30,1.2,30,46,404.5615676,11
746,57,15,52,3.446429309,52,44,224.23858,6
747,31,20,27,1.08,27,46,405.7615676,11
748,55,11,98,3.92,98,46,406.8415676,11
749,80,16,29,2.230769231,29,42,953.6716439,5
750,45,15,59,2.788137864,59,44,155.0607943,9
751,48,15,14,1.477633478,14,42,26.2313098,3
752,24,11,93,7.153846154,93,42,955.9024131,5
753,29,17,35,2.288721805,35,44,227.6850093,6
754,91,12,74,2.96,74,46,410.7615676,11
755,100,15,71,4.71679198,71,44,229.9737311,6
756,86,11,23,2.45021645,23,42,27.70894328,3
757,56,12,79,3.16,79,46,413.7215676,11
758,91,17,58,4.461538462,58,42,963.0562593,5
759,80,20,94,5.487944862,94,44,186.5332195,7
760,68,17,21,1.615384615,21,42,967.5177978,5
761,21,13,86,3.44,86,46,416.8815676,11
762,15,11,73,5.615384615,73,42,969.1331824,5
763,90,20,38,2.508683473,38,44,234.690523,6
764,76,18,96,5.606398349,96,44,192.0211644,7
765,43,13,87,6.692307692,87,42,974.748567,5
766,53,15,24,0.96,24,46,420.3215676,11
767,28,16,52,2.08,52,46,421.2815676,11
768,49,20,65,5,65,42,981.4408747,5
769,73,17,13,0.857142857,13,44,237.1992065,6
770,23,17,69,2.76,69,46,423.3615676,11
771,47,14,21,1.4,21,44,238.0563494,6
772,93,11,64,4.259432405,64,44,239.4563494,6
773,41,15,59,4.538461538,59,42,986.4408747,5
774,12,12,89,2.855867837,89,46,5.646321427,14
775,71,16,84,4.395714286,84,44,130.8737065,8
776,94,20,16,1.731712732,16,42,30.15915973,3
777,11,14,86,6.615384615,86,42,990.9793362,5
778,99,19,86,3.44,86,46,426.1215676,11
779,32,13,12,0.771428571,12,44,243.7157818,6
780,25,19,79,3.42610875,79,44,44.64578992,10
781,55,13,99,7.615384615,99,42,997.5947208,5
782,35,10,71,2.84,71,46,429.5615676,11
783,55,13,22,1.411764706,22,44,244.4872104,6
784,47,16,43,2.831578947,43,44,245.8989751,6
785,40,11,35,2.692307692,35,42,1005.210105,5
786,86,11,72,2.88,72,46,432.4015676,11
787,36,14,17,1.123809524,17,44,248.730554,6
788,65,18,77,5.923076923,77,42,1007.902413,5
789,38,12,39,2.572745098,39,44,249.8543635,6
790,51,18,23,1.477222468,23,44,252.4271086,6
791,89,14,72,4.780510099,72,44,253.9043311,6
792,85,11,21,0.84,21,46,435.2815676,11
793,43,11,50,2,50,46,436.1215676,11
794,89,16,87,6.692307692,87,42,1013.82549,5
795,99,19,70,4.664032139,70,44,258.6848412,6
796,82,11,93,3.72,93,46,438.1215676,11
797,37,15,74,5.692307692,74,42,1020.517798,5
798,53,16,62,3.253907146,62,44,135.2694208,8
799,29,19,16,0.64,16,46,441.8415676,11
800,34,15,87,3.48,87,46,442.4815676,11
801,41,12,89,6.846153846,89,42,1026.210105,5
802,37,10,61,3.194137518,61,44,138.5233279,8
803,10,18,39,1.56,39,46,445.9615676,11
804,77,12,66,5.076923077,66,42,1033.056259,5
805,21,19,83,3.94776968,83,44,157.8489322,9
806,16,13,30,1.2,30,46,447.5215676,11
807,59,17,93,7.153846154,93,42,1038.133182,5
808,34,12,87,3.48,87,46,448.7215676,11
809,74,15,54,3.151172048,54,44,197.6275627,7
810,41,19,71,2.84,71,46,452.2015676,11
811,12,16,93,4.020110378,93,44,48.07189867,10
812,45,19,14,1.474747475,14,42,31.89087246,3
813,31,20,97,7.461538462,97,42,1045.287029,5
814,65,10,59,2.36,59,46,455.0415676,11
815,99,17,11,0.733333333,11,44,263.3488733,6
816,69,13,99,4.702796634,99,44,161.7967019,9
817,99,10,58,4.461538462,58,42,1052.748567,5
818,59,19,61,2.44,61,46,457.4015676,11
819,100,13,82,6.307692308,82,42,1057.210105,5
820,45,16,51,2.04,51,46,459.8415676,11
821,48,10,60,3.517027864,60,44,200.7787348,7
822,10,10,49,1.96,49,46,461.8815676,11
823,88,13,81,6.230769231,81,42,1063.517798,5
824,51,17,13,0.866666667,13,44,264.0822067,6
825,94,12,88,4.621565423,88,44,141.7174655,8
826,72,16,34,1.36,34,46,463.8415676,11
827,56,12,67,2.466206897,67,46,72.67938368,12
828,95,11,17,1.857142857,17,42,33.36561994,3
829,32,12,85,6.538461538,85,42,1069.748567,5
830,78,12,54,3.572725932,54,44,264.9488733,6
831,83,13,87,3.48,87,46,465.2015676,11
832,56,19,24,1.578947368,24,44,268.5215993,6
833,82,16,89,6.846153846,89,42,1076.287029,5
834,43,17,86,4.057172279,86,44,166.4994985,9
835,99,15,74,2.96,74,46,468.6815676,11
836,75,20,16,1.776666667,16,42,35.22276279,3
837,86,14,45,3.461538462,45,42,1083.133182,5
838,95,14,60,3.976293675,60,44,270.1005466,6
839,61,17,13,0.52,13,46,471.6415676,11
840,92,14,23,2.01010101,23,42,75.69106893,4
841,63,19,71,2.84,71,46,472.1615676,11
842,21,11,64,2.820835913,64,44,52.09200905,10
843,41,16,42,3.230769231,42,42,1086.594721,5
844,65,17,32,1.28,32,46,475.0015676,11
845,86,11,97,7.461538462,97,42,1089.82549,5
846,72,16,66,4.359103641,66,44,274.0768403,6
847,48,11,96,3.84,96,46,476.2815676,11
848,36,15,84,3.626225346,84,44,54.91284496,10
849,94,12,32,2.877233877,32,42,77.70116994,4
850,85,12,42,3.230769231,42,42,1097.287029,5
851,44,11,11,0.44,11,46,480.1215676,11
852,85,10,97,3.88,97,46,480.5615676,11
853,75,16,36,2.362229102,36,44,278.435944,6
854,45,12,37,2.846153846,37,42,1100.517798,5
855,49,11,74,3.863245069,74,44,146.3390309,8
856,95,17,19,2.111111111,19,42,36.99942946,3
857,53,10,93,7.153846154,93,42,1103.363952,5
858,17,20,73,2.92,73,46,484.4415676,11
859,21,18,57,2.533784461,57,44,58.53907031,10
860,98,17,26,2.333333333,26,42,80.57840382,4
861,75,15,44,1.76,44,46,487.3615676,11
862,65,14,25,2.243978244,25,42,82.91173715,4
863,20,15,72,3.422114109,72,44,170.5566708,9
864,69,12,74,2.96,74,46,489.1215676,11
865,35,11,15,1.333333333,15,42,85.1557154,4
866,37,13,28,2.153846154,28,42,1110.517798,5
867,60,17,11,1.561327561,11,42,9.391819292,2
868,25,11,28,1.82,28,44,280.7981731,6
869,74,16,70,5.384615385,70,42,1112.671644,5
870,28,17,56,2.24,56,46,492.0815676,11
871,27,16,76,3.972804069,76,44,150.202276,8
872,98,17,54,4.153846154,54,42,1118.056259,5
873,46,17,65,2.6,65,46,494.3215676,11
874,87,15,39,2.563261094,39,44,282.6181731,6
875,46,14,53,4.076923077,53,42,1122.210105,5
876,78,19,89,4.652799518,89,44,154.17508,8
877,81,15,23,0.92,23,46,496.9215676,11
878,57,16,65,2.6,65,46,497.8415676,11
879,67,19,35,2.692307692,35,42,1126.287029,5
880,26,12,63,4.846153846,63,42,1128.979336,5
881,41,16,49,2.333333333,49,44,173.9787849,9
882,98,20,58,2.32,58,46,500.4415676,11
883,39,12,60,3.126717048,60,44,158.8278795,8
884,52,16,11,0.44,11,46,502.7615676,11
885,91,20,57,4.384615385,57,42,1133.82549,5
886,64,10,40,1.6,40,46,503.2015676,11
887,48,12,40,1.6,40,46,504.8015676,11
888,63,11,46,3.538461538,46,42,1138.210105,5
889,55,12,82,4.306806659,82,44,161.9545966,8
890,80,12,75,3,75,46,506.4015676,11
891,47,15,10,1.03030303,10,42,39.11054057,3
892,35,14,83,6.384615385,83,42,1141.748567,5
893,78,18,79,5.25392894,79,44,285.1814341,6
894,16,17,67,2.68,67,46,509.4015676,11
895,23,15,97,4.613799204,97,44,176.3121182,9
896,97,16,17,2.343766234,17,42,10.95314685,2
897,40,10,67,5.153846154,67,42,1148.133182,5
898,80,17,85,3.4,85,46,512.0815676,11
899,27,18,95,7.307692308,95,42,1153.287029,5
900,29,11,59,3.057172279,59,44,166.2614033,8
901,90,20,36,1.44,36,46,515.4815676,11
902,42,19,30,1.2,30,46,516.9215676,11
903,90,14,56,3.262568185,56,44,204.2957626,7
904,55,16,46,3.538461538,46,42,1160.594721,5
905,40,19,27,1,27,46,75.14559057,12
906,69,14,67,5.153846154,67,42,1164.133182,5
907,45,11,91,3.64,91,46,518.1215676,11
908,85,18,47,3.123415893,47,44,290.4353631,6
909,68,20,11,0.733333333,11,44,293.558779,6
910,47,11,66,3.431077694,66,44,169.3185755,8
911,39,14,87,6.692307692,87,42,1169.287029,5
912,86,19,100,4,100,46,521.7615676,11
913,61,16,17,1.08254902,17,44,294.2921123,6
914,69,11,28,1.819047619,28,44,295.3746613,6
915,70,19,66,5.076923077,66,42,1175.979336,5
916,53,15,44,2.880897833,44,44,297.193709,6
917,41,10,45,2.635854342,45,44,207.5583308,7
918,94,11,50,3.846153846,50,42,1181.056259,5
919,81,16,89,3.56,89,46,525.7615676,11
920,21,17,84,3.960243255,84,44,180.9259174,9
921,82,13,21,2.325563326,21,42,40.1408436,3
922,67,16,19,2.04040404,19,42,42.46640693,3
923,43,12,90,3.6,90,46,529.3215676,11
924,34,18,38,2.923076923,38,42,1184.902413,5
925,89,11,44,2.569088899,44,44,210.1941851,7
926,96,18,40,3.076923077,40,42,1187.82549,5
927,83,15,74,5.692307692,74,42,1190.902413,5
928,72,17,44,2.88320802,44,44,300.0746068,6
929,61,18,17,0.68,17,46,532.9215676,11
930,64,13,78,3.12,78,46,533.6015676,11
931,33,16,91,3.919254658,91,44,61.07285477,10
932,58,16,50,3.846153846,50,42,1196.594721,5
933,94,20,35,1.4,35,46,536.7215676,11
934,85,13,76,5.846153846,76,42,1200.440875,5
935,35,18,84,3.36,84,46,538.1215676,11
936,22,18,11,0.741578947,11,44,302.9578148,6
937,25,12,17,1.133333333,17,44,303.6993938,6
938,64,16,17,1.097478992,17,44,304.8327271,6
939,60,16,88,4.158337019,88,44,184.8861607,9
940,65,17,12,1.273504274,12,42,44.50681097,3
941,33,19,91,3.64,91,46,541.4815676,11
942,60,19,93,7.153846154,93,42,1206.287029,5
943,70,20,96,5.036149197,96,44,172.7496532,8
944,64,12,56,4.307692308,56,42,1213.440875,5
945,84,15,18,0.72,18,46,545.1215676,11
946,75,17,88,3.52,88,46,545.8415676,11
947,28,13,68,3.214761905,68,44,189.0444977,9
948,92,20,20,2.21989122,20,42,45.78031524,3
949,56,18,100,7.692307692,100,42,1217.748567,5
950,82,16,20,0.8,20,46,549.3615676,11
951,80,16,46,2.669910069,46,44,212.763274,7
952,87,18,42,1.68,42,46,550.1615676,11
953,79,15,51,3.358307534,51,44,305.9302061,6
954,35,12,19,0.76,19,46,551.8415676,11
955,58,16,92,3.68,92,46,552.6015676,11
956,52,17,96,7.384615385,96,42,1225.440875,5
957,78,12,15,0.976666667,15,44,309.2885136,6
958,81,16,63,4.152351467,63,44,310.2651803,6
959,84,10,76,5.846153846,76,42,1232.82549,5
960,51,12,44,1.76,44,46,556.2815676,11
961,100,14,64,4.251835471,64,44,314.4175317,6
962,92,14,71,2.84,71,46,558.0415676,11
963,48,14,24,1.53433584,24,44,318.6693672,6
964,31,14,45,3.461538462,45,42,1238.671644,5
965,11,13,59,2.807518797,59,44,192.2592596,9
966,38,19,12,0.48,12,46,560.8815676,11
967,94,12,74,5.692307692,74,42,1242.133182,5
968,60,19,92,3.383703704,92,46,76.14559057,12
969,49,12,44,2.282972136,44,44,177.7858024,8
970,71,14,75,4.394309303,75,44,215.4331841,7
971,84,17,17,1.887777778,17,42,48.00020646,3
972,13,16,81,2.773333333,81,46,41.75182301,13
973,84,11,55,4.230769231,55,42,1247.82549,5
974,47,18,28,1.842105263,28,44,320.2037031,6
975,44,15,100,7.692307692,100,42,1252.056259,5
976,37,15,58,2.718679051,58,44,195.0667784,9
977,59,18,20,0.8,20,46,561.3615676,11
978,59,13,96,3.84,96,46,562.1615676,11
979,91,11,50,3.332773109,50,44,322.0458083,6
980,59,12,23,2.060606061,23,42,86.48904873,4
981,39,18,47,2.228571429,47,44,197.7854574,9
982,27,11,42,3.230769231,42,42,1259.748567,5
983,99,11,92,3.68,92,46,566.0015676,11
984,63,19,100,4.757924222,100,44,200.0140289,9
985,90,11,48,3.692307692,48,42,1262.979336,5
986,39,18,14,1.555555556,14,42,49.88798424,3
987,12,17,53,4.076923077,53,42,1266.671644,5
988,62,19,55,2.2,55,46,569.6815676,11
989,86,15,67,4.450685537,67,44,325.3785814,6
990,66,18,66,5.076923077,66,42,1270.748567,5
991,68,20,30,1.2,30,46,571.8815676,11
992,67,12,38,2.531052632,38,44,329.829267,6
993,58,10,64,2.56,64,46,573.0815676,11
994,42,15,47,3.615384615,47,42,1275.82549,5
995,11,14,17,1.133333333,17,44,332.3603196,6
996,69,20,76,5.846153846,76,42,1279.440875,5
997,23,11,23,1.172932331,23,44,180.0687746,8
998,54,16,100,4,100,46,575.6415676,11
999,49,12,71,3.057190226,71,44,64.99210943,10
1000,38,10,32,2.461538462,32,42,1285.287029,5
1001,40,18,54,2.88254902,54,44,181.2417069,8
1002,93,10,34,3.042735043,34,42,88.54965479,4
1003,80,13,62,2.48,62,46,579.6415676,11
1004,56,19,61,4.065192393,61,44,333.4936529,6
1005,29,16,49,3.769230769,49,42,1287.748567,5
1006,32,12,95,3.272899106,95,46,44.52515635,13
1007,35,13,20,1.538461538,20,42,1291.517798,5
1008,22,13,81,3.833996757,81,44,204.7719531,9
1009,24,13,13,1.181818182,13,42,91.59238983,4
1010,32,14,40,3.076923077,40,42,1293.056259,5
1011,67,19,18,1.598290598,18,42,92.77420801,4
1012,10,17,55,1.863346105,55,46,47.79805545,13
1013,83,14,47,3.615384615,47,42,1296.133182,5
1014,84,18,28,1.847058824,28,44,337.5588453,6
1015,77,13,98,7.538461538,98,42,1299.748567,5
1016,12,15,80,3.448795903,80,44,68.04929966,10
1017,91,18,38,1.52,38,46,582.1215676,11
1018,97,17,30,1.2,30,46,583.6415676,11
1019,98,20,47,4.222222222,47,42,94.37249861,4
1020,49,11,89,3.56,89,46,584.8415676,11
1021,52,20,96,4.149993911,96,44,71.49809556,10
1022,19,10,13,1,13,42,1307.287029,5
1023,62,13,46,3.538461538,46,42,1308.287029,5
1024,77,19,94,3.76,94,46,588.4015676,11
1025,71,13,10,0.666666667,10,44,339.4059041,6
1026,58,20,46,3.538461538,46,42,1311.82549,5
1027,21,14,74,3.510265369,74,44,208.6059498,9
1028,21,13,53,4.076923077,53,42,1315.363952,5
1029,47,16,54,3.133893557,54,44,219.8274934,7
1030,98,20,91,3.64,91,46,592.1615676,11
1031,14,13,85,6.538461538,85,42,1319.440875,5
1032,88,18,34,2.25764411,34,44,340.0725708,6
1033,11,16,15,0.6,15,46,595.8015676,11
1034,82,10,75,4.390288958,75,44,222.961387,7
1035,23,13,42,1.434482759,42,46,49.66140156,13
1036,46,14,69,5.307692308,69,42,1325.979336,5
1037,71,16,20,0.8,20,46,596.4015676,11
1038,88,12,64,3.739702197,64,44,227.3516759,7
1039,17,15,50,2,50,46,597.2015676,11
1040,69,17,83,6.384615385,83,42,1331.287029,5
1041,26,17,39,1.56,39,46,599.2015676,11
1042,69,11,20,1.305882353,20,44,342.3302149,6
1043,78,14,12,1.649350649,12,42,13.29691309,2
1044,93,17,41,2.696240602,41,44,343.6360973,6
1045,57,11,52,2.08,52,46,600.7615676,11
1046,81,15,67,5.153846154,67,42,1337.671644,5
1047,56,16,58,3.855462185,58,44,346.3323379,6
1048,24,11,62,2.120613027,62,46,51.09588432,13
1049,52,20,82,6.307692308,82,42,1342.82549,5
1050,32,12,25,1.646842105,25,44,350.1878001,6
1051,51,19,62,2.905204187,62,44,212.1162152,9
1052,50,15,66,2.64,66,46,602.8415676,11
1053,83,16,61,4.692307692,61,42,1349.133182,5
1054,70,15,72,3.777384638,72,44,184.1242559,8
1055,91,10,57,2.28,57,46,605.4815676,11
1056,82,17,55,4.230769231,55,42,1353.82549,5
1057,67,17,63,4.192599145,63,44,351.8346422,6
1058,29,15,58,2.32,58,46,607.7615676,11
1059,96,11,38,3.391608392,38,42,98.59472083,4
1060,53,10,72,2.88,72,46,610.0815676,11
1061,92,15,62,4.769230769,62,42,1358.056259,5
1062,31,17,30,1.739495798,30,44,231.0913781,7
1063,67,14,61,4.025770308,61,44,356.0272413,6
1064,33,15,56,2.066666667,56,46,79.52929428,12
1065,57,14,58,4.461538462,58,42,1362.82549,5
1066,96,19,72,4.234999263,72,44,232.8308739,7
1067,81,16,18,0.72,18,46,612.9615676,11
1068,67,20,62,4.769230769,62,42,1367.287029,5
1069,55,16,63,2.296462324,63,46,81.59596094,12
1070,38,12,30,1.956862745,30,44,360.0530116,6
1071,60,19,30,2.307692308,30,42,1372.056259,5
1072,75,16,34,1.36,34,46,613.6815676,11
1073,35,10,78,3.707002801,78,44,215.0214194,9
1074,80,15,15,1.656565657,15,42,51.44353979,3
1075,62,16,66,5.076923077,66,42,1374.363952,5
1076,44,18,28,1.037037037,28,46,83.89242327,12
1077,62,19,52,2.08,52,46,615.0415676,11
1078,39,13,82,3.880023588,82,44,218.7284222,9
1079,40,11,31,2.384615385,31,42,1379.440875,5
1080,33,15,58,2.32,58,46,617.1215676,11
1081,89,18,54,4.153846154,54,42,1381.82549,5
1082,47,10,73,2.92,73,46,619.4415676,11
1083,100,12,83,6.384615385,83,42,1385.979336,5
1084,13,17,67,3.213818369,67,44,222.6084458,9
1085,77,16,36,1.44,36,46,622.3615676,11
1086,78,15,94,4.936566416,94,44,187.9016405,8
1087,92,16,60,4.615384615,60,42,1392.363952,5
1088,16,11,58,2.32,58,46,623.8015676,11
1089,68,15,11,0.44,11,46,626.1215676,11
1090,52,14,66,2.64,66,46,626.5615676,11
1091,75,12,73,5.615384615,73,42,1396.979336,5
1092,56,20,64,3.743417367,64,44,237.0658732,7
1093,75,16,24,0.96,24,46,629.2015676,11
1094,16,16,86,3.75374613,86,44,75.64808947,10
1095,73,16,31,2.818181818,31,42,101.9863292,4
1096,95,20,14,1.992673993,14,42,14.94626374,2
1097,79,15,13,0.52,13,46,630.1615676,11
1098,87,16,36,2.769230769,36,42,1402.594721,5
1099,15,11,32,1.28,32,46,630.6815676,11
1100,47,20,72,2.88,72,46,631.9615676,11
1101,73,13,19,2.111111111,19,42,53.10010545,3
1102,73,17,81,6.230769231,81,42,1405.363952,5
1103,63,16,33,2.19047619,33,44,362.0098744,6
1104,47,11,34,2.211764706,34,44,364.2003506,6
1105,53,18,65,2.6,65,46,634.8415676,11
1106,87,18,61,4.038095238,61,44,366.4121153,6
1107,15,11,69,5.307692308,69,42,1411.594721,5
1108,50,17,100,4,100,46,637.4415676,11
1109,62,15,94,4.947250479,94,44,192.838207,8
1110,33,10,50,3.846153846,50,42,1416.902413,5
1111,46,18,88,3.52,88,46,641.4415676,11
1112,62,12,82,6.307692308,82,42,1420.748567,5
1113,38,18,18,1.168627451,18,44,370.4502105,6
1114,15,17,20,1.333333333,20,44,371.618838,6
1115,44,12,85,4.018133569,85,44,225.8222642,9
1116,92,18,97,7.461538462,97,42,1427.056259,5
1117,65,17,100,4,100,46,644.9615676,11
1118,19,10,49,2.10230179,49,44,79.4018356,10
1119,41,12,14,0.923809524,14,44,372.9521713,6
1120,23,17,14,1.076923077,14,42,1434.517798,5
1121,55,16,60,3.477919799,60,44,240.8092906,7
1122,24,17,75,3,75,46,648.9615676,11
1123,36,20,13,1.363636364,13,42,55.21121656,3
1124,96,14,76,5.846153846,76,42,1435.594721,5
1125,49,12,28,1.611764706,28,44,244.2872104,7
1126,84,11,47,3.615384615,47,42,1441.440875,5
1127,58,13,30,1.2,30,46,651.9615676,11
1128,19,12,45,2.108123249,45,44,229.8403977,9
1129,88,12,48,3.692307692,48,42,1445.056259,5
1130,11,20,56,2.24,56,46,653.1615676,11
1131,76,13,79,4.594800236,79,44,245.8989751,7
1132,31,20,41,1.64,41,46,655.4015676,11
1133,23,16,22,1.692307692,22,42,1448.748567,5
1134,15,20,87,3.757139588,87,44,81.50413739,10
1135,13,17,17,0.68,17,46,657.0415676,11
1136,13,18,45,3.461538462,45,42,1450.440875,5
1137,93,13,100,7.692307692,100,42,1453.902413,5
1138,41,11,49,1.96,49,46,657.7215676,11
1139,75,16,92,3.68,92,46,659.6815676,11
1140,75,10,100,5.231873802,100,44,197.7854574,8
1141,80,14,63,4.846153846,63,42,1461.594721,5
1142,48,15,16,0.64,16,46,663.3615676,11
1143,64,17,43,1.72,43,46,664.0015676,11
1144,83,20,37,2.466666667,37,44,373.8759808,6
1145,69,20,12,1.617604618,12,42,16.93893773,2
1146,58,10,50,3.846153846,50,42,1466.440875,5
1147,72,13,98,4.646763969,98,44,231.948521,9
1148,44,16,71,2.623205619,71,46,84.92946031,12
1149,82,20,78,6,78,42,1470.287029,5
1150,92,14,24,0.96,24,46,665.7215676,11
1151,29,15,65,2.6,65,46,666.6815676,11
1152,12,19,31,1.461064426,31,44,236.595285,9
1153,66,14,61,4.692307692,61,42,1476.287029,5
1154,43,20,31,2.052661064,31,44,376.3426475,6
1155,98,12,39,2.537254902,39,44,378.3953085,6
1156,45,12,66,2.422222222,66,46,87.55266593,12
1157,43,13,59,3.070411322,59,44,203.0173312,8
1158,18,12,43,3.307692308,43,42,1480.979336,5
1159,81,13,48,3.692307692,48,42,1484.287029,5
1160,36,16,97,3.589642401,97,46,89.97488815,12
1161,32,18,26,1.678431373,26,44,380.9325634,6
1162,83,15,45,3,45,44,382.6109948,6
1163,95,17,35,2.692307692,35,42,1487.979336,5
1164,36,17,41,1.64,41,46,669.2815676,11
1165,18,14,66,3.126099071,66,44,238.0563494,9
1166,60,16,82,6.307692308,82,42,1490.671644,5
1167,98,17,51,2.04,51,46,670.9215676,11
1168,13,12,99,4.30176836,99,44,85.26127698,10
1169,29,11,27,1.08,27,46,672.9615676,11
1170,21,11,87,6.692307692,87,42,1496.979336,5
1171,20,19,26,1.04,26,46,674.0415676,11
1172,65,15,84,3.36,84,46,675.0815676,11
1173,35,20,17,1.076190476,17,44,385.6109948,6
1174,50,12,11,1.222222222,11,42,56.57485292,3
1175,36,19,36,2.109803922,36,44,250.4937753,7
1176,99,17,65,5,65,42,1503.671644,5
1177,17,10,66,3.104761905,66,44,241.1824484,9
1178,79,18,35,3.153846154,35,42,104.804511,4
1179,88,13,14,0.56,14,46,678.4415676,11
1180,28,20,50,1.850740741,50,46,93.56453055,12
1181,16,11,76,3.27098943,76,44,89.56304534,10
1182,29,12,16,1.454545455,16,42,107.9583572,4
1183,17,17,14,0.56,14,46,679.0015676,11
1184,83,12,85,6.538461538,85,42,1508.671644,5
1185,74,19,46,1.84,46,46,679.5615676,11
1186,16,17,41,1.64,41,46,681.4015676,11
1187,83,15,55,3.225121628,55,44,252.6035792,7
1188,88,11,30,2.727272727,30,42,109.4129027,4
1189,94,12,23,2.474747475,23,42,57.79707515,3
1190,48,14,35,1.4,35,46,683.0415676,11
1191,96,12,83,5.485714286,83,44,386.6871853,6
1192,76,17,63,4.846153846,63,42,1515.210105,5
1193,31,10,11,0.44,11,46,684.4415676,11
1194,27,12,100,3.69037037,100,46,95.41527129,12
1195,83,10,71,5.461538462,71,42,1520.056259,5
1196,67,12,83,3.91001032,83,44,244.2872104,9
1197,48,14,37,1.48,37,46,684.8815676,11
1198,60,10,82,6.307692308,82,42,1525.517798,5
1199,59,16,69,4.024207578,69,44,255.8287008,7
1200,16,12,55,2.2,55,46,686.3615676,11
1201,92,20,52,3.457142857,52,44,392.1728996,6
1202,78,17,87,3.48,87,46,688.5615676,11
1203,99,16,72,5.538461538,72,42,1531.82549,5
1204,85,18,94,5.507729618,94,44,259.8529084,7
1205,12,15,43,1.72,43,46,692.0415676,11
1206,19,12,74,5.692307692,74,42,1537.363952,5
1207,23,14,32,1.157037037,32,46,99.10564166,12
1208,61,20,89,4.632758367,89,44,206.0877426,8
1209,21,17,12,0.444444444,12,46,100.2626787,12
1210,41,18,89,3.56,89,46,693.7615676,11
1211,55,16,95,7.307692308,95,42,1543.056259,5
1212,17,11,16,0.723809524,16,44,248.1972207,9
1213,61,18,43,2.822969188,43,44,395.6300424,6
1214,61,12,23,0.92,23,46,697.3215676,11
1215,27,14,81,2.97037037,81,46,100.7071231,12
1216,94,17,11,1.444444444,11,42,18.55654235,2
1217,70,13,25,1.923076923,25,42,1550.363952,5
1218,40,14,29,1.933333333,29,44,398.4530116,6
1219,72,17,51,3.923076923,51,42,1552.287029,5
1220,16,20,15,1,15,44,400.386345,6
1221,32,12,78,3.368533867,78,44,92.83403477,10
1222,28,18,85,6.538461538,85,42,1556.210105,5
1223,81,16,12,0.48,12,46,698.2415676,11
1224,45,12,38,1.52,38,46,698.7215676,11
1225,57,18,44,2.560961227,44,44,265.360638,7
1226,65,16,44,1.76,44,46,700.2415676,11
1227,70,18,99,7.615384615,99,42,1562.748567,5
1228,81,20,75,4.969187675,75,44,401.386345,6
1229,62,10,66,2.64,66,46,702.0015676,11
1230,41,13,32,1.28,32,46,704.6415676,11
1231,38,20,19,1.215686275,19,44,406.3555326,6
1232,33,19,96,4.131848739,96,44,96.20256863,10
1233,19,11,55,2.2,55,46,705.9215676,11
1234,71,11,87,6.692307692,87,42,1570.363952,5
1235,28,18,71,2.84,71,46,708.1215676,11
1236,38,15,18,1.573426573,18,42,112.1401754,4
1237,21,15,60,2.581780538,60,44,100.3344174,10
1238,36,17,12,1.307692308,12,42,60.27182262,3
1239,91,10,50,3.846153846,50,42,1577.056259,5
1240,40,15,48,1.92,48,46,710.9615676,11
1241,40,13,84,3.983300899,84,44,248.9210302,9
1242,41,16,92,7.076923077,92,42,1580.902413,5
1243,98,15,46,1.84,46,46,712.8815676,11
1244,67,19,21,0.84,21,46,714.7215676,11
1245,14,15,91,3.136819923,91,46,53.21649734,13
1246,55,12,13,0.866666667,13,44,407.5712189,6
1247,32,16,62,3.253299425,62,44,210.7205009,8
1248,32,16,88,6.769230769,88,42,1587.979336,5
1249,12,20,54,2.571428571,54,44,252.9043311,9
1250,91,20,100,7.692307692,100,42,1594.748567,5
1251,42,13,10,0.4,10,46,715.5615676,11
1252,61,19,47,1.88,47,46,715.9615676,11
1253,18,18,74,3.494795813,74,44,255.4757597,9
1254,32,10,51,2.04,51,46,717.8415676,11
1255,48,10,20,0.8,20,46,719.8815676,11
1256,85,12,23,2.090909091,23,42,113.713602,4
1257,40,11,90,4.268317853,90,44,258.9705555,9
1258,12,14,70,2.8,70,46,720.6815676,11
1259,18,12,53,4.076923077,53,42,1602.440875,5
1260,27,20,19,0.76,19,46,723.4815676,11
1261,13,10,86,3.73803678,86,44,102.9161979,10
1262,84,11,89,6.846153846,89,42,1606.517798,5
1263,28,15,80,2.931851852,80,46,103.6774935,12
1264,87,19,98,7.538461538,98,42,1613.363952,5
1265,61,14,94,4.912516586,94,44,213.9738004,8
1266,74,11,60,2.4,60,46,724.2415676,11
1267,33,16,60,2.4,60,46,726.6415676,11
1268,53,16,60,4.615384615,60,42,1620.902413,5
1269,96,20,34,2.259383754,34,44,408.4378856,6
1270,16,12,21,0.84,21,46,729.0415676,11
1271,27,18,91,4.329784756,91,44,263.2388733,9
1272,65,19,18,1.636363636,18,42,115.804511,4
1273,62,14,96,7.384615385,96,42,1625.517798,5
1274,61,10,13,0.52,13,46,729.8815676,11
1275,22,12,87,3.48,87,46,730.4015676,11
1276,94,15,40,2.666666667,40,44,410.6972693,6
1277,13,17,24,0.96,24,46,733.8815676,11
1278,58,12,80,6.153846154,80,42,1632.902413,5
1279,17,20,99,4.674745688,99,44,267.5686581,9
1280,77,10,69,2.76,69,46,734.8415676,11
1281,83,20,95,7.307692308,95,42,1639.056259,5
1282,74,11,77,3.08,77,46,737.6015676,11
1283,88,11,82,4.285596344,82,44,218.8863169,8
1284,23,17,88,3.00962963,88,46,56.35331727,13
1285,47,16,47,3.615384615,47,42,1646.363952,5
1286,12,19,18,1.168627451,18,44,413.363936,6
1287,84,20,98,5.755241044,98,44,267.9215993,7
1288,63,14,31,2.384615385,31,42,1649.979336,5
1289,27,18,86,3.183703704,86,46,106.6093454,12
1290,55,13,47,3.615384615,47,42,1652.363952,5
1291,29,12,39,1.67109077,39,44,106.6542347,10
1292,96,11,29,2.608391608,29,42,117.4408747,4
1293,81,10,59,4.538461538,59,42,1655.979336,5
1294,29,10,92,4.357246056,92,44,272.2434038,9
1295,28,13,18,0.72,18,46,740.6815676,11
1296,84,20,73,5.615384615,73,42,1660.517798,5
1297,28,12,23,0.92,23,46,741.4015676,11
1298,99,19,67,2.68,67,46,742.3215676,11
1299,10,15,20,0.8,20,46,745.0015676,11
1300,21,14,13,0.866666667,13,44,414.5325634,6
1301,25,12,86,3.712235833,86,44,108.3253255,10
1302,25,15,83,6.384615385,83,42,1666.133182,5
1303,86,17,88,3.52,88,46,745.8015676,11
1304,42,12,78,3.389503106,78,44,112.0375613,10
1305,47,20,97,7.461538462,97,42,1672.517798,5
1306,90,12,46,1.84,46,46,749.3215676,11
1307,85,13,21,0.84,21,46,751.1615676,11
1308,47,16,98,4.219287349,98,44,115.4270644,10
1309,30,19,50,2,50,46,752.0015676,11
1310,14,11,25,1,25,46,754.0015676,11
1311,30,14,26,2,26,42,1679.979336,5
1312,79,19,65,5,65,42,1681.979336,5
1313,83,14,97,3.88,97,46,755.0015676,11
1314,83,20,83,5.502156863,83,44,415.3992301,6
1315,57,12,52,4,52,42,1686.979336,5
1316,49,12,44,3.384615385,44,42,1690.979336,5
1317,52,14,17,0.68,17,46,758.8815676,11
1318,99,13,71,4.159103641,71,44,273.6768403,7
1319,91,20,43,1.72,43,46,759.5615676,11
1320,24,10,36,2.769230769,36,42,1694.363952,5
1321,44,19,26,1.04,26,46,761.2815676,11
1322,12,17,29,1.044444444,29,46,109.7930491,12
1323,100,17,59,4.538461538,59,42,1697.133182,5
1324,61,20,34,1.962229102,34,44,277.835944,7
1325,24,18,36,1.308148148,36,46,110.8374935,12
1326,22,13,100,4.345287772,100,44,119.6463517,10
1327,74,13,88,6.769230769,88,42,1701.671644,5
1328,72,13,35,1.4,35,46,762.3215676,11
1329,25,10,19,0.703703704,19,46,112.1456417,12
1330,29,18,62,2.48,62,46,763.7215676,11
1331,86,20,22,2.383838384,22,42,61.57951493,3
1332,29,15,49,2.540350877,49,44,223.1719133,8
1333,57,13,71,5.461538462,71,42,1708.440875,5
1334,89,19,26,1.04,26,46,766.2015676,11
1335,12,13,36,1.44,36,46,767.2415676,11
1336,60,14,29,1.933333333,29,44,420.901387,6
1337,81,18,61,4.00952381,61,44,422.8347203,6
1338,30,20,87,3.48,87,46,768.6815676,11
1339,13,17,94,7.230769231,94,42,1713.902413,5
1340,93,11,48,3.152380952,48,44,426.8442441,6
1341,79,11,43,1.72,43,46,772.1615676,11
1342,89,15,89,6.846153846,89,42,1721.133182,5
1343,32,15,18,1.11,18,44,279.7981731,7
1344,83,10,31,2.066666667,31,44,429.9966251,6
1345,30,13,27,1.08,27,46,773.8815676,11
1346,66,18,69,3.604324045,69,44,225.7122642,8
1347,55,17,72,2.88,72,46,774.9615676,11
1348,49,18,49,3.769230769,49,42,1727.979336,5
1349,74,12,58,3.406594427,58,44,280.9081731,7
1350,24,18,64,2.56,64,46,777.8415676,11
1351,70,16,46,3.538461538,46,42,1731.748567,5
1352,72,18,45,2.942857143,45,44,432.0632917,6
1353,92,18,68,5.230769231,68,42,1735.287029,5
1354,68,10,49,1.96,49,46,780.4015676,11
1355,43,13,96,5.040601504,96,44,229.3165882,8
1356,54,20,14,0.56,14,46,782.3615676,11
1357,85,14,36,3.272727273,36,42,120.0492663,4
1358,91,11,66,2.64,66,46,782.9215676,11
1359,24,17,41,3.153846154,41,42,1740.517798,5
1360,79,11,16,1.047619048,16,44,435.0061489,6
1361,86,20,97,3.88,97,46,785.5615676,11
1362,34,11,28,1.866666667,28,44,436.0537679,6
1363,45,18,67,5.153846154,67,42,1743.671644,5
1364,79,10,21,1.4,21,44,437.9204346,6
1365,32,14,71,3.699159664,71,44,234.3571897,8
1366,14,11,35,1.268148148,35,46,112.8493454,12
1367,12,16,15,1.153846154,15,42,1748.82549,5
1368,70,10,50,3.846153846,50,42,1749.979336,5
1369,96,10,14,0.933333333,14,44,439.3204346,6
1370,28,10,63,2.147228608,63,46,59.3629469,13
1371,84,12,13,1.824175824,13,42,20.00098679,2
1372,74,11,93,4.41752322,93,44,276.6006498,9
1373,34,18,83,6.384615385,83,42,1753.82549,5
1374,100,15,69,2.76,69,46,789.4415676,11
1375,27,16,27,1.776666667,27,44,440.2537679,6
1376,55,18,96,7.384615385,96,42,1760.210105,5
1377,31,10,98,4.63945157,98,44,281.0181731,9
1378,87,12,61,2.44,61,46,792.2015676,11
1379,74,12,16,0.64,16,46,794.6415676,11
1380,40,12,11,0.44,11,46,795.2815676,11
1381,89,19,88,6.769230769,88,42,1767.594721,5
1382,89,13,66,4.380952381,66,44,442.0304346,6
1383,54,16,96,3.54962963,96,46,114.1174935,12
1384,50,12,84,3.977738464,84,44,285.6576246,9
1385,82,13,46,3.538461538,46,42,1774.363952,5
1386,28,10,95,3.261979566,95,46,61.5101755,13
1387,13,15,35,2.692307692,35,42,1777.902413,5
1388,77,20,14,1.948051948,14,42,21.82516262,2
1389,23,10,10,0.666666667,10,44,446.411387,6
1390,48,20,36,2.380952381,36,44,447.0780536,6
1391,92,11,80,6.153846154,80,42,1780.594721,5
1392,28,12,16,0.64,16,46,795.7215676,11
1393,37,20,81,3.24,81,46,796.3615676,11
1394,63,19,66,3.84440513,66,44,284.3147675,7
1395,53,18,28,2.538461538,28,42,123.3219936,4
1396,23,12,58,3.016099071,58,44,238.0563494,8
1397,71,13,42,3.230769231,42,42,1786.748567,5
1398,26,13,92,3.157598978,92,46,64.77215507,13
1399,51,11,32,2.461538462,32,42,1789.979336,5
1400,36,12,30,2,30,44,449.459006,6
1401,73,16,87,6.692307692,87,42,1792.440875,5
1402,66,10,13,0.866666667,13,44,451.459006,6
1403,53,17,62,3.214761905,62,44,241.0724484,8
1404,49,18,27,1.08,27,46,799.6015676,11
1405,42,13,91,3.366296296,91,46,117.6671231,12
1406,19,11,68,3.256749226,68,44,289.6353631,9
1407,74,13,69,5.307692308,69,42,1799.133182,5
1408,91,13,59,3.933333333,59,44,452.3256727,6
1409,51,11,20,1.538461538,20,42,1804.440875,5
1410,62,15,46,1.84,46,46,800.6815676,11
1411,29,13,98,7.538461538,98,42,1805.979336,5
1412,49,20,79,4.622939702,79,44,288.1591726,7
1413,18,19,99,3.96,99,46,802.5215676,11
1414,32,12,26,1.733333333,26,44,456.259006,6
1415,79,18,91,7,91,42,1813.517798,5
1416,42,15,80,3.768263305,80,44,292.8921123,9
1417,65,11,28,1.12,28,46,806.4815676,11
1418,91,10,45,1.8,45,46,807.6015676,11
1419,18,20,46,1.84,46,46,809.4015676,11
1420,66,20,92,7.076923077,92,42,1820.517798,5
1421,16,11,43,2.243343653,43,44,244.2872104,8
1422,42,15,80,2.931851852,80,46,121.0334194,12
1423,93,16,70,4.666666667,70,44,457.9923394,6
1424,83,13,63,4.846153846,63,42,1827.594721,5
1425,30,20,36,1.44,36,46,811.2415676,11
1426,91,17,32,2.133333333,32,44,462.659006,6
1427,84,14,90,6.923076923,90,42,1832.440875,5
1428,56,17,69,2.76,69,46,812.6815676,11
1429,26,17,15,1,15,44,464.7923394,6
1430,53,19,99,4.697439186,99,44,296.6603756,9
1431,78,20,11,0.44,11,46,815.4415676,11
1432,22,20,84,3.091851852,84,46,123.9652713,12
1433,25,11,43,3.307692308,43,42,1839.363952,5
1434,63,18,79,3.760626566,79,44,301.3578148,9
1435,25,19,69,5.307692308,69,42,1842.671644,5
1436,91,12,90,3.6,90,46,815.8815676,11
1437,53,14,40,2.325882353,40,44,292.7821123,7
1438,75,18,37,2.846153846,37,42,1847.979336,5
1439,51,13,65,3.433809524,65,44,246.530554,8
1440,16,20,39,1.56,39,46,819.4815676,11
1441,96,12,19,2.111111111,19,42,63.96335331,3
1442,35,20,90,6.923076923,90,42,1850.82549,5
1443,84,10,29,1.933333333,29,44,465.7923394,6
1444,58,16,15,0.6,15,46,821.0415676,11
1445,23,12,51,1.739310345,51,46,67.92975405,13
1446,68,10,54,2.797110423,54,44,249.9643635,8
1447,92,16,51,3.923076923,51,42,1857.748567,5
1448,35,15,32,1.28,32,46,821.6415676,11
1449,89,15,93,4.856700575,93,44,252.761474,8
1450,55,18,98,3.92,98,46,822.9215676,11
1451,93,17,23,2.555555556,23,42,66.07446442,3
1452,65,10,73,5.615384615,73,42,1861.671644,5
1453,38,10,90,4.280072239,90,44,305.1184414,9
1454,70,12,17,1.798756799,17,42,68.63001998,3
1455,95,18,83,6.384615385,83,42,1867.287029,5
1456,19,19,57,2.28,57,46,826.8415676,11
1457,64,16,80,3.2,80,46,829.1215676,11
1458,73,19,82,4.287365473,82,44,257.6181745,8
1459,96,16,32,2.881118881,32,42,125.8604551,4
1460,18,12,20,0.8,20,46,832.3215676,11
1461,44,20,66,5.076923077,66,42,1873.671644,5
1462,76,17,54,2.16,54,46,833.1215676,11
1463,58,16,58,3.866666667,58,44,467.7256727,6
1464,51,12,10,0.4,10,46,835.2815676,11
1465,46,15,100,7.692307692,100,42,1878.748567,5
1466,14,13,79,2.603231162,79,46,8.502189264,14
1467,16,17,37,2.195714286,37,44,295.1079947,7
1468,23,14,48,2.770897833,48,44,297.303709,7
1469,54,16,39,1.56,39,46,835.6815676,11
1470,82,19,23,1.533333333,23,44,471.5923394,6
1471,98,17,89,6.846153846,89,42,1886.440875,5
1472,82,18,93,5.455599292,93,44,300.0746068,7
1473,82,12,61,2.44,61,46,837.2415676,11
1474,43,11,34,1.36,34,46,839.6815676,11
1475,29,15,18,1.384615385,18,42,1893.287029,5
1476,16,13,19,0.76,19,46,841.0415676,11
1477,60,13,37,2.846153846,37,42,1894.671644,5
1478,97,10,98,5.139308566,98,44,261.90554,8
1479,17,15,51,2.04,51,46,841.8015676,11
1480,21,15,24,1.846153846,24,42,1897.517798,5
1481,77,11,39,3,39,42,1899.363952,5
1482,18,16,78,3.12,78,46,843.8415676,11
1483,88,16,78,6,78,42,1902.363952,5
1484,14,18,17,1.133333333,17,44,473.1256727,6
1485,15,13,82,3.8856848,82,44,309.3985136,9
1486,69,16,71,2.84,71,46,846.9615676,11
1487,38,18,31,2.384615385,31,42,1908.363952,5
1488,10,11,86,3.763368716,86,44,123.9916395,10
1489,50,19,52,4,52,42,1910.748567,5
1490,90,11,61,4.692307692,61,42,1914.748567,5
1491,80,10,81,3.24,81,46,849.8015676,11
1492,54,15,32,1.870588235,32,44,305.5302061,7
1493,53,20,73,5.615384615,73,42,1919.440875,5
1494,37,12,58,2.127407407,58,46,127.0571231,12
1495,15,12,40,2.055698069,40,44,267.0448486,8
1496,48,20,40,2.666666667,40,44,474.259006,6
1497,71,16,98,3.92,98,46,853.0415676,11
1498,36,11,59,4.538461538,59,42,1925.056259,5
1499,99,17,41,2.733333333,41,44,476.9256727,6
1500,89,17,27,2.405594406,27,42,128.741574,4
1501,40,10,66,3.458646617,66,44,269.1005466,8
1502,80,17,57,4.384615385,57,42,1929.594721,5
1503,70,19,88,3.52,88,46,856.9615676,11
1504,52,12,16,1.066666667,16,44,479.659006,6
1505,80,14,37,2.846153846,37,42,1933.979336,5
1506,68,20,13,0.866666667,13,44,480.7256727,6
1507,28,11,77,3.648739496,77,44,313.2841984,9
1508,47,10,61,4.692307692,61,42,1936.82549,5
1509,99,20,53,2.12,53,46,860.4815676,11
1510,53,15,59,2.804098481,59,44,316.9329379,9
1511,59,15,96,3.536296296,96,46,129.1845305,12
1512,45,13,78,6,78,42,1941.517798,5
1513,33,18,67,3.517647059,67,44,272.5591933,8
1514,34,20,24,1.846153846,24,42,1947.517798,5
1515,91,17,82,3.28,82,46,862.6015676,11
1516,52,14,50,3.846153846,50,42,1949.363952,5
1517,90,12,80,4.687915377,80,44,307.4007943,7
1518,37,13,37,2.846153846,37,42,1953.210105,5
1519,100,18,61,4.692307692,61,42,1956.056259,5
1520,53,18,23,0.92,23,46,865.8815676,11
1521,25,11,26,0.962962963,26,46,132.7208268,12
1522,20,14,29,1.234782609,29,44,127.7550082,10
1523,42,11,15,1,15,44,481.5923394,6
1524,48,19,71,2.84,71,46,866.8015676,11
1525,28,17,52,3.034704408,52,44,312.0887097,7
1526,35,17,78,6,78,42,1960.748567,5
1527,18,17,71,2.6,71,46,133.6837898,12
1528,18,14,40,2.338935574,40,44,315.1234141,7
1529,21,20,69,3.241545039,69,44,319.7370364,9
1530,100,13,68,5.230769231,68,42,1966.748567,5
1531,26,16,25,1,25,46,869.6415676,11
1532,49,11,74,5.692307692,74,42,1971.979336,5
1533,54,12,38,2.533333333,38,44,482.5923394,6
1534,11,17,66,2.113541795,66,46,11.10542043,14
1535,83,17,41,2.733333333,41,44,485.1256727,6
1536,52,12,40,3.076923077,40,42,1977.671644,5
1537,65,15,75,3,75,46,870.6415676,11
1538,74,17,89,5.23051747,89,44,317.4623497,7
1539,79,17,64,4.923076923,64,42,1980.748567,5
1540,35,20,51,1.86962963,51,46,136.2837898,12
1541,53,10,95,4.517352204,95,44,322.9785814,9
1542,36,14,30,2.307692308,30,42,1985.671644,5
1543,86,17,29,2.636363636,29,42,131.1471684,4
1544,99,19,54,2.16,54,46,873.6415676,11
1545,82,15,45,3.461538462,45,42,1987.979336,5
1546,47,12,29,1.16,29,46,875.8015676,11
1547,21,15,50,2.443333333,50,44,327.4959336,9
1548,67,10,16,0.64,16,46,876.9615676,11
1549,13,19,18,0.662222222,18,46,138.1534194,12
1550,27,13,62,2.48,62,46,877.6015676,11
1551,93,17,26,2.363636364,26,42,133.783532,4
1552,66,19,98,7.538461538,98,42,1991.440875,5
1553,87,10,33,2.2,33,44,487.859006,6
1554,26,17,53,2.780156273,53,44,276.0768403,8
1555,62,19,50,2,50,46,880.0815676,11
1556,77,15,57,4.384615385,57,42,1998.979336,5
1557,39,13,82,3.873713696,82,44,329.939267,9
1558,32,20,23,0.92,23,46,882.0815676,11
1559,59,16,88,3.244444444,88,46,138.8156417,12
1560,57,13,13,1.444444444,13,42,70.42877678,3
1561,96,16,48,3.692307692,48,42,2003.363952,5
1562,33,18,83,4.340123839,83,44,278.8569966,8
1563,32,14,37,2.846153846,37,42,2007.056259,5
1564,51,10,71,2.84,71,46,883.0015676,11
1565,99,19,10,1.346984127,10,42,23.77321456,2
1566,90,12,72,5.538461538,72,42,2009.902413,5
1567,17,12,64,3.012531328,64,44,333.8129807,9
1568,43,10,73,2.92,73,46,885.8415676,11
1569,100,12,17,1.887777778,17,42,71.87322122,3
1570,17,12,75,3.532773109,75,44,336.825512,9
1571,84,19,54,4.153846154,54,42,2015.440875,5
1572,36,10,81,3.24,81,46,888.7615676,11
1573,31,19,98,7.538461538,98,42,2019.594721,5
1574,59,15,96,4.563526463,96,44,340.3582851,9
1575,48,10,63,2.52,63,46,892.0015676,11
1576,63,17,47,3.615384615,47,42,2027.133182,5
1577,81,11,10,0.666666667,10,44,490.059006,6
1578,13,19,71,2.431060026,71,46,69.66906439,13
1579,42,16,52,3.038655462,52,44,322.6928671,7
1580,41,20,58,4.461538462,58,42,2030.748567,5
1581,66,14,80,4.197346307,80,44,283.1971204,8
1582,72,15,95,7.307692308,95,42,2035.210105,5
1583,83,15,25,1,25,46,894.5215676,11
1584,72,11,26,1.04,26,46,895.5215676,11
1585,68,15,13,0.52,13,46,896.5615676,11
1586,35,16,25,1,25,46,897.0815676,11
1587,53,12,100,4.732655167,100,44,344.9218116,9
1588,42,16,35,1.4,35,46,898.0815676,11
1589,44,12,42,3.230769231,42,42,2042.517798,5
1590,57,16,33,2.538461538,33,42,2045.748567,5
1591,77,15,80,3.2,80,46,899.4815676,11
1592,73,14,45,3.461538462,45,42,2048.287029,5
1593,95,13,64,3.764411028,64,44,325.7315226,7
1594,47,20,76,5.846153846,76,42,2051.748567,5
1595,35,16,70,2.8,70,46,902.6815676,11
1596,14,13,29,1.380175439,29,44,349.6544667,9
1597,85,20,24,1.6,24,44,490.7256727,6
1598,56,11,83,3.32,83,46,905.4815676,11
1599,42,11,17,1.133333333,17,44,492.3256727,6
1600,48,17,81,6.230769231,81,42,2057.594721,5
1601,17,18,75,3.525932478,75,44,351.0346422,9
1602,73,18,79,3.16,79,46,908.8015676,11
1603,77,12,53,4.076923077,53,42,2063.82549,5
1604,61,15,23,1.533333333,23,44,493.459006,6
1605,47,15,96,4.559103641,96,44,354.5605746,9
1606,93,17,30,2.713286713,30,42,136.1471684,4
1607,28,17,56,2.24,56,46,911.9615676,11
1608,90,16,84,6.461538462,84,42,2067.902413,5
1609,41,17,90,3.883915672,90,44,128.9897908,10
1610,65,18,52,2.08,52,46,914.2015676,11
1611,36,13,40,1.6,40,46,916.2815676,11
1612,76,15,46,3.538461538,46,42,2074.363952,5
1613,23,17,11,0.44,11,46,917.8815676,11
1614,32,12,93,4.414005602,93,44,359.1196783,9
1615,16,17,35,2.692307692,35,42,2077.902413,5
1616,39,13,72,2.88,72,46,918.3215676,11
1617,54,17,33,2.538461538,33,42,2080.594721,5
1618,79,12,38,2.923076923,38,42,2083.133182,5
1619,64,17,26,1.04,26,46,921.2015676,11
1620,93,15,32,2.909090909,32,42,138.8604551,4
1621,10,10,58,2.745098039,58,44,363.5336839,9
1622,30,15,64,2.37037037,64,46,142.0600861,12
1623,52,10,42,3.230769231,42,42,2086.056259,5
1624,66,20,71,4.174189886,71,44,329.4959336,7
1625,21,19,11,0.44,11,46,922.2415676,11
1626,28,11,35,2.692307692,35,42,2089.287029,5
1627,31,14,76,2.605466156,76,46,72.10012442,13
1628,21,16,26,2,26,42,2091.979336,5
1629,41,11,43,3.307692308,43,42,2093.979336,5
1630,16,10,15,1,15,44,494.9923394,6
1631,97,20,30,2,30,44,495.9923394,6
1632,96,17,23,2.485625486,23,42,73.760999,3
1633,86,12,18,0.72,18,46,922.6815676,11
1634,67,12,78,4.535780628,78,44,333.6701235,7
1635,81,20,10,1.396825397,10,42,25.12019869,2
1636,43,18,75,3,75,46,923.4015676,11
1637,88,19,16,1.676767677,16,42,76.24662449,3
1638,28,12,65,5,65,42,2097.287029,5
1639,86,13,83,4.83019313,83,44,338.2059041,7
1640,27,19,20,0.8,20,46,926.4015676,11
1641,65,18,97,3.88,97,46,927.2015676,11
1642,35,14,61,4.692307692,61,42,2102.287029,5
1643,18,10,71,3.371428571,71,44,366.2787819,9
1644,79,14,15,1.564102564,15,42,77.92339216,3
1645,36,13,54,4.153846154,54,42,2106.979336,5
1646,11,20,15,0.6,15,46,931.0815676,11
1647,28,12,18,0.72,18,46,931.6815676,11
1648,29,16,26,1.04,26,46,932.4015676,11
1649,16,10,70,2.405517241,70,46,74.70559057,13
1650,79,14,22,2.424242424,22,42,79.48749473,3
1651,100,18,14,0.933333333,14,44,497.9923394,6
1652,47,19,38,2.533333333,38,44,498.9256727,6
1653,71,14,96,7.384615385,96,42,2111.133182,5
1654,88,12,97,5.093527937,97,44,287.3944667,8
1655,93,12,72,2.88,72,46,933.4415676,11
1656,40,10,20,1.538461538,20,42,2118.517798,5
1657,94,14,27,2.412587413,27,42,141.769546,4
1658,55,12,73,4.237417072,73,44,343.0360973,7
1659,77,16,10,1.334776335,10,42,26.51702409,2
1660,47,13,60,2.4,60,46,936.3215676,11
1661,74,11,85,6.538461538,85,42,2120.056259,5
1662,84,14,31,2.066666667,31,44,501.459006,6
1663,91,10,33,1.32,33,46,938.7215676,11
1664,38,19,24,1.6,24,44,503.5256727,6
1665,98,16,83,6.384615385,83,42,2126.594721,5
1666,70,16,37,1.48,37,46,940.0415676,11
1667,96,13,90,5.267010172,90,44,347.2735143,7
1668,42,10,63,2.52,63,46,941.5215676,11
1669,24,11,84,3.11,84,46,144.4304565,12
1670,79,20,92,7.076923077,92,42,2132.979336,5
1671,12,10,37,1.914117647,37,44,292.4879947,8
1672,74,10,81,4.72201091,81,44,352.5405245,7
1673,21,13,12,0.48,12,46,944.0415676,11
1674,26,19,98,3.92,98,46,944.5215676,11
1675,29,17,20,1.538461538,20,42,2140.056259,5
1676,64,14,32,2.461538462,32,42,2141.594721,5
1677,48,13,16,1.066666667,16,44,505.1256727,6
1678,25,15,51,3.923076923,51,42,2144.056259,5
1679,35,18,74,3.84896506,74,44,294.4021123,8
1680,13,16,61,2.44,61,46,948.4415676,11
1681,24,18,91,7,91,42,2147.979336,5
1682,51,18,88,3.803800999,88,44,132.8737065,10
1683,80,14,79,3.16,79,46,950.8815676,11
1684,48,10,83,6.384615385,83,42,2154.979336,5
1685,94,10,41,2.733333333,41,44,506.1923394,6
1686,14,13,99,-1,99,0,0,15
1687,37,20,94,4.085571986,94,44,136.6775075,10
1688,15,19,76,5.846153846,76,42,2161.363952,5
1689,82,10,55,4.230769231,55,42,2167.210105,5
1690,33,16,89,3.56,89,46,954.0415676,11
1691,45,17,26,1.733333333,26,44,508.9256727,6
1692,96,11,29,1.933333333,29,44,510.659006,6
1693,14,16,44,2.297213622,44,44,298.2510774,8
1694,19,14,99,7.615384615,99,42,2171.440875,5
1695,43,11,21,0.84,21,46,957.6015676,11
1696,19,14,50,1.714482759,50,46,77.11110782,13
1697,37,14,58,3.041102757,58,44,300.548291,8
1698,45,11,98,3.92,98,46,958.4415676,11
1699,75,16,100,5.232453192,100,44,303.5893938,8
1700,50,18,52,4,52,42,2179.056259,5
1701,18,12,95,3.253128991,95,46,78.82559057,13
1702,55,11,76,5.846153846,76,42,2183.056259,5
1703,98,11,38,2.533333333,38,44,512.5923394,6
1704,77,12,95,7.307692308,95,42,2188.902413,5
1705,88,18,55,3.666666667,55,44,515.1256727,6
1706,76,18,83,4.319494324,83,44,308.8218469,8
1707,95,13,43,1.72,43,46,962.3615676,11
1708,37,20,89,3.56,89,46,964.0815676,11
1709,95,18,17,1.88034188,17,42,81.91173715,3
1710,78,17,41,3.153846154,41,42,2196.210105,5
1711,81,11,79,4.614005602,79,44,357.2625354,7
1712,72,13,16,1.696969697,16,42,83.79207903,3
1713,18,14,45,3.461538462,45,42,2199.363952,5
1714,41,17,36,1.44,36,46,967.6415676,11
1715,31,11,20,0.8,20,46,969.0815676,11
1716,36,19,99,7.615384615,99,42,2202.82549,5
1717,93,10,27,1.8,27,44,518.7923394,6
1718,13,18,28,1.025185185,28,46,147.5404565,12
1719,30,17,22,1.466666667,22,44,520.5923394,6
1720,30,19,93,3.442962963,93,46,148.5656417,12
1721,26,15,81,3.825770308,81,44,369.6502105,9
1722,22,19,39,3,39,42,2210.440875,5
1723,25,17,88,4.185994398,88,44,373.4759808,9
1724,43,17,37,2.846153846,37,42,2213.440875,5
1725,59,16,68,2.72,68,46,969.8815676,11
1726,92,10,75,5.769230769,75,42,2216.287029,5
1727,39,12,100,3.688888889,100,46,152.0086046,12
1728,33,10,80,3.442706511,80,44,140.7630795,10
1729,29,18,57,4.384615385,57,42,2222.056259,5
1730,72,17,58,4.461538462,58,42,2226.440875,5
1731,18,20,22,1.466666667,22,44,522.059006,6
1732,99,20,64,3.73557423,64,44,361.876541,7
1733,19,11,24,0.96,24,46,972.6015676,11
1734,16,12,58,2.112592593,58,46,155.6974935,12
1735,77,12,69,5.307692308,69,42,2230.902413,5
1736,92,12,51,3.4,51,44,523.5256727,6
1737,72,16,81,3.24,81,46,973.5615676,11
1738,96,10,62,4.769230769,62,42,2236.210105,5
1739,55,11,11,0.733333333,11,44,526.9256727,6
1740,36,19,92,4.349019608,92,44,377.6619752,9
1741,26,16,16,0.64,16,46,976.8015676,11
1742,63,19,60,4.615384615,60,42,2240.979336,5
1743,59,11,33,1.32,33,46,977.4415676,11
1744,37,16,45,1.8,45,46,978.7615676,11
1745,66,20,62,4.769230769,62,42,2245.594721,5
1746,64,18,93,4.40952381,93,44,382.0109948,9
1747,27,11,50,2,50,46,980.5615676,11
1748,89,14,95,7.307692308,95,42,2250.363952,5
1749,77,15,81,3.24,81,46,982.5615676,11
1750,19,13,18,1.2,18,44,527.659006,6
1751,15,11,77,3.34483908,77,44,144.205786,10
1752,88,19,14,1.974025974,14,42,27.85180042,2
1753,82,20,78,6,78,42,2257.671644,5
1754,45,15,49,1.96,49,46,985.8015676,11
1755,78,18,87,5.073389356,87,44,365.6121153,7
1756,56,10,44,1.613333333,44,46,157.8100861,12
1757,63,17,25,2.272727273,25,42,144.1821334,4
1758,65,14,91,3.64,91,46,987.7615676,11
1759,64,14,59,4.538461538,59,42,2263.671644,5
1760,94,18,54,3.6,54,44,528.859006,6
1761,99,13,72,5.538461538,72,42,2268.210105,5
1762,37,18,92,4.794692614,92,44,313.1413413,8
1763,95,19,12,0.48,12,46,991.4015676,11
1764,23,18,25,1,25,46,991.8815676,11
1765,43,14,51,2.04,51,46,992.8815676,11
1766,21,11,11,1,11,42,146.4548607,4
1767,23,16,86,3.44,86,46,994.9215676,11
1768,40,17,58,4.461538462,58,42,2273.748567,5
1769,95,11,100,5.833613445,100,44,370.6855046,7
1770,93,15,94,7.230769231,94,42,2278.210105,5
1771,19,11,95,3.264533844,95,46,82.07871956,13
1772,93,20,15,1,15,44,532.459006,6
1773,28,16,79,3.728851541,79,44,386.4205186,9
1774,29,13,34,2.615384615,34,42,2285.440875,5
1775,78,18,79,6.076923077,79,42,2288.056259,5
1776,32,13,31,1.24,31,46,998.3615676,11
1777,61,15,40,2.346778711,40,44,376.5191181,7
1778,70,12,98,3.92,98,46,999.6015676,11
1779,45,20,72,5.538461538,72,42,2294.133182,5
1780,41,13,96,4.547338936,96,44,390.1493702,9
1781,64,12,35,2.692307692,35,42,2299.671644,5
1782,91,11,64,2.56,64,46,1003.521568,11
1783,45,13,19,1.266666667,19,44,533.459006,6
1784,61,16,12,1.333333333,12,42,85.48904873,3
1785,35,14,53,2.283229814,53,44,147.5506251,10
1786,52,20,75,5.769230769,75,42,2302.363952,5
1787,74,20,12,0.48,12,46,1006.081568,11
1788,20,13,63,2.52,63,46,1006.561568,11
1789,20,13,64,3.003361345,64,44,394.6967091,9
1790,81,19,39,3,39,42,2308.133182,5
1791,95,11,48,3.692307692,48,42,2311.133182,5
1792,82,14,36,2.4,36,44,534.7256727,6
1793,29,14,31,1.24,31,46,1009.081568,11
1794,80,10,79,3.16,79,46,1010.321568,11
1795,59,14,37,2.466666667,37,44,537.1256727,6
1796,18,10,57,4.384615385,57,42,2314.82549,5
1797,14,11,79,3.44648828,79,44,149.8338549,10
1798,58,10,67,2.68,67,46,1013.481568,11
1799,79,13,52,4,52,42,2319.210105,5
1800,31,10,15,1,15,44,539.5923394,6
1801,67,17,43,3.307692308,43,42,2323.210105,5
1802,23,16,18,0.943859649,18,44,317.9360339,8
1803,83,20,11,0.733333333,11,44,540.5923394,6
1804,30,16,43,1.72,43,46,1016.161568,11
1805,60,19,43,2.478431373,43,44,378.8658968,7
1806,62,15,37,2.846153846,37,42,2326.517798,5
1807,39,13,41,1.518518519,41,46,159.4234194,12
1808,30,20,32,2.133333333,32,44,541.3256727,6
1809,55,16,56,4.307692308,56,42,2329.363952,5
1810,85,12,94,5.519327731,94,44,381.3443281,7
1811,76,19,75,3,75,46,1017.881568,11
1812,73,20,30,2.72027972,30,42,147.4548607,4
1813,90,12,13,1.842823843,13,42,29.8258264,2
1814,65,18,18,1.949494949,18,42,86.82238206,3
1815,78,14,75,5.769230769,75,42,2333.671644,5
1816,26,20,61,2.44,61,46,1020.881568,11
1817,53,14,56,3.285714286,56,44,386.8636559,7
1818,84,14,20,0.8,20,46,1023.321568,11
1819,49,16,31,1.823529412,31,44,390.1493702,7
1820,36,18,38,2.923076923,38,42,2339.440875,5
1821,15,16,54,2,54,46,160.941938,12
1822,44,10,61,3.165914787,61,44,318.8798935,8
1823,98,10,15,2.125541126,15,42,31.66865024,2
1824,18,10,21,0.84,21,46,1024.121568,11
1825,77,10,95,7.307692308,95,42,2342.363952,5
1826,82,11,65,3.774789916,65,44,391.9728996,7
1827,88,15,30,1.2,30,46,1024.961568,11
1828,98,11,85,3.4,85,46,1026.161568,11
1829,78,14,59,4.538461538,59,42,2349.671644,5
1830,40,14,40,2.305322129,40,44,395.7476895,7
1831,12,16,47,1.617931034,47,46,85.34325341,13
1832,42,13,21,1.4,21,44,543.459006,6
1833,39,10,28,2.153846154,28,42,2354.210105,5
1834,53,13,62,3.619047619,62,44,398.0530116,7
1835,13,19,55,4.230769231,55,42,2356.363952,5
1836,69,20,48,1.92,48,46,1029.561568,11
1837,99,12,59,4.538461538,59,42,2360.594721,5
1838,45,12,79,3.16,79,46,1031.481568,11
1839,73,13,84,3.971988796,84,44,397.7000704,9
1840,89,15,53,4.076923077,53,42,2365.133182,5
1841,53,16,64,2.56,64,46,1034.641568,11
1842,51,19,12,1.333333333,12,42,88.77187701,3
1843,72,11,22,1.466666667,22,44,544.859006,6
1844,83,19,98,7.538461538,98,42,2369.210105,5
1845,62,16,61,3.588235294,61,44,401.6720592,7
1846,45,14,79,3.16,79,46,1037.201568,11
1847,32,13,34,1.977591036,34,44,405.2602945,7
1848,91,17,30,2.727272727,30,42,150.1751404,4
1849,37,16,22,1.466666667,22,44,546.3256727,6
1850,91,15,98,7.538461538,98,42,2376.748567,5
1851,78,13,92,4.350140056,92,44,401.6720592,9
1852,58,17,61,2.238518519,61,46,162.941938,12
1853,22,14,26,1.04,26,46,1040.361568,11
1854,64,12,92,3.392592593,92,46,165.1804565,12
1855,38,17,87,4.129971989,87,44,406.0221993,9
1856,46,13,30,2.307692308,30,42,2384.287029,5
1857,28,17,47,3.615384615,47,42,2386.594721,5
1858,53,13,88,3.52,88,46,1041.401568,11
1859,83,19,79,6.076923077,79,42,2390.210105,5
1860,88,17,100,5.212030075,100,44,322.0458083,8
1861,10,15,90,3.123703704,90,46,86.96118444,13
1862,93,10,99,7.615384615,99,42,2396.287029,5
1863,51,13,57,3.32605042,57,44,407.2378856,7
1864,56,14,92,3.99716042,92,44,153.2803432,10
1865,20,16,95,3.518518519,95,46,168.5730491,12
1866,54,12,14,1.487179487,14,42,90.10521035,3
1867,99,15,45,3.461538462,45,42,2403.902413,5
1868,71,14,21,1.909090909,21,42,152.9024131,4
1869,54,18,87,6.692307692,87,42,2407.363952,5
1870,46,14,77,3.328722061,77,44,157.2775036,10
1871,99,15,66,2.64,66,46,1044.921568,11
1872,24,12,32,1.28,32,46,1047.561568,11
1873,65,18,24,2.174825175,24,42,154.8115041,4
1874,61,20,31,2.066666667,31,44,547.7923394,6
1875,27,12,12,0.923076923,12,42,2414.056259,5
1876,13,16,55,2.07,55,46,172.0915676,12
1877,73,14,35,2.692307692,35,42,2414.979336,5
1878,70,11,63,4.2,63,44,549.859006,6
1879,21,13,39,3,39,42,2417.671644,5
1880,85,19,46,3.538461538,46,42,2420.671644,5
1881,33,17,67,2.68,67,46,1048.841568,11
1882,98,17,39,2.6,39,44,554.059006,6
1883,28,10,87,4.11372549,87,44,410.1521713,9
1884,35,18,55,4.230769231,55,42,2424.210105,5
1885,68,13,95,3.8,95,46,1051.521568,11
1886,93,20,10,1.428571429,10,42,33.79419136,2
1887,30,15,16,1.230769231,16,42,2428.440875,5
1888,39,12,70,5.384615385,70,42,2429.671644,5
1889,19,12,87,3.780254985,87,44,160.6062257,10
1890,58,10,10,0.4,10,46,1055.321568,11
1891,71,15,37,1.48,37,46,1055.721568,11
1892,74,11,61,4.692307692,61,42,2435.056259,5
1893,65,14,98,3.6,98,46,174.1615676,12
1894,22,13,25,1.666666667,25,44,556.659006,6
1895,33,13,26,1.733333333,26,44,558.3256727,6
1896,88,20,91,7,91,42,2439.748567,5
1897,17,15,20,0.933333333,20,44,414.2658968,9
1898,56,16,30,2,30,44,560.059006,6
1899,94,10,52,3.035294118,52,44,410.563936,7
1900,10,12,78,2.664827586,78,46,90.08488815,13
1901,75,19,15,1.626262626,15,42,91.59238983,3
1902,65,15,38,2.923076923,38,42,2446.748567,5
1903,17,20,91,4.368823529,91,44,415.1992301,9
1904,82,14,31,2.384615385,31,42,2449.671644,5
1905,90,17,50,2,50,46,1057.201568,11
1906,47,11,54,2.16,54,46,1059.201568,11
1907,10,19,42,3.230769231,42,42,2452.056259,5
1908,41,19,59,3.102481203,59,44,327.2578384,8
1909,56,20,18,1.384615385,18,42,2455.287029,5
1910,94,14,22,2.376068376,22,42,93.21865246,3
1911,63,12,96,3.84,96,46,1061.361568,11
1912,67,11,61,4.692307692,61,42,2456.671644,5
1913,42,12,23,1.533333333,23,44,562.059006,6
1914,65,11,47,3.133333333,47,44,563.5923394,6
1915,80,20,99,7.615384615,99,42,2461.363952,5
1916,26,12,81,3.24,81,46,1065.201568,11
1917,32,16,71,3.715818959,71,44,330.3603196,8
1918,68,10,33,2.2,33,44,566.7256727,6
1919,17,16,33,1.32,33,46,1068.441568,11
1920,89,17,78,6,78,42,2468.979336,5
1921,22,10,26,1.733333333,26,44,568.9256727,6
1922,68,17,78,3.12,78,46,1069.761568,11
1923,44,20,86,3.721568563,86,44,164.3864807,10
1924,67,18,46,3.538461538,46,42,2474.979336,5
1925,78,16,46,1.84,46,46,1072.881568,11
1926,83,11,38,2.923076923,38,42,2478.517798,5
1927,72,12,33,2.2,33,44,570.659006,6
1928,86,10,44,1.76,44,46,1074.721568,11
1929,95,16,82,6.307692308,82,42,2481.440875,5
1930,32,17,100,4.742857143,100,44,419.5680536,9
1931,38,10,25,1,25,46,1076.481568,11
1932,26,12,63,2.52,63,46,1077.481568,11
1933,91,14,83,6.384615385,83,42,2487.748567,5
1934,30,18,45,2.368421053,45,44,334.0761386,8
1935,77,12,58,2.32,58,46,1080.001568,11
1936,65,16,81,3.819047619,81,44,424.3109108,9
1937,17,13,40,3.076923077,40,42,2494.133182,5
1938,14,19,53,1.814814815,53,46,92.74971573,13
1939,17,12,16,0.64,16,46,1082.321568,11
1940,33,18,70,5.384615385,70,42,2497.210105,5
1941,81,18,79,5.266666667,79,44,572.859006,6
1942,78,19,93,3.72,93,46,1082.961568,11
1943,14,16,40,3.076923077,40,42,2502.594721,5
1944,59,17,17,1.133333333,17,44,578.1256727,6
1945,14,17,48,1.92,48,46,1086.681568,11
1946,58,11,100,4.742857143,100,44,428.1299584,9
1947,57,12,19,1.461538462,19,42,2505.671644,5
1948,68,14,62,4.769230769,62,42,2507.133182,5
1949,15,17,60,2.4,60,46,1088.601568,11
1950,65,13,31,2.384615385,31,42,2511.902413,5
1951,60,14,67,3.180952381,67,44,432.8728155,9
1952,91,20,90,6.923076923,90,42,2514.287029,5
1953,16,18,17,0.68,17,46,1091.001568,11
1954,28,12,42,1.536296296,42,46,177.7615676,12
1955,90,12,40,2.666666667,40,44,579.259006,6
1956,96,17,28,1.12,28,46,1091.681568,11
1957,19,13,87,3.48,87,46,1092.801568,11
1958,54,12,31,2.066666667,31,44,581.9256727,6
1959,83,10,74,5.692307692,74,42,2521.210105,5
1960,68,20,96,5.018988648,96,44,336.4445596,8
1961,62,15,23,1.769230769,23,42,2526.902413,5
1962,59,19,89,3.56,89,46,1096.281568,11
1963,11,13,70,5.384615385,70,42,2528.671644,5
1964,59,13,89,4.668789621,89,44,341.4635483,8
1965,89,17,27,2.454545455,27,42,156.9863292,4
1966,60,15,88,3.25037037,88,46,179.2978639,12
1967,46,10,33,2.538461538,33,42,2534.056259,5
1968,25,11,90,4.31,90,44,436.0537679,9
1969,70,11,98,7.538461538,98,42,2536.594721,5
1970,25,11,30,1.2,30,46,1099.841568,11
1971,77,16,13,0.52,13,46,1101.041568,11
1972,63,10,42,1.68,42,46,1101.561568,11
1973,88,14,100,5.858823529,100,44,413.5992301,7
1974,48,16,92,7.076923077,92,42,2544.133182,5
1975,51,15,80,2.958518519,80,46,182.5482343,12
1976,100,18,57,4.384615385,57,42,2551.210105,5
1977,96,13,42,2.8,42,44,583.9923394,6
1978,33,20,44,1.76,44,46,1103.241568,11
1979,74,17,28,1.12,28,46,1105.001568,11
1980,82,18,42,3.230769231,42,42,2555.594721,5
1981,80,13,92,4.380952381,92,44,440.3637679,9
1982,89,19,40,1.6,40,46,1106.121568,11
1983,45,11,32,1.28,32,46,1107.721568,11
1984,65,18,75,5.769230769,75,42,2558.82549,5
1985,74,10,15,1,15,44,586.7923394,6
1986,96,11,55,2.2,55,46,1109.001568,11
1987,20,11,55,2.619047619,55,44,444.7447203,9
1988,62,16,65,5,65,42,2564.594721,5
1989,53,19,90,3.6,90,46,1111.201568,11
1990,88,18,92,4.79230429,92,44,346.1323379,8
1991,92,14,57,4.384615385,57,42,2569.594721,5
1992,87,15,83,6.384615385,83,42,2573.979336,5
1993,10,12,21,0.84,21,46,1114.801568,11
1994,12,13,75,2.774814815,75,46,185.5067528,12
1995,43,18,54,2.826408669,54,44,350.9246422,8
1996,89,11,67,4.466666667,67,44,587.7923394,6
1997,41,10,91,3.64,91,46,1115.641568,11
1998,21,12,31,2.384615385,31,42,2580.363952,5
1999,58,14,54,4.153846154,54,42,2582.748567,5
2000,25,12,30,1.428571429,30,44,447.3637679,9
