TaskID,StartTime,TaskFileSize,TaskOutputFileSize,TaskFileLength,UserLatitude,UserLongitude,taskStatus
1,0.1,30,11,72,66.66550777114867,-110.72004577181619,Trusted Data
2,0.7728971962616822,78,13,96,56.23537317579016,80.09674523667366,Trusted Data
3,1.670093457943925,72,11,73,27.243386316133083,179.2986239167813,Malware Detected (ransomware)
4,0.1,51,15,90,-48.22145134198125,72.22911111979238,Malware Detected (dos)
5,0.85,32,11,84,9.122579615932295,70.23784355800734,Trusted Data
6,2.3523364485981304,99,16,68,-27.721310316014034,-41.60748204145068,Trusted Data
7,2.9878504672897193,22,17,58,54.92713722284478,152.28142544265768,Trusted Data
8,0.1,59,18,14,-5.972740969036778,-76.22993114789826,Malware Detected (ddos)
9,0.24000000000000002,58,20,22,85.14533819723036,3.5467918052165146,Trusted Data
10,1.5499999999999998,26,15,96,24.324591783123807,-166.87800625527586,Trusted Data
11,2.3499999999999996,30,16,39,45.197337127109506,59.75200375526589,Trusted Data
12,0.46,49,14,19,-49.72392941766697,143.01184032878228,Trusted Data
13,3.5299065420560742,34,10,79,-51.466531083821835,86.51491013925062,Trusted Data
14,0.65,76,18,14,18.80137755915642,138.4953293642463,Trusted Data
15,2.675,71,11,30,-4.326963508435838,-6.397105730456133,Trusted Data
16,4.26822429906542,65,13,14,-73.77267989682672,-126.51691392627268,Trusted Data
17,2.925,42,14,15,-74.95326724151951,-113.81402246091741,Trusted Data
18,0.79,13,12,37,80.2882628123559,76.43171539463913,Malware Detected (password)
19,4.3990654205607465,61,16,49,-81.67359219639735,107.09457540306494,Trusted Data
20,3.05,61,18,87,-20.95958593037608,-154.82234482621772,Malware Detected (ransomware)
21,1.1600000000000001,17,17,22,-39.40758600018109,170.28115342549734,Malware Detected (backdoor)
22,3.775,54,11,44,-13.633638092634257,-149.0178910995921,Malware Detected (scanning)
23,1.3800000000000001,58,14,22,-54.19345402972397,-7.835920284478306,Trusted Data
24,4.141666666666667,100,19,43,38.030666384143046,88.80558745519068,Trusted Data
25,1.6,88,14,74,25.35122844194963,158.3249159561858,Malware Detected (password)
26,4.857009345794391,41,10,76,-22.324468379370174,64.74164969912059,Trusted Data
27,2.34,29,20,49,8.233937536283747,41.57826485707767,Malware Detected (ddos)
28,2.83,61,19,84,68.52995154797583,-108.01540862975534,Trusted Data
29,4.5,46,19,60,56.71604272220446,65.22181323175585,Trusted Data
30,5.0,29,17,56,51.54010755361864,-141.027462226224,Malware Detected (ddos)
31,3.67,14,12,27,-29.165187887616625,-56.14110062627931,Malware Detected (ransomware)
32,3.94,11,20,65,-62.44543963785396,-82.24152834069548,Trusted Data
33,5.466666666666667,37,20,69,-11.36747740900448,-98.55678230776479,Malware Detected (dos)
34,4.59,66,13,65,81.14161193882862,-41.518525788376564,Trusted Data
35,5.567289719626166,59,19,12,-43.40232149599481,-75.02942115333961,Trusted Data
36,5.679439252336446,76,12,27,3.1437720454007945,-159.84140719142553,Trusted Data
37,5.931775700934577,61,17,29,-35.19685135758016,64.57187293498458,Malware Detected (backdoor)
38,6.041666666666667,76,14,59,-39.828475129797994,20.771909805205922,Trusted Data
39,5.24,78,14,77,-89.93519308532716,164.02621514514766,Trusted Data
40,6.533333333333333,92,14,62,-63.25352135430804,-16.675186891708393,Malware Detected (backdoor)
41,6.202803738317755,62,15,68,-43.49561116350957,139.76730901004328,Trusted Data
42,7.05,52,20,56,82.94240633323977,1.8269081347845884,Trusted Data
43,7.516666666666667,66,14,20,53.4840573273799,-157.02273138330412,Trusted Data
44,6.838317757009343,50,13,78,14.743447893546147,-112.46982440414642,Trusted Data
45,7.683333333333334,50,15,94,44.70696755269785,173.5411165010902,Malware Detected (injection)
46,7.5672897196261655,31,12,44,0.5860724620334707,49.26477964839768,Trusted Data
47,6.01,55,14,64,-13.061196667790824,-116.33361637876416,Trusted Data
48,8.466666666666667,17,12,50,-69.92527703096997,-8.664269792027255,Trusted Data
49,6.6499999999999995,98,10,58,77.29938579106764,-106.95386312459311,Malware Detected (scanning)
50,7.978504672897193,56,17,77,46.416140729868914,-164.35305413738874,Trusted Data
51,8.698130841121491,75,16,56,1.7421925373914888,153.97479315508207,Trusted Data
52,9.221495327102799,55,11,20,-61.67322836083136,12.378565358981547,Trusted Data
53,9.408411214953267,22,19,97,-25.399333950768153,40.61757382002935,Trusted Data
54,7.2299999999999995,18,14,86,-6.582705846531681,115.13937081294347,Malware Detected (injection)
55,10.314953271028033,82,10,29,33.21230843495577,148.11246330823462,Trusted Data
56,10.58598130841121,97,15,51,79.36925191149433,-84.02560712619662,Trusted Data
57,11.062616822429902,16,15,29,-21.693738127386666,15.068191634515728,Malware Detected (ransomware)
58,8.883333333333333,49,11,65,-20.023464662555156,-26.603687226341606,Trusted Data
59,9.424999999999999,85,12,66,-70.71328921163204,82.72790878719394,Malware Detected (password)
60,9.975,57,12,88,35.82220388939177,74.2857756700543,Trusted Data
61,10.708333333333332,56,15,91,-88.52522728060791,172.39422405765686,Trusted Data
62,8.09,25,10,84,72.63876952560457,163.8897415958005,Malware Detected (ransomware)
63,11.466666666666665,88,10,85,50.75159015133224,-105.72545152643566,Trusted Data
64,11.333644859813079,50,14,79,59.30530087685091,-64.10322562235888,Trusted Data
65,12.071962616822425,89,13,85,-23.873022221513438,158.2950293358582,Malware Detected (scanning)
66,12.866355140186911,36,18,48,51.38807661881711,-160.3158864387476,Malware Detected (ddos)
67,8.93,49,13,80,74.03722670395535,44.43319665183421,Trusted Data
68,9.73,83,11,17,-69.33964704699277,-24.925659612739196,Trusted Data
69,13.314953271028033,20,18,60,3.747072135918131,45.48228877408084,Malware Detected (dos)
70,13.875700934579434,11,10,18,72.22830194147659,89.17575944632699,Trusted Data
71,9.9,38,13,95,7.510207950250205,89.9676482486974,Malware Detected (ransomware)
72,10.85,57,20,71,-61.37852041611047,165.3676940362721,Trusted Data
73,11.559999999999999,55,10,22,-83.59072321671105,-112.54438848451217,Malware Detected (ransomware)
74,12.174999999999999,82,19,70,-51.427731515460124,39.7499181450639,Trusted Data
75,12.758333333333333,47,20,18,29.821853510869815,-164.3536271690129,Trusted Data
76,11.78,62,11,45,13.463956064559213,37.95254844649389,Trusted Data
77,12.229999999999999,24,17,12,-31.18545430458955,63.46620845189818,Trusted Data
78,12.349999999999998,11,14,53,6.696460549487085,102.50956841832476,Trusted Data
79,14.043925233644854,86,17,38,-44.35107631574915,-106.46123845518285,Malware Detected (scanning)
80,12.879999999999997,19,11,23,68.90484961648482,45.862507760821074,Trusted Data
81,12.908333333333333,30,10,34,-86.41494074592146,-143.39115019500065,Malware Detected (injection)
82,14.399065420560742,36,12,18,-64.89484359787816,176.3419519972088,Malware Detected (ransomware)
83,13.109999999999998,75,20,81,-13.96074168340185,-117.3651279930491,Trusted Data
84,14.567289719626162,67,10,95,42.37913506195767,-47.088576512454296,Trusted Data
85,13.191666666666666,24,11,52,71.94546178194352,71.10129315784857,Malware Detected (password)
86,15.455140186915882,81,10,10,82.00976725750718,-168.26417364440186,Trusted Data
87,13.625,71,15,18,-25.353164579602733,-154.64764926069887,Malware Detected (injection)
88,15.565140186915881,51,18,69,-33.970512182860986,-24.01667985168791,Trusted Data
89,13.775,21,10,58,43.56879951612575,125.15164405341989,Malware Detected (xss)
90,14.258333333333333,79,20,34,56.14592724928096,-31.170973048686307,Trusted Data
91,13.919999999999998,42,16,45,74.09420627185963,30.078139023346154,Trusted Data
92,16.209999999999994,68,12,20,46.26262556163883,141.19092828351438,Malware Detected (dos)
93,16.39691588785046,20,16,37,-42.138725461283904,-128.31694119690215,Malware Detected (backdoor)
94,14.369999999999997,50,19,53,-11.317279800936518,-138.90084303298977,Trusted Data
95,14.899999999999997,48,19,94,58.83320221855607,147.0937499384953,Malware Detected (scanning)
96,16.742710280373824,93,12,38,14.402830048976725,-22.59520209129755,Trusted Data
97,15.839999999999996,23,20,35,-37.80283731136061,49.63030017319383,Malware Detected (scanning)
98,16.189999999999998,53,20,69,-2.0738412999033358,150.88449361085384,Malware Detected (injection)
99,17.097850467289714,20,13,56,28.02654002631718,149.4542281320277,Trusted Data
100,16.88,95,16,51,-61.00052074673048,105.51941748113956,Malware Detected (ddos)
101,14.541666666666666,49,17,73,-45.84705990254652,39.170604299018436,Malware Detected (password)
102,15.149999999999999,89,14,91,68.53296719839534,-179.7115464245191,Trusted Data
103,17.62121495327102,27,16,23,68.18899969181109,-160.0121912483418,Trusted Data
104,17.39,20,16,62,-25.093828648971055,-37.851674744422866,Trusted Data
105,17.83616822429906,98,16,35,-43.66845311359655,104.28679941656782,Malware Detected (injection)
106,18.01,99,18,53,24.97395868619772,140.95043660449687,Trusted Data
107,15.908333333333331,28,19,12,61.809934438426524,176.19637620899192,Trusted Data
108,18.163271028037375,48,16,89,16.44278012432612,-28.588232810339008,Trusted Data
109,18.540000000000003,23,10,20,72.63488818479254,-20.508744876982917,Trusted Data
110,16.018333333333334,52,12,10,-10.156196175739566,-168.21822453886872,Malware Detected (injection)
111,18.740000000000002,36,18,90,9.434341645458403,-23.673406387783643,Trusted Data
112,19.64,15,15,45,32.712457921594904,95.47134867258677,Trusted Data
113,18.995046728971953,88,19,58,-82.75470777005118,-129.21310067741095,Trusted Data
114,19.537102803738307,57,15,91,88.61252066715932,138.09486676007913,Trusted Data
115,20.09,60,15,77,60.683837831536266,-13.57568017347026,Trusted Data
116,20.86,56,20,53,-68.97819543540261,-156.5826735050766,Malware Detected (dos)
117,21.39,19,16,75,-63.55495919087222,-74.26879626785158,Trusted Data
118,22.14,38,10,60,-0.2583961349961754,168.92466374190184,Trusted Data
119,16.128333333333337,82,17,91,33.05549988922296,-167.1386569971741,Trusted Data
120,20.38757009345793,80,19,92,-18.48793856168392,-97.16437273668005,Trusted Data
121,16.88666666666667,85,16,44,66.481825610372,-59.06869997326494,Trusted Data
122,17.253333333333337,35,11,88,55.70348525316879,-138.3288510491342,Trusted Data
123,21.247383177570082,83,19,78,72.00217082848701,-131.09147530077954,Malware Detected (ransomware)
124,22.740000000000002,66,12,81,-41.56037714601364,-120.51665489535043,Malware Detected (scanning)
125,17.98666666666667,38,11,28,-57.308965815137185,-133.1641097691959,Trusted Data
126,18.220000000000006,49,12,82,-69.81310756596642,11.627526876768371,Trusted Data
127,18.90333333333334,58,19,29,61.90365709500696,35.07752899508239,Trusted Data
128,19.145000000000007,56,11,98,-35.492251263060396,-12.573916849317072,Trusted Data
129,23.55,58,15,79,85.52199095627557,19.568006883873437,Trusted Data
130,21.976355140186904,27,15,34,53.43770708449034,97.41386001684822,Malware Detected (backdoor)
131,24.34,61,14,76,-53.78698108959117,124.31875619056188,Trusted Data
132,19.961666666666673,62,15,72,30.113197214129656,53.036632212555645,Malware Detected (password)
133,22.294112149532697,65,19,41,38.562482823218005,-79.66826131131216,Malware Detected (backdoor)
134,20.561666666666675,38,17,42,53.44813131113082,145.3091189758262,Trusted Data
135,25.1,21,12,46,29.984599516062644,13.832331581376764,Malware Detected (ddos)
136,25.560000000000002,66,16,50,-83.74968865445167,89.1386992609456,Trusted Data
137,26.060000000000002,11,16,42,-47.81182584891128,-22.238369256114737,Trusted Data
138,20.911666666666676,92,15,79,-28.215272110710174,104.57553523396734,Trusted Data
139,22.677289719626156,14,11,90,11.496406504444892,-6.896400553915356,Trusted Data
140,23.518411214953257,31,10,84,-28.759289541474274,15.851370137628436,Malware Detected (password)
141,24.30345794392522,77,19,24,82.46301869611963,-145.5006572920156,Trusted Data
142,26.480000000000004,100,18,34,74.95801607635292,87.35081473152565,Trusted Data
143,21.57000000000001,12,20,44,62.98304502271449,-131.5338923030439,Trusted Data
144,21.936666666666678,76,13,60,75.05822106120254,99.93661349364532,Trusted Data
145,22.436666666666678,21,12,61,-3.5792944570185483,52.01917124453405,Trusted Data
146,26.820000000000004,31,12,87,-79.31592586777649,47.93384597133067,Malware Detected (password)
147,27.690000000000005,90,15,52,-47.76642923709132,-154.6197993181279,Trusted Data
148,24.52775700934578,44,19,77,-79.9426789641991,96.27581038536658,Trusted Data
149,25.24738317757008,83,13,49,87.97514027926042,-7.07243157445663,Trusted Data
150,25.705327102803725,48,13,93,-44.636868930372806,119.19368822554418,Trusted Data
151,26.5744859813084,71,10,44,-18.812548757881473,-1.3859217735773939,Malware Detected (dos)
152,22.94500000000001,65,16,35,24.708055800995666,-114.1782301536768,Trusted Data
153,26.985700934579427,28,14,73,64.89171712675684,119.77874018086811,Malware Detected (ransomware)
154,28.210000000000004,85,18,98,-37.1189793257956,158.84019175847538,Trusted Data
155,27.667943925233633,64,17,65,82.83054576813547,-18.325198244761566,Malware Detected (ransomware)
156,23.23666666666668,56,20,62,-53.664356227339034,172.19841001796834,Trusted Data
157,28.27542056074765,86,19,30,41.334509436589684,66.11601481785291,Trusted Data
158,23.753333333333345,26,13,36,-34.33248071411375,0.6230956296883221,Malware Detected (dos)
159,24.053333333333345,64,12,59,4.235510380247433,-37.80116749546062,Trusted Data
160,24.545000000000012,93,10,62,74.88331495731109,-15.842105101104835,Trusted Data
161,29.190000000000005,54,13,33,75.73185848637269,78.98050204005841,Trusted Data
162,25.061666666666678,47,11,33,-27.273941690230807,-118.61972891539101,Trusted Data
163,25.336666666666677,68,12,68,-41.62309622355696,128.81002360314432,Trusted Data
164,28.555794392523353,79,10,58,45.24427399135749,-45.5113173037081,Malware Detected (ransomware)
165,29.097850467289707,74,18,73,-38.547974629906854,-160.50250700349943,Trusted Data
166,25.903333333333343,49,14,31,42.76954240340325,49.461818049625094,Trusted Data
167,29.780093457943913,57,19,14,-63.211805911170316,-0.667971920122227,Trusted Data
168,26.161666666666676,19,20,14,-48.46743525495011,80.36829374353601,Malware Detected (backdoor)
169,26.278333333333343,86,15,72,-30.414865766519185,34.68577688586956,Malware Detected (backdoor)
170,26.878333333333345,52,19,84,58.51301499341204,28.135820711758583,Trusted Data
171,29.91093457943924,96,11,45,-47.16653655195271,162.8542956527138,Trusted Data
172,29.520000000000003,96,15,46,-70.41423680294267,-116.3298428539882,Trusted Data
173,29.980000000000004,52,17,52,30.753004052444012,1.0961984211614606,Trusted Data
174,30.500000000000004,26,18,17,-7.393045227950054,3.1028044844515534,Malware Detected (dos)
175,27.578333333333344,27,17,81,37.650785135742396,132.60351448283228,Malware Detected (dos)
176,30.33149532710279,85,10,12,-30.740428362128533,82.73463860956747,Trusted Data
177,30.44364485981307,33,12,34,74.25415988369258,-98.36349613686187,Trusted Data
178,30.761401869158863,10,18,44,89.12743264115349,45.30180385393342,Trusted Data
179,30.670000000000005,83,13,82,-27.262386732925926,152.4022579484971,Trusted Data
180,31.17261682242989,49,18,10,-87.74348430727345,-52.84222655353838,Malware Detected (injection)
181,31.490000000000006,94,17,98,-9.034815509468572,-118.44848577042436,Trusted Data
182,28.253333333333345,26,15,85,-35.69856294037107,160.2534807870809,Malware Detected (password)
183,31.282616822429894,56,11,86,-75.01525991120002,136.8838695531407,Trusted Data
184,32.0863551401869,74,17,27,83.70253338037335,-85.98161725800064,Trusted Data
185,28.961666666666677,78,15,38,42.43881501057706,-37.84803340735539,Trusted Data
186,29.278333333333343,24,16,63,89.19123352776597,5.491530772104056,Trusted Data
187,32.470000000000006,78,13,36,-15.777884013045806,77.47653326293965,Trusted Data
188,32.830000000000005,16,12,92,14.487517304435968,-51.44830123166341,Malware Detected (scanning)
189,33.75000000000001,26,13,35,51.93575319077473,-98.69020484657017,Trusted Data
190,29.80333333333334,99,13,37,10.194840934051413,177.21793706456089,Trusted Data
191,34.10000000000001,71,19,64,87.44976446335971,0.2771518311094212,Trusted Data
192,32.33869158878503,65,10,55,-71.70002074566618,-122.97497684503213,Trusted Data
193,34.74000000000001,68,15,28,18.42144232237655,-99.07948743191668,Malware Detected (dos)
194,30.111666666666675,92,20,77,59.50317188150851,-141.71090360741755,Malware Detected (backdoor)
195,30.75333333333334,33,18,70,81.08203238265659,178.65159440783663,Trusted Data
196,35.02000000000001,34,11,61,16.838372257070887,97.48343015702187,Trusted Data
197,32.85271028037382,24,17,89,-11.783968262496032,-120.19529448386974,Malware Detected (injection)
198,35.63000000000001,41,15,78,-20.92894479718484,108.44442411587193,Trusted Data
199,36.41000000000001,32,16,86,2.7444659441817834,179.8209222429337,Trusted Data
200,33.6844859813084,65,10,49,-0.5615112258359858,-157.58472252429607,Malware Detected (ransomware)
201,34.14242990654204,58,11,74,-59.261053499537866,97.08064957986221,Trusted Data
202,31.336666666666673,90,10,19,-34.18753731730881,19.526050419155638,Malware Detected (scanning)
203,37.27000000000001,27,15,26,35.880679842628595,88.45514120114655,Trusted Data
204,34.83401869158877,50,19,51,-36.888764160511045,-93.45816493554933,Trusted Data
205,35.310654205607456,53,17,71,-64.6407744955692,-161.98935270803693,Malware Detected (ransomware)
206,37.53000000000001,42,14,53,72.05631781339494,-171.83009551689992,Malware Detected (backdoor)
207,35.97420560747661,31,18,21,-62.44884483137989,-174.10170643711658,Malware Detected (xss)
208,38.06000000000001,66,15,91,87.84944579215957,0.4266434669016803,Malware Detected (ransomware)
209,38.970000000000006,33,12,67,70.14799795890212,-34.95986197320681,Malware Detected (scanning)
210,39.64000000000001,29,16,33,12.310263462224526,173.15302822146913,Trusted Data
211,39.970000000000006,43,14,96,84.75473743469044,21.313811825921874,Trusted Data
212,36.1704672897196,14,17,42,-40.93597819609088,-38.26287259324013,Trusted Data
213,31.495000000000008,55,12,94,65.33151528096533,-174.46738431804556,Malware Detected (injection)
214,40.93000000000001,91,10,65,40.16162334259684,-1.72423421211829,Trusted Data
215,32.27833333333334,34,19,92,12.638264002566046,-119.68100693039347,Trusted Data
216,33.04500000000001,28,11,73,25.774340750222464,144.38662872989647,Malware Detected (password)
217,41.580000000000005,74,11,91,-86.47568632274836,67.53717475509,Malware Detected (mitm)
218,42.49,95,12,86,85.66099299838874,-25.422076600775853,Malware Detected (dos)
219,33.65333333333334,32,17,59,58.63485635210429,99.69702778665402,Trusted Data
220,34.14500000000001,45,10,81,-12.836900080940893,-148.55209038996915,Trusted Data
221,34.82000000000001,63,12,19,44.12775183043317,167.97241834878832,Trusted Data
222,36.562990654205585,11,17,25,44.280000695151756,-1.1435942613238694,Malware Detected (scanning)
223,34.97833333333334,38,10,94,-9.10859033545816,-45.96905094239165,Malware Detected (dos)
224,43.35,48,14,73,-6.701995034808519,98.18501208713866,Malware Detected (scanning)
225,44.08,64,16,50,-33.02487594479392,-127.84064310517185,Trusted Data
226,36.79663551401867,21,17,76,-48.455093293540806,81.57062824776756,Malware Detected (backdoor)
227,35.76166666666667,66,19,66,53.67232143942741,-124.33533942359814,Malware Detected (dos)
228,36.31166666666667,98,14,50,-88.7715381550172,-69.97124967452574,Malware Detected (dos)
229,36.72833333333333,58,20,76,36.47774099887988,-95.2965958339601,Malware Detected (scanning)
230,37.50691588785045,65,12,56,57.54234086684997,-95.89709250620236,Malware Detected (xss)
231,44.58,53,10,56,10.95542157933798,-24.97039836274527,Trusted Data
232,37.361666666666665,65,18,29,-18.287528823401487,-52.566652992537286,Trusted Data
233,45.14,98,18,73,30.49326848538844,67.27787795807077,Trusted Data
234,37.60333333333333,68,10,72,-25.051717923203697,-154.91443151343614,Trusted Data
235,38.03028037383176,48,17,25,-65.39253006295776,-12.216575290083824,Trusted Data
236,45.87,72,12,57,66.91472612443152,177.36587561122946,Trusted Data
237,46.44,69,13,12,4.339078600468298,121.1286778144426,Malware Detected (backdoor)
238,38.20333333333333,63,13,41,49.36942702329381,75.00253731346015,Malware Detected (ddos)
239,38.545,33,14,90,-82.85499034409096,-9.2952963508462,Malware Detected (xss)
240,39.295,53,19,13,-60.433075956053415,-93.54744890945322,Malware Detected (scanning)
241,38.26392523364484,95,10,79,40.38497853413705,8.607747047506052,Malware Detected (injection)
242,39.00224299065419,93,10,10,-20.51164750363249,54.37469009665955,Trusted Data
243,46.559999999999995,18,17,79,43.89825231594199,9.299488577769722,Trusted Data
244,39.405,68,18,81,-79.68337864148457,167.2206215659088,Malware Detected (backdoor)
245,47.349999999999994,51,17,73,-7.151693224495347,44.61341749432077,Trusted Data
246,40.08,57,18,56,-15.493132521630514,6.653273809447029,Malware Detected (scanning)
247,39.11224299065419,61,12,73,-27.068547972658536,22.031171947715507,Malware Detected (injection)
248,40.54666666666667,16,17,100,-13.808381105057506,-161.66778616416113,Malware Detected (dos)
249,48.07999999999999,78,10,85,-24.863448141437388,52.410922103319166,Trusted Data
250,39.79448598130839,80,12,84,47.837316002251356,-154.64193955706676,Malware Detected (injection)
251,40.579532710280354,19,13,35,11.022743211465936,-160.13752948437684,Trusted Data
252,41.38,32,15,48,-62.94247045419428,147.0891967634331,Trusted Data
253,41.78,40,13,28,38.49139964464115,-20.97179525401063,Trusted Data
254,48.92999999999999,83,13,86,43.85230546684872,95.91244791598484,Trusted Data
255,49.78999999999999,54,12,76,-63.20901746771902,-30.321419863574107,Malware Detected (dos)
256,40.906635514018674,71,16,41,-82.99110879597363,-78.3826348904213,Trusted Data
257,50.54999999999999,84,17,30,78.89747601860407,162.39789322787044,Trusted Data
258,41.28981308411213,35,16,44,25.702192343522,79.74751962005371,Trusted Data
259,42.013333333333335,33,16,74,-23.744728126092056,77.91250014271941,Malware Detected (backdoor)
260,42.63,72,13,11,-49.713645235410844,-119.20998306252217,Trusted Data
261,50.84999999999999,61,18,68,9.251243177202369,-0.08603195335751934,Trusted Data
262,41.70102803738316,20,10,85,79.85816644551642,99.22642896614144,Trusted Data
263,42.49542056074765,45,15,23,8.929220479014745,63.846281312494995,Malware Detected (scanning)
264,42.710373831775684,95,14,15,-12.169681483147485,-89.77363964056418,Malware Detected (password)
265,51.52999999999999,18,20,70,-67.86383961042165,158.953495178075,Trusted Data
266,42.74,77,15,15,80.53835003893457,95.50186879595663,Trusted Data
267,42.850560747663536,74,16,54,39.16824720507728,55.9655891476456,Malware Detected (ransomware)
268,52.22999999999999,22,17,28,43.76574161647116,62.08524897843108,Trusted Data
269,43.3552336448598,40,19,45,-85.91828948015646,-175.45381868065786,Malware Detected (injection)
270,42.865,12,14,60,87.63611330713505,83.43340702505913,Trusted Data
271,43.77579439252335,86,20,41,-66.67701770896502,22.84979861481969,Malware Detected (dos)
272,52.50999999999999,89,12,12,89.37323326520865,-160.69664882748393,Trusted Data
273,43.365,23,18,58,17.687733063249908,62.87233352212806,Trusted Data
274,43.848333333333336,59,16,57,80.70693119002757,-143.79380031017945,Trusted Data
275,44.15897196261681,74,17,11,43.89119367526047,-63.13952392403348,Malware Detected (scanning)
276,44.26897196261681,58,18,100,-32.58349241789279,178.58233822438115,Trusted Data
277,45.20355140186915,47,11,73,2.683663754233251,-35.39685103774434,Malware Detected (xss)
278,44.32333333333334,77,17,82,-77.56749315865125,161.997815597755,Trusted Data
279,45.00666666666667,38,14,55,-54.32236369995589,-125.94848376893708,Malware Detected (injection)
280,45.88579439252335,43,11,11,-4.281233999210471,78.60971038563633,Trusted Data
281,45.465,85,13,31,-56.94123392580192,151.56959632614905,Trusted Data
282,45.99579439252335,49,18,61,-86.6044895758651,-97.82958372555231,Trusted Data
283,46.56588785046728,34,12,18,-77.10695941946685,-147.06826385272998,Trusted Data
284,45.723333333333336,54,16,98,38.75442126530706,112.2712634622959,Trusted Data
285,52.62999999999999,68,16,56,83.32654272967653,41.61071648628473,Trusted Data
286,46.540000000000006,34,10,44,9.757891703790563,178.14046110090845,Malware Detected (scanning)
287,53.18999999999999,93,11,31,-78.66604731232643,81.39706227105313,Trusted Data
288,46.90666666666667,100,20,17,-19.278654313777608,-104.26884444804057,Malware Detected (backdoor)
289,46.7341121495327,49,10,83,-32.02902747889514,153.56286857410447,Trusted Data
290,47.50981308411214,99,16,23,-38.49985854434921,-66.87461469881742,Malware Detected (xss)
291,47.04833333333334,51,17,10,18.188274224682615,-177.33778828899918,Malware Detected (injection)
292,47.724766355140176,63,12,11,82.80614572578972,-166.00044834387307,Malware Detected (password)
293,53.49999999999999,80,12,36,21.525036453656398,-136.95514566133124,Trusted Data
294,47.15833333333334,83,16,46,-50.16629338550854,177.14132256448693,Trusted Data
295,47.54166666666667,32,15,99,-11.991169165745788,-33.1142646169684,Trusted Data
296,47.834766355140175,28,18,31,21.421119000883735,154.1381591598028,Trusted Data
297,48.124485981308396,51,12,39,-75.5174672087111,-82.30561069836007,Trusted Data
298,53.85999999999999,68,15,80,10.236463270836651,-120.34153070527925,Trusted Data
299,48.48897196261681,25,12,41,-71.36125093089032,55.312235934045475,Malware Detected (ransomware)
300,54.65999999999999,85,14,64,-70.71734071963311,57.685916522673296,Malware Detected (ransomware)
301,48.87214953271027,33,15,15,31.536389491885743,-4.251975103594333,Trusted Data
302,49.01233644859812,21,15,91,-16.703250163815753,32.56154885791875,Malware Detected (injection)
303,55.29999999999999,26,14,65,-82.69871625012243,-162.0653844015771,Malware Detected (injection)
304,55.94999999999999,49,20,28,49.696400281946694,-177.33695061686925,Malware Detected (dos)
305,49.862803738317744,34,14,70,-85.2674623888215,-157.43933345245426,Malware Detected (dos)
306,48.366666666666674,55,19,100,-68.47629029117059,35.37230397379372,Malware Detected (xss)
307,49.20000000000001,39,18,85,-78.17104480661018,-166.95797416098483,Trusted Data
308,50.51700934579438,97,16,26,25.43962583608578,61.90204089327986,Malware Detected (backdoor)
309,50.759999999999984,32,20,68,55.72770364768152,31.43002610896687,Malware Detected (ransomware)
310,49.908333333333346,68,19,80,-46.590587982252174,96.92264863840188,Trusted Data
311,51.39551401869157,28,12,30,36.19784353262102,30.341707384535624,Trusted Data
312,50.57500000000001,63,10,71,67.25564132801267,124.40464828875218,Trusted Data
313,56.22999999999999,98,16,40,37.153096228335556,55.27934319321707,Trusted Data
314,51.16666666666668,76,15,69,-9.82490045645936,-92.31170490774848,Trusted Data
315,51.74166666666668,100,14,89,-38.263079974178126,144.3350448011621,Malware Detected (password)
316,56.62999999999999,15,13,34,-9.583665724784652,38.93353596249656,Trusted Data
317,52.48333333333335,21,15,70,17.435932322332192,15.692938523886369,Trusted Data
318,51.67588785046727,42,15,57,65.16777813512977,-136.11015567220255,Trusted Data
319,53.066666666666684,62,14,61,-9.819830149533374,-142.41464867486044,Trusted Data
320,56.96999999999999,86,15,85,-16.06924105066868,156.7923661516649,Malware Detected (dos)
321,52.208598130841104,82,16,44,41.368623158763114,-80.97968007156192,Malware Detected (xss)
322,53.57500000000002,76,16,79,-46.59485559529254,151.15887949037506,Trusted Data
323,52.61981308411213,48,17,35,24.83617363942527,-105.0385284252097,Trusted Data
324,57.81999999999999,75,12,21,-34.24301653543885,41.293946554572585,Malware Detected (backdoor)
325,58.029999999999994,89,18,76,31.863886344745822,28.46720105415278,Trusted Data
326,58.78999999999999,26,18,13,-0.24642688708888727,153.78596215098725,Malware Detected (ransomware)
327,52.94691588785045,87,14,65,-29.463190895621103,-145.5889374277237,Malware Detected (scanning)
328,53.55439252336447,63,15,71,-73.88969502744692,69.6840378074981,Trusted Data
329,58.919999999999995,68,16,34,7.728114881555172,-47.34473583421848,Malware Detected (scanning)
330,59.26,52,16,56,-17.74543502521861,-69.02888410938748,Trusted Data
331,54.23333333333335,36,15,75,65.47622867919299,137.54757424322884,Trusted Data
332,54.21794392523363,87,14,60,-8.211976508643247,-3.108551036271308,Malware Detected (dos)
333,59.82,86,18,22,-25.688820404953034,-178.8809205899459,Trusted Data
334,60.04,34,11,10,50.34676832000903,110.82333381765562,Trusted Data
335,54.77869158878503,53,16,98,-28.098767017012847,-139.6984257064123,Malware Detected (password)
336,60.15,54,18,69,-13.52454395097351,132.44479427782284,Trusted Data
337,60.839999999999996,33,10,26,4.635367568009613,80.41623413282542,Malware Detected (password)
338,55.69457943925232,76,10,34,-5.742472304175436,-177.14397178192365,Trusted Data
339,61.099999999999994,85,11,20,79.61156813821509,-4.0442022771376,Trusted Data
340,54.85833333333335,37,15,16,-71.78306826279696,-49.52339152984749,Trusted Data
341,56.01233644859812,80,20,14,-56.46308994319155,13.271510103886612,Trusted Data
342,61.3,13,20,96,43.347236402314195,-168.99304987887595,Trusted Data
343,54.99166666666668,85,20,48,27.83906290323641,-149.57185165992257,Trusted Data
344,56.14317757009345,63,19,60,-76.99430397780533,174.53477006799181,Malware Detected (ddos)
345,55.39166666666668,72,14,83,19.627781163298152,-152.39500783432564,Trusted Data
346,56.70392523364485,87,10,87,-26.973402299272202,-80.763325898639,Trusted Data
347,56.08333333333335,75,20,62,14.815382999112146,-36.129863064269415,Trusted Data
348,57.517009345794385,67,19,98,67.90209384502333,-7.743842429793801,Trusted Data
349,62.26,48,16,40,-87.31487862497896,34.4099061451073,Malware Detected (xss)
350,58.43289719626168,23,10,64,-7.006452763908058,57.16152570920093,Malware Detected (xss)
351,56.600000000000016,28,11,33,75.88686012721612,142.37625110101237,Trusted Data
352,62.66,26,12,92,9.48708115291727,-147.76403759150116,Trusted Data
353,63.58,14,20,61,-4.680379395631377,16.695914672762427,Malware Detected (password)
354,64.19,96,16,75,-37.9066085272739,105.07219444401221,Trusted Data
355,56.875000000000014,65,19,100,-19.369272931695534,-159.40239147341515,Trusted Data
356,57.70833333333335,76,10,26,80.74149220179842,21.124693577243136,Malware Detected (scanning)
357,57.92500000000002,71,15,64,-1.7665830456049747,34.40687267875441,Trusted Data
358,59.03102803738317,27,11,70,88.6625001668854,-151.96469747662903,Malware Detected (ransomware)
359,59.68523364485981,76,10,94,-58.054287797564385,-133.02028255505786,Trusted Data
360,58.45833333333335,41,15,77,-35.02519187229321,-11.91557216114694,Trusted Data
361,60.563738317757,11,20,47,32.737721874420174,-26.56141936337542,Trusted Data
362,64.94,29,15,93,9.880711291702752,135.8502453001248,Malware Detected (xss)
363,65.87,57,15,77,-27.043735175108715,-98.67486287084697,Trusted Data
364,66.64,79,14,42,32.417462074381035,-27.692946674077774,Malware Detected (scanning)
365,61.0029906542056,39,18,57,86.2636894223424,-173.2434127511076,Trusted Data
366,61.53570093457943,94,11,12,89.48504367313924,96.4932730970649,Malware Detected (xss)
367,59.100000000000016,71,12,82,-58.22048757623553,-83.75189684683522,Malware Detected (backdoor)
368,61.647850467289715,39,12,87,44.93645305271235,-179.32561037481148,Malware Detected (ransomware)
369,59.783333333333346,52,16,76,-80.82805450007693,-79.65037342247288,Trusted Data
370,67.06,48,18,86,8.935555205738325,-52.01478728254594,Trusted Data
371,62.46093457943925,22,13,96,-54.3791311299404,-120.04429423687229,Malware Detected (dos)
372,63.358130841121486,71,17,54,-47.40523834864053,-46.50772460616119,Trusted Data
373,63.86280373831775,98,18,89,54.66898113033619,-100.43858006151426,Malware Detected (ddos)
374,67.92,56,11,63,73.50093865092668,79.99392400068302,Malware Detected (scanning)
375,68.55,72,19,19,21.615029452232633,-171.5603309676296,Malware Detected (password)
376,64.69457943925234,65,20,97,24.500270702723583,148.23983135528255,Malware Detected (dos)
377,60.41666666666668,98,15,55,59.41263158170361,-42.64977761537381,Trusted Data
378,68.74,65,20,58,-4.34979708241768,129.01550529222965,Trusted Data
379,69.32,47,16,12,-78.31466435605,13.511934489708437,Malware Detected (injection)
380,60.875000000000014,47,14,45,15.033805251059235,-6.526945827853666,Malware Detected (dos)
381,61.250000000000014,47,18,14,6.720802966653849,-119.00499984668937,Trusted Data
382,69.44,59,17,29,86.77323768429235,96.44665607858502,Malware Detected (scanning)
383,61.36666666666668,39,19,98,-67.75422266094722,61.842320595544464,Malware Detected (password)
384,62.18333333333335,34,11,97,86.74193500354772,118.28965508678374,Malware Detected (backdoor)
385,69.73,41,19,74,76.77770753687344,109.20956065716649,Trusted Data
386,62.99166666666668,13,15,45,42.44057561899024,50.55573210912502,Malware Detected (ddos)
387,70.47,15,17,58,20.47838882175074,-125.3031441246874,Trusted Data
388,63.36666666666668,56,12,69,42.764434437227294,27.692014948507108,Trusted Data
389,71.05,59,15,32,-39.21639628277711,141.12969379809294,Trusted Data
390,63.941666666666684,11,13,100,-51.80501928398465,-98.05402610666287,Trusted Data
391,65.6011214953271,50,18,100,-4.996674709082825,-35.0746595826748,Malware Detected (ddos)
392,64.77500000000002,94,19,19,34.045048243295795,138.37530528168344,Malware Detected (scanning)
393,71.36999999999999,21,18,79,-49.98256579770977,20.36038055865609,Trusted Data
394,64.93333333333335,27,12,26,19.44300904311349,-74.49107183585961,Trusted Data
395,66.53570093457944,45,12,17,82.28695750095062,-41.69185651506325,Malware Detected (ddos)
396,66.69457943925234,63,12,74,-67.2688231643481,75.70047974160872,Malware Detected (password)
397,72.16,84,19,44,-43.903361001556156,-11.583585948131287,Trusted Data
398,72.6,40,19,41,33.721007696911045,160.90093401565468,Trusted Data
399,67.38616822429907,94,15,16,-46.466039008507956,10.707067343010408,Malware Detected (scanning)
400,73.00999999999999,30,14,96,39.10288590256624,21.453072051591505,Trusted Data
401,73.96999999999998,23,15,97,2.135920855494959,-36.700877118289185,Trusted Data
402,65.15000000000002,25,11,75,-51.12950196588578,114.30856391298545,Malware Detected (scanning)
403,67.53570093457944,49,19,23,66.26108158318954,-47.62408022422548,Trusted Data
404,74.93999999999998,20,11,81,-54.1855627075977,83.49551934510265,Trusted Data
405,75.74999999999999,39,19,45,77.97818078678654,62.0195844017079,Malware Detected (dos)
406,67.75065420560747,71,15,50,-43.12037246100331,126.71145476301098,Trusted Data
407,65.77500000000002,89,19,22,-67.1560196038086,-35.988645899096866,Trusted Data
408,68.21794392523364,28,19,69,-74.34662441105678,-65.31036853226519,Trusted Data
409,65.95833333333336,13,12,34,-64.68781493942203,-109.29243961552994,Trusted Data
410,68.86280373831775,87,12,10,-28.555873389449644,121.37092334736502,Malware Detected (dos)
411,76.19999999999999,57,10,15,-17.138904253296772,-153.8077701288601,Malware Detected (dos)
412,68.97280373831775,83,19,60,34.76201971536733,48.55344932877989,Trusted Data
413,69.53355140186915,61,20,40,-7.968893306896561,-10.762887813141674,Trusted Data
414,76.35,79,15,96,-6.414685096793505,-36.35611824803553,Trusted Data
415,66.24166666666669,100,11,73,-0.45622559040252497,-161.4876642103283,Trusted Data
416,69.90738317757008,69,19,95,82.82236751094686,64.89422519410252,Trusted Data
417,66.85000000000002,36,15,27,4.145469498812446,-92.63738405055162,Trusted Data
418,77.30999999999999,73,18,27,27.391366097813474,-134.99922243764496,Trusted Data
419,70.7952336448598,81,18,53,46.67043403552722,-31.577520882173218,Malware Detected (backdoor)
420,77.57999999999998,81,16,76,-33.713769371687555,3.459133161644303,Trusted Data
421,67.07500000000002,34,17,77,62.80111419920419,6.319606669854977,Trusted Data
422,71.29056074766355,44,16,32,-37.36929646632176,100.51456833627549,Trusted Data
423,67.71666666666668,82,20,67,73.85768832778035,131.78812815618346,Trusted Data
424,78.33999999999999,40,14,32,-24.260650289363014,61.29388834003424,Malware Detected (backdoor)
425,71.5896261682243,79,18,66,74.85101107058148,65.26331359845435,Trusted Data
426,72.20644859813085,100,19,84,69.17592093485177,78.77859053149052,Malware Detected (xss)
427,68.27500000000002,36,14,62,49.79906916183583,87.92135149335053,Malware Detected (backdoor)
428,72.99149532710281,22,20,67,0.7255408065264106,-162.34674981626637,Trusted Data
429,73.61766355140188,27,14,43,5.666137765711667,51.11407149648241,Trusted Data
430,78.65999999999998,49,14,47,-54.693060037920986,86.33330084128147,Malware Detected (dos)
431,74.01953271028039,99,19,30,-12.980569312065938,-101.51080822755056,Malware Detected (scanning)
432,79.12999999999998,76,12,49,23.3451546360222,-20.82309719337013,Trusted Data
433,79.61999999999998,87,15,26,-62.32593905057301,-1.7425918483357634,Trusted Data
434,79.87999999999998,21,11,64,83.4529108955362,-126.39456932365707,Trusted Data
435,74.29990654205609,78,15,48,46.50475614543893,146.00310843243858,Malware Detected (password)
436,80.51999999999998,56,18,16,43.40389982224565,57.68892710476939,Trusted Data
437,80.67999999999998,12,19,30,86.34070868943908,87.86114030557212,Malware Detected (dos)
438,74.74850467289721,80,16,24,7.624155502754803,53.066821977806796,Trusted Data
439,74.97280373831778,59,15,18,-60.99931051827375,-34.690982814337644,Trusted Data
440,80.97999999999998,60,18,44,-44.241198465101554,-103.28916406567717,Trusted Data
441,68.79166666666669,54,13,36,6.64142024646867,122.49731778962439,Trusted Data
442,69.09166666666668,56,12,81,33.00700413010908,100.35169840686785,Malware Detected (password)
443,75.1410280373832,33,20,88,-77.67098487457119,-93.02158971627446,Malware Detected (ransomware)
444,75.96345794392525,29,20,60,16.45664486358099,-95.0456226954737,Malware Detected (dos)
445,76.52420560747665,85,15,40,-3.122866758358299,172.70067927564884,Malware Detected (dos)
446,76.89803738317758,56,18,14,32.60571104888436,-133.34461495405506,Trusted Data
447,69.76666666666668,68,12,27,-50.98017000547433,27.187116564084647,Trusted Data
448,81.41999999999997,13,18,97,-69.19596435293698,-153.1516263455956,Malware Detected (password)
449,82.38999999999997,72,17,96,10.358494078331063,-110.69632808613011,Trusted Data
450,69.99166666666667,70,17,36,5.7814114406807136,137.49142355949635,Trusted Data
451,77.0288785046729,85,13,80,35.59064415901621,-9.990154662928603,Trusted Data
452,70.29166666666667,46,14,64,9.980819623185354,142.3219925023132,Trusted Data
453,77.77654205607477,41,20,36,-22.90494764252658,61.926305144357485,Malware Detected (xss)
454,70.825,69,18,53,-89.14089255190919,173.4864658146575,Malware Detected (backdoor)
455,83.34999999999997,13,16,95,7.4406349241200616,86.24128635628063,Malware Detected (scanning)
456,78.11299065420562,39,11,54,13.916380934274144,95.90608695734136,Trusted Data
457,84.29999999999997,69,16,19,-42.9688839559501,71.46181139696918,Malware Detected (scanning)
458,71.26666666666667,35,16,91,-45.70624180768303,74.86057443015127,Trusted Data
459,72.025,59,18,47,-39.856745982059756,-37.517295694978884,Malware Detected (injection)
460,78.61766355140188,26,13,82,-89.29000701305756,-172.38604895992984,Malware Detected (xss)
461,79.38401869158879,88,10,49,65.50804007103642,93.91313383447141,Trusted Data
462,84.48999999999997,88,19,23,-37.9495533318819,-81.64121717604178,Malware Detected (ddos)
463,79.84196261682244,77,12,76,43.050926915637234,-56.10218517427727,Malware Detected (ransomware)
464,84.71999999999997,57,10,80,-44.68733652386708,-19.276371378456417,Malware Detected (backdoor)
465,85.51999999999997,98,20,88,69.77234808716454,139.35923054194296,Trusted Data
466,80.55224299065422,94,14,98,-75.74704837984184,-123.69870720964119,Trusted Data
467,72.41666666666667,11,18,35,81.55723564234373,38.905201180153284,Trusted Data
468,72.70833333333334,29,12,57,-0.8998449436934521,-57.97234004953965,Trusted Data
469,81.4681308411215,73,20,75,-14.018526321098577,-152.99974095440552,Trusted Data
470,73.18333333333334,45,19,27,69.87961961968628,-129.51603948784464,Malware Detected (ransomware)
471,86.39999999999996,100,18,75,-7.029281340132471,57.75748836493116,Trusted Data
472,73.40833333333333,25,18,86,10.916089289639828,115.6191470406078,Malware Detected (password)
473,74.125,37,14,37,89.90350099243867,-86.79439611950613,Malware Detected (dos)
474,82.16906542056076,54,20,13,79.98705192709406,73.60458898189256,Malware Detected (injection)
475,87.14999999999996,49,15,95,-37.58011295641719,-101.6820697127992,Trusted Data
476,74.43333333333334,46,20,50,-89.48127632690404,24.48815736893914,Malware Detected (dos)
477,82.29056074766356,55,17,24,12.870412404910965,41.09862763921595,Trusted Data
478,88.09999999999997,35,13,74,32.62885345965323,171.8957739320287,Trusted Data
479,74.85000000000001,17,10,20,-58.80431625207557,46.32862737824354,Trusted Data
480,82.51485981308413,62,20,65,76.28042553580516,81.82632720097973,Trusted Data
481,83.12233644859815,47,13,26,-8.32272774309439,8.93370270646139,Trusted Data
482,88.83999999999996,68,16,91,-37.53849166752321,-142.7066279612034,Trusted Data
483,83.36532710280376,23,19,36,-22.552786016062782,37.77241698317937,Malware Detected (xss)
484,75.01666666666668,52,18,35,36.175227532943865,-107.9576337328572,Trusted Data
485,83.7017757009346,25,18,26,-74.06619758942455,150.6939795392111,Trusted Data
486,89.74999999999996,68,13,55,-13.52845692154851,85.88410303764357,Trusted Data
487,90.29999999999995,41,11,61,-8.152686568975625,-88.73072341727807,Malware Detected (backdoor)
488,90.90999999999995,100,16,87,-37.199427074437885,103.77409472055865,Trusted Data
489,75.30833333333335,56,13,17,65.20044499144984,107.34693837116168,Malware Detected (scanning)
490,83.94476635514022,25,10,93,60.67158587980339,-113.5372851495556,Malware Detected (ddos)
491,75.45000000000002,31,13,36,-55.18340049742231,-135.79237015530816,Malware Detected (backdoor)
492,84.8139252336449,13,11,28,-2.3679113051867944,-146.58037665728722,Malware Detected (password)
493,75.75000000000001,56,17,17,-80.01364835515734,-23.131114342937565,Malware Detected (ddos)
494,75.89166666666668,38,19,32,19.7143360485922,6.4068579577867695,Trusted Data
495,91.77999999999996,36,14,17,-40.44900781724935,130.47397952877202,Trusted Data
496,76.15833333333335,83,16,70,-61.34670948389053,-17.06440868036819,Trusted Data
497,91.94999999999996,62,17,74,47.45657487897313,-161.35625072473613,Trusted Data
498,76.74166666666667,15,16,54,82.44038336005161,-93.07107359976402,Trusted Data
499,92.68999999999996,81,12,38,-52.076310761765875,-124.77642067546759,Trusted Data
500,93.06999999999995,30,20,23,34.30232493214439,82.47562993699421,Malware Detected (ransomware)
501,85.07560747663555,22,14,65,-4.955955345627061,177.09386477575953,Trusted Data
502,77.19166666666668,59,14,69,-0.5395395562171359,116.68084822934912,Trusted Data
503,93.29999999999995,47,20,95,-87.6064338561436,-6.4238831159151175,Trusted Data
504,85.68308411214957,13,16,36,25.150844421336586,-94.20364933501907,Trusted Data
505,77.76666666666668,36,19,66,-2.9737394848853427,-32.37151618569723,Trusted Data
506,86.01953271028042,28,19,23,29.531695374809246,16.428495134646994,Malware Detected (dos)
507,94.24999999999996,51,20,71,-0.8172747024033242,-154.435407042822,Trusted Data
508,94.95999999999995,60,10,12,11.067831581267782,-170.52994384016696,Trusted Data
509,86.23448598130845,39,10,10,73.80302062675923,58.714780040534606,Malware Detected (password)
510,86.34448598130845,24,17,39,-84.37320374683213,-78.07331211272295,Malware Detected (injection)
511,95.07999999999996,22,11,59,89.69272677966728,-144.17314035974997,Malware Detected (password)
512,78.31666666666668,21,15,60,-45.83148880561839,121.21050993261525,Trusted Data
513,86.70897196261686,60,19,36,5.1406463871511505,76.39821177257903,Malware Detected (scanning)
514,87.0454205607477,100,17,72,-56.893093495156755,113.65796571093011,Trusted Data
515,87.71831775700939,78,12,55,66.01755230614299,-159.1326173164626,Malware Detected (injection)
516,95.66999999999996,43,20,94,9.279115975698062,-175.6852659575836,Malware Detected (backdoor)
517,78.81666666666668,77,12,39,-5.72434210925222,-80.63402336821231,Trusted Data
518,96.60999999999996,45,11,10,65.97792185803499,-45.690715003665844,Trusted Data
519,88.23233644859818,60,10,30,65.07311925525454,-117.07703498223688,Malware Detected (password)
520,96.71999999999996,55,18,14,48.32799847051999,175.196283727582,Malware Detected (injection)
521,96.85999999999996,60,18,63,-59.62919916071684,177.7058504645222,Malware Detected (injection)
522,97.48999999999995,75,14,35,2.4306116692781643,119.38497470375813,Trusted Data
523,79.14166666666668,44,17,62,-55.90037946244539,170.1376057205752,Trusted Data
524,79.65833333333335,95,18,100,-61.613312870504366,131.93903630829277,Trusted Data
525,97.83999999999995,75,20,72,-74.81083862419025,-110.3768349875254,Malware Detected (xss)
526,98.55999999999995,68,19,97,48.781515905317406,-161.223615388702,Trusted Data
527,80.49166666666667,58,15,80,-59.19074131779303,133.9790905692784,Trusted Data
528,99.52999999999994,64,14,11,72.15901377961026,-122.17751445231671,Trusted Data
529,99.63999999999994,47,18,89,66.74449404989369,39.11679714504203,Trusted Data
530,100.52999999999994,89,20,20,-56.17490658841179,-102.65633695723058,Trusted Data
531,88.51271028037388,24,20,34,79.16150598348818,155.5508031029052,Trusted Data
532,100.72999999999995,95,17,38,88.34827381924106,87.02305093979737,Malware Detected (xss)
533,101.10999999999994,93,15,30,-36.02791470638591,-60.38620124546277,Malware Detected (dos)
534,88.83046728971968,76,10,27,65.12278388387543,144.87126533425146,Trusted Data
535,89.0828037383178,53,11,18,-28.95145788125169,-31.108422932960337,Trusted Data
536,101.40999999999994,61,14,74,21.726033062008014,39.310845495637125,Malware Detected (scanning)
537,81.15833333333335,31,16,40,-24.063246614317748,-107.40720684905601,Trusted Data
538,81.49166666666667,12,14,71,64.18447439751219,114.33158682403092,Trusted Data
539,89.25102803738322,100,15,91,-40.03063974067503,0.7235208541687825,Trusted Data
540,82.08333333333334,71,11,91,11.423369175248126,-158.31100555334717,Trusted Data
541,102.14999999999993,68,13,13,-36.38189372515365,-121.12928605439255,Trusted Data
542,82.84166666666668,27,16,35,-78.46042005787726,29.462969889264656,Malware Detected (dos)
543,102.27999999999993,97,13,19,-83.68819320882224,139.36643429099632,Malware Detected (dos)
544,90.10149532710285,75,15,45,-53.96965172729657,28.03092043844765,Trusted Data
545,102.46999999999993,71,12,49,-10.638689184157016,-120.26226642096378,Malware Detected (injection)
546,102.95999999999992,34,16,76,-24.751234900670198,166.48902550848493,Trusted Data
547,83.13333333333335,39,19,58,56.959321914067544,-48.31519792092547,Trusted Data
548,90.52205607476641,21,20,94,74.94594531101782,-47.207514422427636,Malware Detected (backdoor)
549,83.61666666666669,54,16,81,-37.29109963252679,-116.5177971535137,Trusted Data
550,91.4005607476636,39,16,28,53.840171495156454,85.62700603838863,Malware Detected (dos)
551,103.71999999999993,47,13,63,76.21092314869895,97.6113680116382,Trusted Data
552,104.34999999999992,25,19,47,69.17139562118618,-4.437934830610402,Trusted Data
553,104.81999999999992,32,15,94,57.58740513258695,65.08134817026377,Malware Detected (xss)
554,84.29166666666669,55,13,45,25.981390114773163,-18.16726795394237,Trusted Data
555,105.75999999999992,15,20,23,68.42139185052929,-176.67816689011232,Malware Detected (injection)
556,91.66224299065426,91,17,50,-47.71824343733433,174.57569983009097,Trusted Data
557,105.98999999999992,89,10,14,-63.043287160486805,-162.62937973818362,Trusted Data
558,106.12999999999992,63,11,72,-31.7699561173311,-53.937928322593194,Trusted Data
559,92.12953271028043,87,14,79,13.170434616594179,-162.61474179809227,Trusted Data
560,106.84999999999992,69,12,10,-21.891284802413097,-105.06124434944226,Malware Detected (ddos)
561,84.66666666666669,86,19,28,52.71009059238443,23.790903190463638,Trusted Data
562,106.95999999999992,73,19,59,-54.5445329110722,-162.3130104048266,Malware Detected (xss)
563,107.54999999999993,10,13,31,-16.686247340765547,-69.70278049495158,Trusted Data
564,107.85999999999993,11,14,94,86.71683568880567,-154.4738014402948,Trusted Data
565,92.86785046728977,11,11,49,27.582708584352176,-59.39642376597965,Trusted Data
566,93.32579439252342,49,19,20,47.85890762892964,-120.54161951990234,Trusted Data
567,108.79999999999993,80,20,90,-32.72715543431437,-118.24067795144441,Trusted Data
568,84.90000000000002,74,15,72,50.42312492342168,60.224875790708694,Trusted Data
569,109.69999999999993,47,17,41,56.37274333064033,-41.01324582971293,Trusted Data
570,85.50000000000001,55,14,39,11.94499121977293,93.72994860887604,Malware Detected (scanning)
571,93.51271028037388,95,15,45,26.68438869451296,29.618141126264305,Trusted Data
572,85.82500000000002,68,19,63,31.939623326447546,173.44974846706486,Malware Detected (backdoor)
573,110.10999999999993,35,19,52,-7.639390646348289,-145.90622955453716,Malware Detected (scanning)
574,93.93327102803744,63,16,45,77.56716905068222,-17.46696544815231,Trusted Data
575,86.35000000000002,81,14,64,-22.76952406163477,26.76489259521429,Trusted Data
576,94.353831775701,35,11,24,-61.45118072970274,37.61570114557921,Trusted Data
577,94.57813084112156,26,14,55,-72.05581064669308,-152.98925732772778,Trusted Data
578,86.88333333333335,46,19,10,88.31743610167351,-146.7902616734004,Trusted Data
579,110.62999999999992,59,14,70,83.76946278693873,-178.39756083261477,Trusted Data
580,86.99333333333335,30,13,53,85.71552005730086,162.79771675129973,Trusted Data
581,87.43500000000002,53,19,43,-79.34962293378548,-11.51506525407109,Trusted Data
582,95.09214953271035,99,18,33,14.588354876242136,103.88972471943163,Malware Detected (ransomware)
583,87.79333333333335,11,16,12,87.54293210963908,78.41053226890398,Malware Detected (injection)
584,111.32999999999993,91,19,30,69.05655563515035,129.95445252415772,Trusted Data
585,95.40056074766362,72,12,49,33.942524130159555,-159.3925615082336,Malware Detected (scanning)
586,111.62999999999992,36,10,39,62.39657116082384,51.19051198940733,Malware Detected (password)
587,95.85850467289727,79,20,71,45.65024151808305,-33.547098230644195,Malware Detected (ddos)
588,112.01999999999992,45,16,28,-9.504349714934904,-160.46491950322607,Trusted Data
589,87.90333333333335,69,17,11,4.085147867056008,64.22650240575456,Trusted Data
590,112.29999999999993,22,14,64,24.606309576650162,-2.6379807698594675,Trusted Data
591,88.01333333333335,27,17,35,-15.157271048269351,167.96656669659933,Trusted Data
592,96.52205607476643,30,16,91,-57.06808127785631,71.28848658032979,Malware Detected (xss)
593,88.30500000000002,61,16,39,-32.58965867197473,118.19102458027851,Trusted Data
594,97.37252336448606,67,10,21,10.312452589833356,-158.93571238196398,Trusted Data
595,112.93999999999993,77,16,60,24.73226390504547,0.5225128982863794,Malware Detected (password)
596,97.56878504672905,41,19,36,77.67249954380767,-107.70674268416381,Trusted Data
597,88.63000000000002,59,19,51,38.23858260784584,33.47877116935487,Trusted Data
598,89.05500000000002,29,19,24,37.48266529271203,-175.73718634832474,Malware Detected (injection)
599,97.90523364485989,74,15,10,16.87080714328529,-166.14856127936565,Trusted Data
600,98.01523364485989,71,19,85,-34.951019255941056,-175.2938533859872,Trusted Data
601,113.53999999999992,72,13,98,-25.211713431893912,110.42560407032306,Malware Detected (ddos)
602,98.80962616822437,53,13,86,84.61817568708534,-29.725805702248692,Trusted Data
603,99.61336448598138,49,11,76,38.28801062946448,133.16039123775136,Malware Detected (injection)
604,89.25500000000002,94,13,32,5.3139253394517425,-94.64306537376724,Trusted Data
605,114.51999999999992,61,19,69,15.898999183345879,-0.28780052597079475,Malware Detected (dos)
606,89.52166666666669,34,11,61,-39.186806324147135,-1.0216852139977277,Trusted Data
607,100.32364485981316,28,19,95,-62.46351039147774,150.93117788082822,Trusted Data
608,90.03000000000003,73,18,97,-56.702183655212345,-45.455185232263545,Malware Detected (scanning)
609,115.20999999999992,28,16,54,62.55135373275067,40.290170089450015,Trusted Data
610,115.74999999999993,36,10,80,42.075499668994155,30.472822589637275,Malware Detected (injection)
611,116.54999999999993,42,13,11,-18.41891848022233,66.70777720333513,Trusted Data
612,116.65999999999993,42,14,97,5.778368646245951,146.03178793790772,Malware Detected (scanning)
613,117.62999999999992,54,17,31,-46.80372231320957,-87.65972460935166,Trusted Data
614,90.83833333333337,60,17,26,-3.261459355920877,-86.64656117076143,Malware Detected (dos)
615,101.21149532710288,12,15,65,-88.77607258214874,-145.2966837252244,Malware Detected (dos)
616,91.05500000000004,21,12,77,15.62571960923691,143.82626366799718,Malware Detected (scanning)
617,117.93999999999993,84,10,90,-24.387009965620507,156.27284488249978,Malware Detected (dos)
618,101.8189719626169,67,10,71,-49.59194086048228,123.25036618305853,Trusted Data
619,102.48252336448606,68,14,12,-6.098315824866447,83.82492958595634,Malware Detected (ddos)
620,91.6966666666667,60,20,41,57.86682708149846,-125.29264253639212,Trusted Data
621,118.83999999999993,15,16,68,22.046454351475106,-133.91943844972576,Malware Detected (xss)
622,92.03833333333337,21,15,79,-59.39710252878208,60.611077374359354,Malware Detected (ddos)
623,92.6966666666667,61,11,30,-42.57180238059946,30.339265412847624,Trusted Data
624,119.51999999999994,30,11,32,-65.328056126776,155.43703914391853,Malware Detected (ransomware)
625,92.9466666666667,44,19,92,15.321856875071333,89.46391642303183,Trusted Data
626,93.71333333333337,37,12,13,30.87156999147399,-105.48641947996406,Trusted Data
627,102.59467289719633,57,18,23,-26.59134751485889,42.91292951814796,Trusted Data
628,119.83999999999993,89,12,89,-22.549207381306147,-26.278361590650917,Trusted Data
629,93.82333333333337,73,16,24,45.87696310447248,123.88263880566541,Trusted Data
630,94.02333333333337,95,16,61,-5.752160654288346,13.332923954656877,Trusted Data
631,102.80962616822437,19,17,93,73.03468120098296,4.145896684486445,Trusted Data
632,103.67878504672905,29,20,46,-64.27670522090492,11.37322319878487,Trusted Data
633,104.10869158878512,63,15,66,-30.816098873884485,141.41404360244331,Trusted Data
634,104.72551401869167,79,18,28,40.119536977647385,-8.131305791204909,Malware Detected (ddos)
635,120.72999999999993,22,10,46,-86.84199681682774,64.56197411825451,Trusted Data
636,121.18999999999993,42,17,79,21.343646446725344,-139.6296899188335,Trusted Data
637,104.98719626168233,95,19,76,-85.15619761767265,178.50998269115973,Trusted Data
638,121.97999999999993,32,12,54,26.79897199101677,-143.37199088242352,Malware Detected (password)
639,94.53166666666671,58,19,14,52.91383394508358,12.26742197876817,Trusted Data
640,105.6974766355141,62,14,26,-35.95834258257568,132.3490213906535,Trusted Data
641,122.51999999999994,51,20,62,-53.009378740246454,158.97596180852537,Malware Detected (injection)
642,105.94046728971972,26,17,37,77.77617246053916,-147.87309679887196,Trusted Data
643,106.28626168224308,21,18,74,-69.89728199261519,125.67397293576425,Trusted Data
644,123.13999999999994,89,20,57,2.596685909934166,162.46578337244682,Malware Detected (ransomware)
645,123.70999999999994,60,15,71,-47.91857681211506,164.1159572595202,Malware Detected (scanning)
646,94.64833333333337,94,17,68,66.29844473588071,2.0145151453524477,Malware Detected (scanning)
647,124.41999999999993,41,19,18,76.03549140865502,59.09569369547157,Malware Detected (injection)
648,95.21500000000003,26,10,79,52.71391664313555,93.90480249054644,Malware Detected (scanning)
649,124.59999999999994,63,13,84,-4.1627978219657535,-106.31149608379806,Trusted Data
650,95.87333333333336,45,12,28,20.064005165831787,-47.29605225184386,Trusted Data
651,125.43999999999994,30,18,22,74.22779498438578,-53.67195008283922,Trusted Data
652,106.97785046728981,35,16,26,-62.76995959046601,-74.76497266525604,Trusted Data
653,96.1066666666667,17,20,59,-61.36761947346116,71.75428972814913,Trusted Data
654,96.59833333333336,61,13,85,48.93908721204656,-101.19809101905192,Trusted Data
655,97.30666666666669,100,16,99,31.746044474043003,36.532242646157954,Trusted Data
656,125.65999999999994,94,13,34,57.4894062332186,-91.04184861168216,Trusted Data
657,107.22084112149543,98,12,42,13.81112088252982,111.82599864754695,Trusted Data
658,107.6133644859814,30,19,62,-19.72947788730282,-138.89940494872164,Trusted Data
659,98.13166666666669,97,16,14,-63.891469486423674,147.46394853634052,Trusted Data
660,125.99999999999994,74,14,90,40.90248146367392,-32.61088367451396,Malware Detected (injection)
661,126.89999999999995,98,15,27,-22.934580537234623,110.18419336068797,Malware Detected (injection)
662,108.19280373831785,10,13,39,-55.51640580020193,-99.72040645518851,Malware Detected (password)
663,108.55728971962625,51,10,73,-56.768345519394494,-133.53187891663282,Trusted Data
664,98.24833333333335,71,15,94,5.093339446697058,-33.65022378634333,Malware Detected (dos)
665,99.03166666666668,76,19,74,65.01417728439944,-27.37496098371787,Trusted Data
666,109.23953271028046,30,11,24,9.968355060556732,174.6834022973528,Malware Detected (scanning)
667,109.46383177570102,28,19,85,-79.47063578146735,-150.10832232153908,Trusted Data
668,99.64833333333334,31,14,25,27.582598688722314,-36.83868884850125,Trusted Data
669,110.2582242990655,13,20,12,83.40280539619741,-35.691326389652716,Trusted Data
670,127.16999999999994,39,14,81,-42.72117247943349,28.476213348759188,Trusted Data
671,99.85666666666667,48,17,32,-35.18991299341578,-62.624314815008134,Trusted Data
672,100.12333333333333,42,19,37,37.680439057358015,125.56257358692699,Trusted Data
673,110.37037383177578,38,14,86,-61.656711792760916,-12.954716270699834,Trusted Data
674,111.17411214953279,55,18,37,-11.651227627787492,123.03532917880568,Trusted Data
675,100.43166666666667,70,10,10,40.390775657402344,35.016951550113134,Trusted Data
676,100.54166666666667,82,10,42,-88.06350161848775,14.175369061727679,Trusted Data
677,100.89166666666667,83,18,66,52.52966117795424,-88.1822642219088,Trusted Data
678,101.44166666666666,62,19,57,68.14673292090347,-45.234207480960634,Trusted Data
679,127.97999999999995,47,17,95,36.4811834647501,-14.09031896572688,Trusted Data
680,111.51990654205615,70,11,70,-83.13529813532793,-52.65383489678169,Malware Detected (password)
681,101.91666666666666,28,18,90,-72.91016171545337,-37.76060768174801,Trusted Data
682,112.17411214953279,31,17,62,-40.05906886900798,138.6449452816895,Malware Detected (scanning)
683,102.66666666666666,54,15,88,54.54495362583259,63.350780584220104,Trusted Data
684,112.75355140186923,22,10,41,19.919863633774128,159.51157670634615,Malware Detected (password)
685,103.39999999999999,98,19,72,-3.707246609416657,57.90585293516827,Malware Detected (password)
686,113.13672897196268,91,20,64,-87.07128328103249,3.527745641990265,Malware Detected (injection)
687,128.92999999999995,88,14,30,-42.042462524036075,100.82677014262958,Malware Detected (scanning)
688,129.22999999999996,68,11,91,-66.16890043245859,32.62451282001874,Malware Detected (dos)
689,113.73485981308417,96,12,93,86.84539529827543,143.85437222397292,Malware Detected (ransomware)
690,130.13999999999996,40,11,32,-87.9499565727917,-52.52248596397797,Trusted Data
691,103.99999999999999,36,11,95,85.6793813852658,165.83305153218186,Trusted Data
692,114.60401869158885,47,10,96,-1.4944005494649844,-96.81687914015332,Trusted Data
693,130.45999999999995,94,16,79,-68.5493538333827,30.41926609356463,Trusted Data
694,131.24999999999994,100,18,13,-15.313294991911576,-101.46497591322792,Trusted Data
695,104.79166666666666,45,18,18,-82.65425906374344,173.73726810189015,Malware Detected (password)
696,131.37999999999994,96,10,56,-10.207908984539358,54.09986754698946,Trusted Data
697,131.93999999999994,22,16,47,-21.498711466694033,-87.12743169908437,Trusted Data
698,132.40999999999994,12,10,37,-66.45660568827411,109.46519479506077,Trusted Data
699,115.50121495327109,43,15,24,46.51551610828224,124.286245999274,Malware Detected (ransomware)
700,115.72551401869165,94,19,62,-33.75416411105147,50.96177039558356,Trusted Data
701,132.77999999999994,55,15,62,-57.67077761849814,-91.21005335662585,Trusted Data
702,104.94166666666666,75,10,49,-71.03092426269838,-127.86152130093876,Trusted Data
703,133.39999999999995,71,17,67,-26.97221589348691,23.267551366446725,Trusted Data
704,116.3049532710281,46,16,28,-31.659022978755985,112.98021665756903,Trusted Data
705,134.06999999999994,88,14,79,82.26766171950692,-11.156846280757293,Trusted Data
706,105.35,29,18,55,47.878841348513674,163.65356959685045,Trusted Data
707,116.56663551401876,83,14,89,2.8529253670108403,-73.62970090247305,Trusted Data
708,117.39841121495334,24,10,31,2.182116842487744,-110.15100500711073,Trusted Data
709,134.85999999999993,78,12,24,-60.32630207572775,-40.83020904233621,Trusted Data
710,105.80833333333332,54,19,75,-47.5788274116742,112.55274019177273,Trusted Data
711,106.43333333333332,88,16,88,78.30792196373281,58.62012705161925,Trusted Data
712,117.68813084112156,40,13,70,-19.26300498426852,144.82023988056295,Trusted Data
713,135.09999999999994,100,20,85,-64.58532192801532,65.20473267475006,Trusted Data
714,107.16666666666666,77,12,93,32.99758751573343,68.63282853020581,Trusted Data
715,107.94166666666666,26,13,11,-41.96164205899305,117.92224203683054,Malware Detected (password)
716,135.94999999999993,46,16,73,-21.06581086335953,119.72650121331958,Malware Detected (dos)
717,118.3423364485982,20,13,82,-41.83491487788551,-17.78287096148651,Malware Detected (scanning)
718,108.05166666666666,77,15,23,-51.977025588995666,-93.17789772119185,Malware Detected (injection)
719,119.10869158878512,25,16,57,71.91048154556731,26.01251756626226,Trusted Data
720,119.64140186915895,74,14,70,-6.990692896570863,145.72307259073034,Malware Detected (dos)
721,108.24333333333333,35,15,75,-43.12048086128571,109.80190728974532,Trusted Data
722,120.2956074766356,74,20,33,46.71887276215131,96.26698455251193,Trusted Data
723,136.67999999999992,46,14,75,88.6860090147546,-3.681569292214334,Trusted Data
724,120.60401869158886,77,19,41,-87.10671800879213,160.5183149473457,Trusted Data
725,120.98719626168231,20,11,15,88.25337165378423,105.91128471907126,Trusted Data
726,121.12738317757017,59,14,41,-27.193219830855988,94.93801783440006,Trusted Data
727,137.42999999999992,73,10,26,85.06674568249707,-141.22658266083667,Malware Detected (scanning)
728,121.51056074766362,21,15,82,-15.772866418911022,-167.07194748967132,Malware Detected (dos)
729,108.86833333333333,42,10,13,-70.73891410469493,0.9977693162545904,Malware Detected (ddos)
730,137.6899999999999,38,13,71,-65.90959558792319,48.617640933843234,Trusted Data
731,138.39999999999992,87,18,26,71.66176318969391,94.64183661504205,Malware Detected (ransomware)
732,122.27691588785054,25,12,11,-74.18528151941013,-28.962488400630946,Malware Detected (backdoor)
733,108.97833333333332,90,18,91,44.80603178756749,30.909704572885204,Malware Detected (backdoor)
734,138.6599999999999,88,12,31,77.50648795342522,-133.0273332596621,Trusted Data
735,109.73666666666666,28,14,53,63.026577947840934,149.16261691889144,Malware Detected (ransomware)
736,138.9699999999999,36,19,80,53.96806102372534,-47.65348252179487,Trusted Data
737,139.76999999999992,48,19,37,-76.97518152200867,165.3609200679382,Trusted Data
738,122.38691588785053,87,20,24,-84.72208835475395,21.55847420445457,Trusted Data
739,110.17833333333333,26,19,66,8.349091638950341,-72.20527198667364,Trusted Data
740,110.72833333333332,80,20,67,-58.31760432132185,-147.3690297979052,Trusted Data
741,111.28666666666666,61,14,24,-23.240484200594935,-90.54236206327451,Trusted Data
742,111.48666666666666,37,11,37,-10.588531250489297,172.46798680484238,Trusted Data
743,140.13999999999993,30,15,34,-52.207233660663434,1.7393084351712105,Trusted Data
744,122.6112149532711,39,13,93,-59.237976253739276,-30.75421169590004,Trusted Data
745,111.795,64,12,88,-80.2131456793592,-103.05426975408214,Trusted Data
746,112.52833333333334,88,19,10,-26.832071864389384,-21.268039311078866,Malware Detected (ransomware)
747,140.47999999999993,39,16,42,83.92785886637583,-51.93031577298703,Malware Detected (password)
748,112.63833333333334,67,18,22,54.14867106527822,-138.94147379589816,Malware Detected (dos)
749,112.82166666666667,15,15,82,37.97534294670386,103.90518829793075,Trusted Data
750,113.50500000000001,22,15,37,44.73679693374558,-133.70472307500333,Trusted Data
751,113.81333333333335,100,10,13,36.11910153138959,-51.559691618476904,Trusted Data
752,113.92333333333335,35,10,23,20.405652783033148,148.55559095657514,Malware Detected (ransomware)
753,114.11500000000001,85,16,76,74.54077903889396,153.21663066099893,Trusted Data
754,123.48037383177578,15,19,48,62.30587028453158,147.9534817848247,Trusted Data
755,114.74833333333335,40,10,89,45.215684969712186,41.903800922407356,Trusted Data
756,115.49000000000001,63,10,43,87.70096346356749,-1.3393807427905813,Trusted Data
757,123.9289719626169,73,15,51,-57.97755546358597,-171.34310415059562,Trusted Data
758,115.84833333333334,28,10,45,5.534950558769438,-77.34243951270992,Trusted Data
759,124.4056074766356,56,20,34,-50.797217156050905,-70.09917150975812,Malware Detected (xss)
760,140.89999999999992,99,13,17,-86.4269305301525,124.70104481673616,Trusted Data
761,141.0699999999999,25,16,15,47.04976668898047,-98.23885383974516,Malware Detected (dos)
762,116.22333333333334,10,16,92,35.07010686158645,-41.50877183534291,Trusted Data
763,141.2199999999999,53,17,17,-53.59896187878232,-117.03078089784577,Trusted Data
764,141.3899999999999,96,16,83,71.14981237842665,64.31785990326424,Trusted Data
765,116.99000000000001,90,13,62,62.08609920149158,109.24174072045844,Trusted Data
766,124.72336448598139,33,18,48,58.00429356438687,-84.58469579825307,Trusted Data
767,142.2199999999999,99,11,10,-84.9616472426298,-59.49575419717446,Trusted Data
768,117.50666666666667,22,15,67,66.3935612399494,-24.226818118217892,Trusted Data
769,118.06500000000001,48,13,98,15.768464571000507,-133.8934338337127,Malware Detected (password)
770,118.88166666666667,66,12,45,-65.95953390020524,42.67820428765501,Trusted Data
771,125.17196261682251,69,15,20,-26.603797412854767,-126.77035570063619,Trusted Data
772,125.35887850467297,21,17,41,-77.32203145768334,-21.013992689317803,Trusted Data
773,119.25666666666667,28,16,81,-1.1232596693359937,123.74506781340642,Trusted Data
774,119.93166666666667,40,18,87,-82.05806115314168,-154.22846902310127,Trusted Data
775,142.3299999999999,39,10,60,-30.41801409430304,-23.55715587837662,Trusted Data
776,125.74205607476642,54,12,17,-80.70690178978847,171.30243389518063,Malware Detected (injection)
777,142.9299999999999,97,12,55,-17.15012642128248,0.7356712186744971,Trusted Data
778,125.90093457943932,44,19,34,52.75456115072461,-59.336849772509666,Malware Detected (scanning)
779,120.65666666666667,43,16,66,-57.93013046047554,-113.88048380939156,Trusted Data
780,143.4799999999999,82,10,41,-38.40762298750046,28.54548081822918,Trusted Data
781,121.20666666666666,42,12,27,2.035520144815706,-16.37927431612823,Trusted Data
782,143.8899999999999,51,13,59,-1.5098490809684222,62.03275941214537,Malware Detected (xss)
783,121.43166666666666,52,12,30,5.082514521311239,138.76308725178916,Malware Detected (scanning)
784,126.21869158878512,63,18,23,55.56802512962318,66.4617160557986,Trusted Data
785,144.4799999999999,62,11,58,74.09895118061041,142.4109141603571,Trusted Data
786,121.68166666666666,84,14,92,-55.393852155325504,-162.83165687491717,Trusted Data
787,145.05999999999992,75,12,32,83.28275400190944,-147.91072975075787,Trusted Data
788,122.44833333333332,49,19,54,-3.247470065417673,83.10528142655971,Trusted Data
789,122.89833333333333,56,18,35,68.06833768946626,-160.62212342893338,Malware Detected (backdoor)
790,123.19,67,12,93,10.442945843015778,-45.56257799080939,Trusted Data
791,145.3799999999999,94,15,15,1.6151521973032743,-56.56156822751356,Trusted Data
792,145.52999999999992,96,16,77,-39.5143951604638,-158.26383927960285,Malware Detected (injection)
793,126.43364485981316,26,17,11,-52.73433919804682,153.0293023886873,Malware Detected (injection)
794,123.965,65,20,60,45.63806285457852,84.05334778011041,Malware Detected (injection)
795,146.29999999999993,82,17,32,86.17263834022765,-104.09046869706118,Trusted Data
796,146.61999999999992,39,17,82,-47.57192757386959,-53.24891090743536,Trusted Data
797,124.465,73,13,47,-29.05698111651857,-41.50996995108284,Malware Detected (dos)
798,126.54364485981316,84,15,58,47.38109327800308,141.50373861932047,Malware Detected (backdoor)
799,147.4399999999999,88,13,72,59.291480633702236,-42.724969198396934,Trusted Data
800,127.0857009345795,74,19,20,71.39066397323444,-159.48408038154366,Trusted Data
801,124.85666666666667,41,14,83,-30.611296806973876,-4.863249993693756,Trusted Data
802,148.1599999999999,72,16,99,-9.878164774493428,106.0292970702364,Trusted Data
803,127.27261682242997,14,14,97,80.59832161622006,-35.65202677147815,Malware Detected (ransomware)
804,149.14999999999992,23,20,74,89.39267049640068,47.38186915743594,Trusted Data
805,125.54833333333333,52,15,60,40.05668290685392,-49.597226554384235,Malware Detected (ransomware)
806,126.04833333333333,78,17,89,42.432780236928835,24.299096209639572,Malware Detected (ddos)
807,126.78999999999999,74,11,61,82.24977011355725,-66.98966626266197,Malware Detected (backdoor)
808,128.17915887850472,71,20,30,47.02088866910802,78.5818788378212,Trusted Data
809,149.88999999999993,63,11,82,-63.36213687997766,77.01441842182226,Trusted Data
810,150.70999999999992,49,19,90,20.063183794649788,-43.6518494344281,Malware Detected (injection)
811,127.29833333333333,95,14,100,-88.87148870451745,-57.22201293388294,Trusted Data
812,128.13166666666666,86,13,63,65.68378493118558,-146.51430372559952,Malware Detected (injection)
813,128.65666666666667,55,12,10,-26.23063241252916,155.8078872954976,Malware Detected (dos)
814,128.45953271028043,94,20,81,-80.7705105517784,156.52260237760458,Trusted Data
815,129.21654205607481,19,15,44,-87.84916153438489,-0.03779589931369287,Malware Detected (dos)
816,151.60999999999993,78,14,77,46.711586242173155,-79.49407045872829,Trusted Data
817,152.37999999999994,55,19,96,82.26444685571985,23.7223168296496,Trusted Data
818,153.33999999999995,99,16,59,-84.49169298914396,-57.52492131356499,Trusted Data
819,129.62775700934586,21,13,86,30.756473341325048,-163.5282847213716,Malware Detected (ddos)
820,128.76666666666665,84,10,60,-50.14630817633255,42.64249554407084,Trusted Data
821,153.92999999999995,90,15,64,-77.76673816007514,-74.39594137217881,Trusted Data
822,129.26666666666665,58,20,11,80.8257106366191,155.51910064166827,Trusted Data
823,154.56999999999994,77,12,48,-6.876305119866814,42.49739256876518,Malware Detected (dos)
824,130.43149532710288,59,16,20,2.3413716670540197,-67.15671276379213,Malware Detected (injection)
825,130.61841121495334,47,15,11,78.04060386936493,-91.74065165914573,Trusted Data
826,130.72841121495333,76,16,28,22.164026191437912,-131.9617329858558,Malware Detected (ransomware)
827,129.37666666666664,93,12,53,85.0189082832049,77.65881688063888,Malware Detected (scanning)
828,129.8183333333333,82,16,41,2.05152522016877,-99.99306384499009,Trusted Data
829,130.15999999999997,87,19,12,-81.57135003714907,116.4652987781987,Trusted Data
830,130.26999999999995,47,13,20,-24.68944816318607,22.613122035209273,Trusted Data
831,130.4366666666666,29,15,30,88.55968179076302,170.3686744353559,Malware Detected (backdoor)
832,130.6866666666666,99,15,27,43.22534911416216,161.9039177347899,Malware Detected (injection)
833,155.04999999999993,16,19,76,69.71477452790324,-50.594345654988075,Malware Detected (xss)
834,130.9116666666666,61,16,86,24.95873957836214,-49.892945587665736,Trusted Data
835,130.99009345794397,49,12,55,-66.7910141114435,-70.5423278603501,Malware Detected (scanning)
836,131.62833333333327,25,19,84,-12.283322576214928,-127.43612156790891,Trusted Data
837,155.80999999999992,50,13,58,-50.5796164047815,59.528422584071905,Trusted Data
838,131.50411214953274,84,12,37,44.28872147995139,88.56552155166753,Malware Detected (xss)
839,156.38999999999993,35,17,57,20.78112282875,161.65782579636414,Trusted Data
840,156.95999999999992,88,13,90,-44.43253187179852,-46.05298558075086,Trusted Data
841,131.84990654205612,34,18,10,40.20150055158561,154.67705087545824,Trusted Data
842,132.32833333333326,17,11,71,74.1031665136716,133.13249639051088,Trusted Data
843,131.9599065420561,32,16,20,79.8363232768207,10.581073882644347,Malware Detected (password)
844,132.91999999999993,41,19,91,15.133454834202837,156.6556322630487,Malware Detected (dos)
845,132.14682242990656,40,19,21,70.26587521412984,50.28490545412012,Trusted Data
846,132.34308411214954,70,13,66,44.581358787797114,-50.02014537517442,Malware Detected (ransomware)
847,157.85999999999993,96,16,92,-36.4063476758288,97.45351403379925,Trusted Data
848,132.95990654205607,30,14,54,56.500644861537864,101.94034802569325,Trusted Data
849,158.77999999999992,92,18,50,-40.01086023415609,93.9219055452096,Trusted Data
850,133.67833333333326,83,11,69,20.41236889332488,-118.12526543799218,Trusted Data
851,133.46457943925233,19,11,65,-22.834172964591502,-118.37194051311252,Malware Detected (backdoor)
852,159.27999999999992,74,10,22,66.4201851145551,3.1891705472961576,Trusted Data
853,159.49999999999991,22,20,62,28.199743197024247,-38.35917505258064,Trusted Data
854,134.07205607476635,76,20,77,54.87155724206892,2.390784407997387,Trusted Data
855,160.11999999999992,12,15,73,-6.075079368488616,-38.20995033229721,Malware Detected (xss)
856,134.25333333333325,57,13,46,70.7820881224963,168.03201299064324,Trusted Data
857,134.63666666666657,11,20,41,-75.97535614139466,137.98219725707315,Trusted Data
858,160.8499999999999,74,18,71,12.041355397939284,116.354729677931,Malware Detected (backdoor)
859,161.55999999999992,87,16,27,-43.51716438289008,-28.24534417089754,Malware Detected (injection)
860,161.82999999999993,99,15,91,75.30496532792938,4.534864733605701,Malware Detected (ransomware)
861,162.73999999999992,93,13,32,-51.06546994951733,-114.84602287935351,Trusted Data
862,134.79168224299065,46,12,86,16.71369202972774,-79.37742844228436,Trusted Data
863,163.05999999999992,34,15,57,17.46488420795292,-95.57118596242866,Trusted Data
864,134.97833333333324,16,16,28,80.89429137216945,-52.83989479617527,Trusted Data
865,163.6299999999999,37,17,39,-14.022217707998323,-43.17433698843212,Malware Detected (dos)
866,135.21166666666656,59,20,62,64.6320642538742,146.11444800841315,Trusted Data
867,135.72833333333324,31,17,33,40.45440219180088,163.87165369381682,Trusted Data
868,164.0199999999999,73,14,27,15.42027525471606,56.28788446298606,Trusted Data
869,164.2899999999999,48,10,92,-89.81393900525266,140.34887109815105,Malware Detected (password)
870,135.59542056074767,93,10,40,68.24328449006575,-129.17013887182173,Trusted Data
871,136.00333333333325,73,17,17,-6.186383373564851,-166.60987486550027,Malware Detected (dos)
872,135.9692523364486,70,11,45,-25.786097055626655,172.40350743404684,Trusted Data
873,165.2099999999999,11,17,72,35.826801673307344,8.137984140751172,Trusted Data
874,165.9299999999999,42,20,33,-8.117266311664466,171.20754587204215,Trusted Data
875,136.14499999999992,88,10,92,33.31903683546261,-134.96871501972709,Malware Detected (xss)
876,136.9116666666666,66,17,83,-87.28269478643031,-86.22466561103077,Trusted Data
877,137.60333333333327,18,10,78,11.867336813698472,-6.140851726414212,Malware Detected (dos)
878,136.38981308411215,54,11,24,-9.929902272408285,58.992745096981366,Trusted Data
879,136.6141121495327,25,11,52,9.235308080908595,-31.180747772031737,Malware Detected (dos)
880,166.2599999999999,42,15,64,67.49515116251033,152.6768557092584,Malware Detected (xss)
881,137.10009345794393,71,10,92,82.24685359769828,-10.835305678098763,Trusted Data
882,166.8999999999999,24,10,33,86.3942813930949,40.23168459178902,Trusted Data
883,167.2299999999999,30,17,70,86.74652025434062,-68.5569503539387,Trusted Data
884,167.9299999999999,41,12,17,-85.00019590681556,-44.6543324638634,Malware Detected (backdoor)
885,168.09999999999988,41,11,29,65.21269579885302,-178.83466891087687,Trusted Data
886,138.25333333333327,32,19,100,-88.73117499534487,28.243982139770452,Trusted Data
887,139.08666666666662,39,18,42,81.49623106989938,36.97838784472253,Trusted Data
888,137.95990654205607,35,20,50,-30.154491361385965,143.25527107623788,Trusted Data
889,168.38999999999987,69,15,99,69.1416522327429,-71.3802527743238,Trusted Data
890,169.37999999999988,70,13,53,-38.995498183080336,13.336242816729197,Trusted Data
891,169.90999999999988,54,15,53,-17.365235732910705,113.62281677484344,Trusted Data
892,139.4366666666666,94,20,70,-58.40231037597807,9.029261650547511,Trusted Data
893,138.42719626168224,100,10,68,4.95103939526112,53.39275671892241,Trusted Data
894,170.43999999999988,11,10,70,-45.441269182799424,-89.45253091488598,Trusted Data
895,139.06271028037384,96,15,17,10.086633994693969,71.04359616222789,Malware Detected (xss)
896,171.13999999999987,14,15,19,-48.00788053174893,-118.25477746098943,Malware Detected (ransomware)
897,140.01999999999995,65,13,56,-16.379678006003346,22.854636555243275,Malware Detected (xss)
898,171.32999999999987,70,11,75,-52.51249223787707,-72.25430574823119,Trusted Data
899,139.22158878504672,39,17,90,-45.51361103784758,-105.94266471528586,Trusted Data
900,140.06271028037384,98,14,85,-27.90719678637015,-13.121649745113473,Trusted Data
901,140.85710280373831,40,10,53,52.4237263444283,-82.17122698271729,Trusted Data
902,172.07999999999987,31,18,44,-65.1220898533381,-179.32456999312586,Malware Detected (backdoor)
903,141.35242990654206,76,13,56,-14.719263366167695,139.1966051217962,Trusted Data
904,141.87579439252337,37,11,20,36.72928665871284,-5.295453122430018,Malware Detected (dos)
905,172.51999999999987,24,19,79,-62.5830124548376,-144.9308315567215,Trusted Data
906,140.48666666666662,44,19,89,39.584124383125044,-38.80323946699815,Trusted Data
907,173.30999999999986,69,16,41,-73.60876067405995,156.30243504224035,Trusted Data
908,141.2283333333333,22,11,47,54.81280851054888,102.37391164764875,Trusted Data
909,173.71999999999986,59,14,20,75.31215139390511,-120.22431588976738,Trusted Data
910,173.91999999999985,12,16,99,5.0702039222993704,27.899417714731158,Malware Detected (password)
911,141.61999999999998,31,16,25,-89.3136660139184,-76.22762071682196,Trusted Data
912,141.82833333333332,29,10,83,31.655223524176776,-173.9133080933356,Trusted Data
913,174.90999999999985,87,15,95,-56.84225163530811,-145.0587198279819,Trusted Data
914,142.06271028037384,75,17,39,-24.07622004347799,179.79288931377448,Trusted Data
915,142.51999999999998,31,14,31,29.36794255663284,-50.77912019732196,Trusted Data
916,142.7783333333333,79,16,89,54.14863631507413,-146.64684261527304,Malware Detected (dos)
917,143.51999999999998,10,19,94,3.691354917673209,-135.45808204790595,Malware Detected (backdoor)
918,175.85999999999984,76,12,88,15.864800730993466,-94.77947686609087,Malware Detected (dos)
919,142.42719626168224,86,10,99,-57.30680665283553,-83.72741054953184,Trusted Data
920,176.73999999999984,44,13,40,-43.31739562718094,31.26681393756985,Trusted Data
921,144.3033333333333,16,11,14,-58.36525163901065,-143.80239127141454,Trusted Data
922,143.35242990654206,76,15,47,-45.512463643101526,-71.1251444625176,Malware Detected (xss)
923,144.42,28,13,94,77.17700677575016,-100.62665125004077,Malware Detected (scanning)
924,145.20333333333332,72,11,90,-71.71498187829664,-72.2478343441011,Trusted Data
925,177.13999999999984,30,16,42,32.730466492645704,-96.42658533791287,Trusted Data
926,145.95333333333332,76,15,60,21.14594724241357,79.71038724393594,Malware Detected (scanning)
927,177.55999999999983,27,18,36,-34.20940362308962,140.3728321470444,Trusted Data
928,146.45333333333332,24,17,45,19.271356550127976,-145.87469976482373,Trusted Data
929,146.82833333333332,99,19,72,-86.90016460096108,-103.81703067250945,Trusted Data
930,143.79168224299065,66,15,10,-31.550714482078398,57.8797295738033,Trusted Data
931,147.4283333333333,31,15,77,-52.37253481211255,73.99613892947167,Malware Detected (ransomware)
932,143.90168224299063,32,12,14,77.9247214469338,-173.171152668165,Trusted Data
933,148.07,24,12,87,-22.08757645899118,-170.11814681312347,Trusted Data
934,177.91999999999985,75,16,57,-15.46976905820594,98.07551712957195,Malware Detected (dos)
935,178.48999999999984,21,17,46,-78.45905997474938,60.09328430029046,Malware Detected (injection)
936,148.795,32,18,57,69.97885070985188,-5.175027508898495,Malware Detected (xss)
937,149.26999999999998,69,11,100,-82.07240891770265,-67.63985187160304,Trusted Data
938,144.03252336448597,73,10,42,-64.85041477007377,35.956419127991865,Trusted Data
939,150.10333333333332,62,11,31,-43.11239229240916,153.08793051560843,Trusted Data
940,178.94999999999985,65,20,73,24.430631952745273,-109.04864562430586,Trusted Data
941,150.36166666666665,25,12,30,18.690959973070818,46.142804957309465,Malware Detected (scanning)
942,179.67999999999984,15,17,61,21.538058074076815,163.80184656376593,Trusted Data
943,144.42504672897195,39,10,89,-12.083563985465418,84.2296663887459,Trusted Data
944,180.28999999999985,60,19,92,68.29932718557282,-84.14686993697795,Malware Detected (dos)
945,145.25682242990652,69,13,42,-55.85438938970656,79.55619542907732,Malware Detected (backdoor)
946,150.61166666666665,74,15,28,-5.53320320377469,-15.280454508151934,Trusted Data
947,181.20999999999984,70,13,25,-2.07895024166352,128.77933387533574,Malware Detected (ransomware)
948,181.45999999999984,29,14,74,-50.73437963754591,105.2206961843263,Malware Detected (dos)
949,150.84499999999997,42,14,62,60.13902985551178,-35.967231888067175,Malware Detected (backdoor)
950,182.19999999999985,17,20,73,1.4273831613759995,46.266196184137556,Malware Detected (injection)
951,151.36166666666665,38,16,100,64.31534721788384,162.3779991465642,Malware Detected (injection)
952,145.6493457943925,54,13,29,-23.8691065587212,-155.99341306027645,Malware Detected (injection)
953,182.92999999999984,55,16,86,82.2882832329268,170.19862317006204,Trusted Data
954,145.9203738317757,83,14,95,-48.48067023990879,107.63889574722094,Trusted Data
955,152.195,68,20,85,34.43761153969902,-67.72870570521715,Malware Detected (xss)
956,183.78999999999985,56,20,59,60.81010465197997,-39.49006540305993,Trusted Data
957,184.37999999999985,45,10,13,-55.996988183757274,-64.69846995707344,Malware Detected (xss)
958,152.90333333333334,80,16,55,41.68045132547172,-171.43395370994767,Trusted Data
959,146.80822429906542,77,19,63,4.965560449625684,-23.650164967356062,Trusted Data
960,184.50999999999985,46,14,96,-82.78038350082458,37.75156927887414,Trusted Data
961,147.39700934579437,13,15,99,-61.209277427234696,-91.33129109952333,Trusted Data
962,148.3222429906542,70,11,65,41.254918500204525,37.77686718243393,Malware Detected (xss)
963,148.9297196261682,14,18,79,31.430867790231687,129.88644772939017,Trusted Data
964,153.36166666666668,31,12,66,-13.524487632751345,-54.93949416088846,Trusted Data
965,149.66803738317756,50,15,28,31.95172729795388,96.99684574465988,Malware Detected (password)
966,153.9116666666667,93,13,17,26.851340777836654,-21.994291873782828,Trusted Data
967,149.9297196261682,91,16,21,31.45808533709132,-24.499679843645993,Malware Detected (dos)
968,150.12598130841118,47,15,84,54.80935466721624,-37.378223784662424,Trusted Data
969,185.46999999999986,31,17,77,-63.98781417699148,107.32485627515729,Trusted Data
970,154.05333333333337,58,11,14,-27.158823719228728,17.19105660966264,Trusted Data
971,150.91102803738315,59,18,20,49.942881646173674,75.52889483664055,Trusted Data
972,154.17000000000004,96,14,55,-35.56012277124294,-146.51322871215527,Trusted Data
973,151.0979439252336,70,16,96,-83.94963647108953,-135.6418793116555,Malware Detected (ransomware)
974,154.6283333333334,60,11,90,-20.952540591659627,-108.82616121083484,Trusted Data
975,151.99514018691585,76,14,46,-86.35145350623733,8.213938275751872,Trusted Data
976,152.42504672897192,65,14,79,-2.088200757932171,-95.57869611709118,Trusted Data
977,186.23999999999987,41,19,64,-55.11037538808934,103.65917500769939,Trusted Data
978,155.3783333333334,21,14,37,67.45570550970632,120.26118261391366,Trusted Data
979,186.87999999999985,73,18,18,27.051533271449273,-20.326486000895386,Trusted Data
980,155.68666666666672,34,18,97,39.51532594312488,66.93454034813266,Trusted Data
981,153.16336448598128,95,15,46,58.851778758662704,86.91966645803814,Malware Detected (ddos)
982,156.49500000000006,68,10,41,48.65150225003984,-58.1388039279352,Malware Detected (ddos)
983,187.05999999999986,90,15,39,-15.916308677994081,-35.089918995065375,Trusted Data
984,187.44999999999985,81,20,74,55.81167252580252,148.83880728457518,Malware Detected (ddos)
985,153.59327102803735,97,20,68,3.031398047939007,91.99419041983981,Trusted Data
986,156.83666666666673,22,12,46,-24.256258194049195,-141.6633192311735,Malware Detected (dos)
987,188.18999999999986,23,14,41,37.06936153646443,-168.11062324643717,Trusted Data
988,154.22878504672894,82,20,55,-4.362136932328198,-160.52740246234913,Trusted Data
989,188.59999999999985,52,15,94,66.20526060862494,-146.78593439845207,Trusted Data
990,157.22000000000006,85,13,44,-51.96622097695759,-138.40912284104337,Malware Detected (scanning)
991,154.74280373831772,37,12,17,-11.407168451105818,-152.56912942438535,Trusted Data
992,154.9016822429906,74,16,88,-72.36315386456235,-49.5366632703126,Trusted Data
993,155.72411214953266,10,13,21,-77.86821337035491,-78.93224057829528,Trusted Data
994,189.53999999999985,46,18,42,-27.67323047350026,20.303410469469213,Trusted Data
995,189.95999999999984,69,15,55,82.95554285589498,22.19693154323639,Trusted Data
996,157.58666666666673,72,18,26,86.9747283680166,-87.47135265399007,Malware Detected (scanning)
997,190.50999999999985,12,20,83,62.75066981760489,64.48668380790019,Malware Detected (xss)
998,191.33999999999986,78,10,81,45.99076665747015,22.507503255450587,Trusted Data
999,192.14999999999986,45,12,52,3.5745274229679467,40.31222171752671,Malware Detected (ransomware)
1000,157.8033333333334,62,13,91,-54.62008699416354,-99.88053606555397,Trusted Data
