Cloudlet ID,STATUS,Data centerID,VM ID,Tim,Start Time,Finish Time
1,SUCCESS,3,1,0.11,0.1,0.21
2,SUCCESS,4,4,0.11,0.1,0.21
8,SUCCESS,5,8,0.21,0.1,0.31
5,SUCCESS,3,2,0.22,0.1,0.32
7,SUCCESS,4,6,0.22,0.1,0.32
10,SUCCESS,5,9,0.32,0.1,0.42
9,SUCCESS,4,4,0.22,0.21,0.43
4,SUCCESS,4,5,0.33,0.1,0.43
11,SUCCESS,3,1,0.23,0.21,0.44
3,SUCCESS,5,7,0.43,0.1,0.53
14,SUCCESS,3,2,0.23,0.32,0.55
6,SUCCESS,3,3,0.45,0.1,0.55
12,SUCCESS,4,6,0.27,0.32,0.59
20,SUCCESS,3,1,0.22,0.44,0.66
17,SUCCESS,5,9,0.24,0.42,0.67
19,SUCCESS,4,4,0.27,0.43,0.7
23,SUCCESS,3,3,0.29,0.55,0.84
22,SUCCESS,5,7,0.33,0.53,0.86
21,SUCCESS,4,6,0.28,0.59,0.86
26,SUCCESS,3,1,0.29,0.66,0.95
24,SUCCESS,4,4,0.27,0.7,0.97
15,SUCCESS,4,5,0.54,0.43,0.97
13,SUCCESS,5,8,0.71,0.31,1.02
16,SUCCESS,3,2,0.51,0.55,1.06
31,SUCCESS,5,7,0.29,0.86,1.15
32,SUCCESS,4,6,0.31,0.86,1.17
28,SUCCESS,3,3,0.33,0.84,1.17
42,SUCCESS,4,6,0.11,1.17,1.28
33,SUCCESS,3,1,0.33,0.95,1.28
35,SUCCESS,4,4,0.42,0.97,1.39
30,SUCCESS,3,2,0.33,1.06,1.39
36,SUCCESS,3,3,0.33,1.17,1.5
27,SUCCESS,4,5,0.56,0.97,1.53
18,SUCCESS,5,9,0.87,0.67,1.54
39,SUCCESS,3,2,0.22,1.39,1.61
43,SUCCESS,4,6,0.36,1.28,1.64
40,SUCCESS,5,7,0.5,1.15,1.65
25,SUCCESS,5,8,0.63,1.02,1.65
44,SUCCESS,3,1,0.44,1.28,1.72
41,SUCCESS,3,3,0.22,1.5,1.72
46,SUCCESS,4,4,0.36,1.39,1.75
38,SUCCESS,4,5,0.33,1.53,1.86
56,SUCCESS,3,1,0.18,1.72,1.9
51,SUCCESS,5,7,0.31,1.65,1.96
55,SUCCESS,4,4,0.22,1.75,1.97
50,SUCCESS,3,3,0.29,1.72,2.01
61,SUCCESS,4,4,0.11,1.97,2.08
52,SUCCESS,4,6,0.44,1.64,2.08
29,SUCCESS,5,9,0.56,1.54,2.1
47,SUCCESS,3,2,0.51,1.61,2.12
60,SUCCESS,5,7,0.25,1.96,2.21
63,SUCCESS,4,6,0.13,2.08,2.21
64,SUCCESS,3,1,0.33,1.9,2.23
34,SUCCESS,5,8,0.67,1.65,2.32
53,SUCCESS,3,3,0.33,2.01,2.34
65,SUCCESS,4,4,0.3,2.08,2.39
70,SUCCESS,5,7,0.22,2.21,2.43
77,SUCCESS,3,1,0.22,2.23,2.45
49,SUCCESS,4,5,0.63,1.86,2.5
71,SUCCESS,4,6,0.28,2.21,2.5
37,SUCCESS,5,9,0.44,2.1,2.54
87,SUCCESS,3,1,0.11,2.45,2.56
59,SUCCESS,3,2,0.44,2.12,2.56
67,SUCCESS,3,3,0.22,2.34,2.56
79,SUCCESS,4,4,0.24,2.39,2.63
92,SUCCESS,3,1,0.12,2.56,2.68
75,SUCCESS,5,7,0.28,2.43,2.71
76,SUCCESS,4,6,0.24,2.5,2.74
74,SUCCESS,3,2,0.23,2.56,2.79
58,SUCCESS,4,5,0.35,2.5,2.85
95,SUCCESS,3,1,0.22,2.68,2.9
80,SUCCESS,3,2,0.11,2.79,2.9
97,SUCCESS,4,4,0.33,2.63,2.96
48,SUCCESS,5,8,0.66,2.32,2.98
69,SUCCESS,3,3,0.45,2.56,3.01
91,SUCCESS,5,7,0.38,2.71,3.09
90,SUCCESS,3,2,0.22,2.9,3.12
89,SUCCESS,4,6,0.4,2.74,3.14
57,SUCCESS,5,8,0.24,2.98,3.22
83,SUCCESS,3,3,0.24,3.01,3.24
68,SUCCESS,4,5,0.42,2.85,3.26
45,SUCCESS,5,9,0.81,2.54,3.35
106,SUCCESS,3,1,0.46,2.9,3.35
98,SUCCESS,3,2,0.24,3.12,3.35
93,SUCCESS,3,3,0.11,3.24,3.35
105,SUCCESS,4,4,0.42,2.96,3.37
108,SUCCESS,4,6,0.24,3.14,3.37
85,SUCCESS,4,5,0.22,3.26,3.48
114,SUCCESS,4,6,0.11,3.37,3.48
104,SUCCESS,5,7,0.39,3.09,3.48
100,SUCCESS,3,3,0.16,3.35,3.52
116,SUCCESS,4,6,0.11,3.48,3.59
112,SUCCESS,5,7,0.13,3.48,3.62
113,SUCCESS,3,1,0.27,3.35,3.63
88,SUCCESS,4,5,0.22,3.48,3.7
109,SUCCESS,3,2,0.43,3.35,3.78
118,SUCCESS,4,4,0.44,3.37,3.81
122,SUCCESS,4,6,0.22,3.59,3.81
129,SUCCESS,3,1,0.26,3.63,3.89
96,SUCCESS,4,5,0.22,3.7,3.92
66,SUCCESS,5,8,0.72,3.22,3.94
102,SUCCESS,3,3,0.48,3.52,4
130,SUCCESS,4,4,0.22,3.81,4.03
126,SUCCESS,4,6,0.22,3.81,4.03
121,SUCCESS,5,7,0.44,3.62,4.05
82,SUCCESS,5,8,0.11,3.94,4.05
117,SUCCESS,3,3,0.11,4,4.11
101,SUCCESS,4,5,0.22,3.92,4.14
54,SUCCESS,5,9,0.82,3.35,4.16
131,SUCCESS,3,1,0.33,3.89,4.22
120,SUCCESS,3,2,0.44,3.78,4.22
119,SUCCESS,3,3,0.11,4.11,4.22
140,SUCCESS,4,4,0.22,4.03,4.25
84,SUCCESS,5,8,0.25,4.05,4.3
133,SUCCESS,4,6,0.33,4.03,4.36
132,SUCCESS,5,7,0.36,4.05,4.41
146,SUCCESS,4,6,0.16,4.36,4.52
62,SUCCESS,5,9,0.37,4.16,4.53
142,SUCCESS,3,1,0.34,4.22,4.56
103,SUCCESS,4,5,0.49,4.14,4.63
72,SUCCESS,5,9,0.13,4.53,4.66
134,SUCCESS,3,2,0.45,4.22,4.67
141,SUCCESS,4,4,0.49,4.25,4.74
124,SUCCESS,3,3,0.56,4.22,4.78
73,SUCCESS,5,9,0.15,4.66,4.81
148,SUCCESS,4,6,0.33,4.52,4.85
138,SUCCESS,5,7,0.51,4.41,4.92
153,SUCCESS,3,1,0.41,4.56,4.97
154,SUCCESS,4,4,0.27,4.74,5.01
94,SUCCESS,5,8,0.73,4.3,5.03
170,SUCCESS,3,1,0.11,4.97,5.08
145,SUCCESS,3,2,0.41,4.67,5.08
160,SUCCESS,4,4,0.11,5.01,5.12
111,SUCCESS,4,5,0.49,4.63,5.12
78,SUCCESS,5,9,0.33,4.81,5.14
139,SUCCESS,3,3,0.42,4.78,5.2
166,SUCCESS,4,4,0.11,5.12,5.23
125,SUCCESS,4,5,0.11,5.12,5.23
156,SUCCESS,4,6,0.38,4.85,5.23
81,SUCCESS,5,9,0.16,5.14,5.31
174,SUCCESS,4,6,0.16,5.23,5.38
149,SUCCESS,3,3,0.21,5.2,5.41
152,SUCCESS,5,7,0.49,4.92,5.42
171,SUCCESS,3,1,0.44,5.08,5.52
158,SUCCESS,3,2,0.44,5.08,5.52
107,SUCCESS,5,8,0.49,5.03,5.53
178,SUCCESS,4,6,0.2,5.38,5.59
162,SUCCESS,5,7,0.22,5.42,5.64
167,SUCCESS,4,4,0.47,5.23,5.7
128,SUCCESS,4,5,0.47,5.23,5.7
168,SUCCESS,3,2,0.19,5.52,5.71
86,SUCCESS,5,9,0.44,5.31,5.75
188,SUCCESS,3,1,0.3,5.52,5.82
176,SUCCESS,3,2,0.11,5.71,5.82
151,SUCCESS,3,3,0.41,5.41,5.82
183,SUCCESS,4,4,0.14,5.7,5.84
169,SUCCESS,5,7,0.22,5.64,5.86
199,SUCCESS,3,1,0.11,5.82,5.93
186,SUCCESS,4,6,0.36,5.59,5.95
192,SUCCESS,4,4,0.22,5.84,6.06
179,SUCCESS,5,7,0.21,5.86,6.07
177,SUCCESS,3,2,0.26,5.82,6.09
115,SUCCESS,5,8,0.65,5.53,6.18
200,SUCCESS,3,1,0.26,5.93,6.2
137,SUCCESS,4,5,0.56,5.7,6.26
184,SUCCESS,5,7,0.22,6.07,6.29
161,SUCCESS,3,3,0.48,5.82,6.31
202,SUCCESS,4,4,0.31,6.06,6.37
197,SUCCESS,4,6,0.42,5.95,6.37
211,SUCCESS,3,1,0.22,6.2,6.42
214,SUCCESS,3,1,0.11,6.42,6.53
190,SUCCESS,3,2,0.44,6.09,6.53
99,SUCCESS,5,9,0.85,5.75,6.6
207,SUCCESS,4,4,0.26,6.37,6.63
180,SUCCESS,3,3,0.33,6.31,6.64
194,SUCCESS,5,7,0.42,6.29,6.71
212,SUCCESS,4,6,0.37,6.37,6.74
215,SUCCESS,3,1,0.22,6.53,6.75
150,SUCCESS,4,5,0.59,6.26,6.85
227,SUCCESS,4,6,0.11,6.74,6.85
185,SUCCESS,3,3,0.22,6.64,6.86
127,SUCCESS,5,8,0.73,6.18,6.9
159,SUCCESS,4,5,0.11,6.85,6.96
203,SUCCESS,3,2,0.44,6.53,6.97
195,SUCCESS,3,3,0.11,6.86,6.97
204,SUCCESS,5,7,0.3,6.71,7.01
143,SUCCESS,5,8,0.11,6.9,7.01
218,SUCCESS,4,4,0.44,6.63,7.07
163,SUCCESS,4,5,0.11,6.96,7.07
231,SUCCESS,4,6,0.22,6.85,7.07
224,SUCCESS,3,1,0.33,6.75,7.08
213,SUCCESS,5,7,0.15,7.01,7.16
236,SUCCESS,4,4,0.11,7.07,7.18
164,SUCCESS,4,5,0.11,7.07,7.18
221,SUCCESS,3,2,0.22,6.97,7.19
219,SUCCESS,5,7,0.11,7.16,7.27
241,SUCCESS,3,1,0.22,7.08,7.3
196,SUCCESS,3,3,0.33,6.97,7.3
172,SUCCESS,4,5,0.15,7.18,7.33
220,SUCCESS,5,7,0.12,7.27,7.39
245,SUCCESS,3,1,0.11,7.3,7.41
230,SUCCESS,3,2,0.22,7.19,7.41
238,SUCCESS,4,4,0.26,7.18,7.44
240,SUCCESS,4,6,0.37,7.07,7.44
225,SUCCESS,5,7,0.11,7.39,7.5
110,SUCCESS,5,9,0.9,6.6,7.5
249,SUCCESS,3,1,0.17,7.41,7.58
175,SUCCESS,4,5,0.29,7.33,7.62
208,SUCCESS,3,3,0.39,7.3,7.69
248,SUCCESS,4,4,0.29,7.44,7.73
182,SUCCESS,4,5,0.11,7.62,7.73
144,SUCCESS,5,8,0.73,7.01,7.74
256,SUCCESS,3,1,0.22,7.58,7.8
235,SUCCESS,3,2,0.39,7.41,7.8
254,SUCCESS,4,6,0.4,7.44,7.84
229,SUCCESS,5,7,0.35,7.5,7.85
217,SUCCESS,3,3,0.26,7.69,7.94
258,SUCCESS,4,4,0.23,7.73,7.96
246,SUCCESS,5,7,0.18,7.85,8.03
263,SUCCESS,3,1,0.26,7.8,8.05
228,SUCCESS,3,3,0.11,7.94,8.05
189,SUCCESS,4,5,0.34,7.73,8.07
269,SUCCESS,4,6,0.23,7.84,8.07
123,SUCCESS,5,9,0.64,7.5,8.14
252,SUCCESS,3,2,0.37,7.8,8.16
275,SUCCESS,4,6,0.11,8.07,8.18
155,SUCCESS,5,8,0.51,7.74,8.25
264,SUCCESS,4,4,0.33,7.96,8.29
232,SUCCESS,3,3,0.3,8.05,8.35
250,SUCCESS,5,7,0.33,8.03,8.36
135,SUCCESS,5,9,0.22,8.14,8.36
276,SUCCESS,4,4,0.11,8.29,8.4
193,SUCCESS,4,5,0.33,8.07,8.4
270,SUCCESS,3,1,0.41,8.05,8.46
267,SUCCESS,3,2,0.3,8.16,8.46
278,SUCCESS,4,6,0.33,8.18,8.51
262,SUCCESS,5,7,0.2,8.36,8.56
243,SUCCESS,3,3,0.22,8.35,8.57
285,SUCCESS,4,4,0.22,8.4,8.62
265,SUCCESS,5,7,0.11,8.56,8.67
286,SUCCESS,3,1,0.22,8.46,8.68
205,SUCCESS,4,5,0.33,8.4,8.73
289,SUCCESS,3,1,0.11,8.68,8.79
247,SUCCESS,3,3,0.22,8.57,8.79
165,SUCCESS,5,8,0.57,8.25,8.82
288,SUCCESS,4,4,0.22,8.62,8.84
290,SUCCESS,4,6,0.33,8.51,8.84
274,SUCCESS,3,2,0.44,8.46,8.9
299,SUCCESS,4,4,0.11,8.84,8.95
210,SUCCESS,4,5,0.22,8.73,8.95
136,SUCCESS,5,9,0.63,8.36,8.99
255,SUCCESS,3,3,0.22,8.79,9.01
268,SUCCESS,5,7,0.44,8.67,9.1
294,SUCCESS,3,1,0.33,8.79,9.12
287,SUCCESS,3,2,0.22,8.9,9.12
181,SUCCESS,5,8,0.39,8.82,9.21
303,SUCCESS,4,6,0.38,8.84,9.22
305,SUCCESS,3,1,0.13,9.12,9.26
300,SUCCESS,4,4,0.38,8.95,9.33
319,SUCCESS,4,6,0.11,9.22,9.33
292,SUCCESS,3,2,0.24,9.12,9.37
223,SUCCESS,4,5,0.49,8.95,9.44
259,SUCCESS,3,3,0.46,9.01,9.48
284,SUCCESS,5,7,0.42,9.1,9.53
321,SUCCESS,4,6,0.23,9.33,9.57
308,SUCCESS,3,1,0.33,9.26,9.59
311,SUCCESS,4,4,0.34,9.33,9.68
298,SUCCESS,5,7,0.16,9.53,9.68
302,SUCCESS,3,2,0.33,9.37,9.7
279,SUCCESS,3,3,0.33,9.48,9.81
233,SUCCESS,4,5,0.37,9.44,9.81
147,SUCCESS,5,9,0.89,8.99,9.88
318,SUCCESS,3,1,0.33,9.59,9.92
306,SUCCESS,3,2,0.22,9.7,9.92
324,SUCCESS,4,4,0.29,9.68,9.97
187,SUCCESS,5,8,0.78,9.21,9.99
331,SUCCESS,4,6,0.51,9.57,10.08
304,SUCCESS,5,7,0.42,9.68,10.1
338,SUCCESS,4,4,0.22,9.97,10.19
244,SUCCESS,4,5,0.38,9.81,10.19
282,SUCCESS,3,3,0.42,9.81,10.23
340,SUCCESS,4,4,0.11,10.19,10.3
343,SUCCESS,4,6,0.22,10.08,10.3
316,SUCCESS,5,7,0.21,10.1,10.32
329,SUCCESS,3,1,0.42,9.92,10.34
314,SUCCESS,3,2,0.42,9.92,10.34
351,SUCCESS,4,6,0.13,10.3,10.43
201,SUCCESS,5,8,0.51,9.99,10.5
326,SUCCESS,3,2,0.18,10.34,10.51
346,SUCCESS,4,4,0.24,10.3,10.54
251,SUCCESS,4,5,0.35,10.19,10.54
352,SUCCESS,4,4,0.11,10.54,10.65
260,SUCCESS,4,5,0.11,10.54,10.65
359,SUCCESS,4,6,0.22,10.43,10.65
296,SUCCESS,3,3,0.47,10.23,10.7
325,SUCCESS,5,7,0.41,10.32,10.72
367,SUCCESS,4,6,0.11,10.65,10.76
345,SUCCESS,3,1,0.47,10.34,10.81
157,SUCCESS,5,9,0.95,9.88,10.83
261,SUCCESS,4,5,0.24,10.65,10.89
356,SUCCESS,3,1,0.11,10.81,10.92
312,SUCCESS,3,3,0.22,10.7,10.92
337,SUCCESS,5,7,0.22,10.72,10.94
216,SUCCESS,5,8,0.44,10.5,10.94
354,SUCCESS,4,4,0.35,10.65,11
335,SUCCESS,3,2,0.51,10.51,11.03
317,SUCCESS,3,3,0.11,10.92,11.03
271,SUCCESS,4,5,0.24,10.89,11.13
362,SUCCESS,3,1,0.22,10.92,11.14
348,SUCCESS,5,7,0.26,10.94,11.2
373,SUCCESS,4,4,0.24,11,11.24
368,SUCCESS,4,6,0.48,10.76,11.24
323,SUCCESS,3,3,0.22,11.03,11.25
222,SUCCESS,5,8,0.37,10.94,11.31
379,SUCCESS,4,4,0.11,11.24,11.35
273,SUCCESS,4,5,0.22,11.13,11.35
328,SUCCESS,3,3,0.12,11.25,11.36
358,SUCCESS,5,7,0.22,11.2,11.42
390,SUCCESS,4,6,0.22,11.24,11.46
349,SUCCESS,3,2,0.45,11.03,11.47
366,SUCCESS,3,1,0.45,11.14,11.58
364,SUCCESS,3,2,0.11,11.47,11.58
333,SUCCESS,3,3,0.33,11.36,11.69
234,SUCCESS,5,8,0.41,11.31,11.72
385,SUCCESS,4,4,0.41,11.35,11.76
383,SUCCESS,3,1,0.22,11.58,11.8
370,SUCCESS,3,2,0.22,11.58,11.8
360,SUCCESS,5,7,0.41,11.42,11.83
173,SUCCESS,5,9,0.99,10.83,11.83
400,SUCCESS,4,4,0.11,11.76,11.87
281,SUCCESS,4,5,0.52,11.35,11.87
394,SUCCESS,4,6,0.41,11.46,11.87
371,SUCCESS,3,2,0.11,11.8,11.91
372,SUCCESS,5,7,0.15,11.83,11.97
410,SUCCESS,4,6,0.11,11.87,11.98
386,SUCCESS,3,1,0.22,11.8,12.02
376,SUCCESS,5,7,0.11,11.97,12.08
341,SUCCESS,3,3,0.44,11.69,12.13
401,SUCCESS,4,4,0.29,11.87,12.16
391,SUCCESS,3,1,0.22,12.02,12.24
411,SUCCESS,4,6,0.29,11.98,12.27
242,SUCCESS,5,8,0.63,11.72,12.35
380,SUCCESS,3,2,0.44,11.91,12.35
355,SUCCESS,3,3,0.22,12.13,12.35
295,SUCCESS,4,5,0.51,11.87,12.38
384,SUCCESS,5,7,0.38,12.08,12.46
399,SUCCESS,3,1,0.22,12.24,12.46
415,SUCCESS,4,4,0.33,12.16,12.49
422,SUCCESS,4,6,0.22,12.27,12.49
191,SUCCESS,5,9,0.74,11.83,12.57
407,SUCCESS,3,1,0.11,12.46,12.57
393,SUCCESS,3,2,0.22,12.35,12.57
429,SUCCESS,4,6,0.11,12.49,12.6
309,SUCCESS,4,5,0.33,12.38,12.71
392,SUCCESS,5,7,0.26,12.46,12.71
357,SUCCESS,3,3,0.44,12.35,12.8
425,SUCCESS,4,4,0.33,12.49,12.82
435,SUCCESS,4,6,0.22,12.6,12.82
198,SUCCESS,5,9,0.29,12.57,12.86
403,SUCCESS,3,2,0.35,12.57,12.92
257,SUCCESS,5,8,0.63,12.35,12.98
417,SUCCESS,3,1,0.46,12.57,13.03
402,SUCCESS,5,7,0.37,12.71,13.09
421,SUCCESS,3,2,0.23,12.92,13.16
315,SUCCESS,4,5,0.47,12.71,13.18
413,SUCCESS,5,7,0.11,13.09,13.2
424,SUCCESS,3,2,0.11,13.16,13.27
374,SUCCESS,3,3,0.47,12.8,13.27
437,SUCCESS,4,4,0.47,12.82,13.29
441,SUCCESS,4,6,0.47,12.82,13.29
206,SUCCESS,5,9,0.45,12.86,13.31
431,SUCCESS,3,1,0.34,13.03,13.38
388,SUCCESS,3,3,0.11,13.27,13.38
327,SUCCESS,4,5,0.22,13.18,13.4
428,SUCCESS,3,2,0.22,13.27,13.49
389,SUCCESS,3,3,0.11,13.38,13.49
456,SUCCESS,4,6,0.22,13.29,13.51
418,SUCCESS,5,7,0.33,13.2,13.53
454,SUCCESS,4,4,0.33,13.29,13.62
462,SUCCESS,4,6,0.11,13.51,13.62
272,SUCCESS,5,8,0.66,12.98,13.64
444,SUCCESS,3,1,0.27,13.38,13.65
464,SUCCESS,4,4,0.11,13.62,13.73
396,SUCCESS,3,3,0.34,13.49,13.82
430,SUCCESS,5,7,0.3,13.53,13.83
334,SUCCESS,4,5,0.44,13.4,13.84
466,SUCCESS,4,6,0.22,13.62,13.84
439,SUCCESS,3,2,0.45,13.49,13.93
406,SUCCESS,3,3,0.11,13.82,13.93
467,SUCCESS,4,4,0.22,13.73,13.95
475,SUCCESS,4,6,0.11,13.84,13.95
440,SUCCESS,5,7,0.14,13.83,13.97
452,SUCCESS,3,1,0.4,13.65,14.04
457,SUCCESS,3,2,0.11,13.93,14.04
342,SUCCESS,4,5,0.22,13.84,14.06
283,SUCCESS,5,8,0.44,13.64,14.08
480,SUCCESS,4,6,0.22,13.95,14.17
471,SUCCESS,3,1,0.13,14.04,14.18
446,SUCCESS,5,7,0.22,13.97,14.19
209,SUCCESS,5,9,0.88,13.31,14.19
477,SUCCESS,4,4,0.33,13.95,14.28
458,SUCCESS,3,2,0.24,14.04,14.29
489,SUCCESS,4,6,0.22,14.17,14.39
409,SUCCESS,3,3,0.48,13.93,14.42
226,SUCCESS,5,9,0.25,14.19,14.44
483,SUCCESS,4,4,0.22,14.28,14.5
347,SUCCESS,4,5,0.44,14.06,14.5
473,SUCCESS,3,1,0.35,14.18,14.53
451,SUCCESS,5,7,0.36,14.19,14.55
361,SUCCESS,4,5,0.11,14.5,14.61
426,SUCCESS,3,3,0.22,14.42,14.64
463,SUCCESS,5,7,0.11,14.55,14.66
495,SUCCESS,4,6,0.33,14.39,14.72
461,SUCCESS,3,2,0.46,14.29,14.75
293,SUCCESS,5,8,0.69,14.08,14.77
490,SUCCESS,4,4,0.36,14.5,14.86
487,SUCCESS,3,1,0.34,14.53,14.87
237,SUCCESS,5,9,0.44,14.44,14.88
363,SUCCESS,4,5,0.36,14.61,14.97
482,SUCCESS,3,2,0.23,14.75,14.98
469,SUCCESS,5,7,0.38,14.66,15.04
505,SUCCESS,4,4,0.22,14.86,15.08
501,SUCCESS,4,6,0.36,14.72,15.08
434,SUCCESS,3,3,0.45,14.64,15.09
307,SUCCESS,5,8,0.38,14.77,15.15
514,SUCCESS,4,6,0.11,15.08,15.19
504,SUCCESS,3,1,0.33,14.87,15.2
377,SUCCESS,4,5,0.33,14.97,15.3
492,SUCCESS,3,2,0.33,14.98,15.31
481,SUCCESS,5,7,0.3,15.04,15.34
512,SUCCESS,3,1,0.22,15.2,15.42
510,SUCCESS,4,4,0.37,15.08,15.45
519,SUCCESS,3,1,0.11,15.42,15.53
447,SUCCESS,3,3,0.44,15.09,15.53
524,SUCCESS,4,4,0.11,15.45,15.56
516,SUCCESS,4,6,0.37,15.19,15.56
239,SUCCESS,5,9,0.72,14.88,15.6
520,SUCCESS,3,1,0.11,15.53,15.64
532,SUCCESS,4,6,0.11,15.56,15.67
491,SUCCESS,5,7,0.37,15.34,15.71
310,SUCCESS,5,8,0.55,15.15,15.71
498,SUCCESS,3,2,0.44,15.31,15.75
525,SUCCESS,4,4,0.26,15.56,15.82
503,SUCCESS,5,7,0.15,15.71,15.85
468,SUCCESS,3,3,0.33,15.53,15.86
382,SUCCESS,4,5,0.63,15.3,15.93
526,SUCCESS,3,1,0.33,15.64,15.97
533,SUCCESS,4,6,0.37,15.67,16.04
513,SUCCESS,3,2,0.33,15.75,16.08
322,SUCCESS,5,8,0.39,15.71,16.1
537,SUCCESS,4,4,0.33,15.82,16.15
479,SUCCESS,3,3,0.33,15.86,16.19
506,SUCCESS,5,7,0.35,15.85,16.21
397,SUCCESS,4,5,0.34,15.93,16.27
534,SUCCESS,3,1,0.33,15.97,16.3
529,SUCCESS,3,2,0.22,16.08,16.3
517,SUCCESS,5,7,0.11,16.21,16.32
544,SUCCESS,4,6,0.34,16.04,16.38
485,SUCCESS,3,3,0.22,16.19,16.41
253,SUCCESS,5,9,0.84,15.6,16.44
547,SUCCESS,4,4,0.34,16.15,16.49
542,SUCCESS,3,1,0.25,16.3,16.54
554,SUCCESS,4,6,0.22,16.38,16.6
518,SUCCESS,5,7,0.3,16.32,16.61
530,SUCCESS,3,2,0.36,16.3,16.65
404,SUCCESS,4,5,0.45,16.27,16.72
332,SUCCESS,5,8,0.63,16.1,16.72
552,SUCCESS,3,1,0.22,16.54,16.76
494,SUCCESS,3,3,0.36,16.41,16.76
558,SUCCESS,4,4,0.34,16.49,16.83
556,SUCCESS,4,6,0.23,16.6,16.83
266,SUCCESS,5,9,0.39,16.44,16.83
539,SUCCESS,3,2,0.26,16.65,16.91
502,SUCCESS,3,3,0.15,16.76,16.91
535,SUCCESS,5,7,0.33,16.61,16.94
564,SUCCESS,4,6,0.12,16.83,16.95
555,SUCCESS,3,1,0.26,16.76,17.03
573,SUCCESS,4,6,0.14,16.95,17.09
567,SUCCESS,3,1,0.11,17.03,17.14
277,SUCCESS,5,9,0.31,16.83,17.14
568,SUCCESS,4,4,0.38,16.83,17.2
419,SUCCESS,4,5,0.49,16.72,17.2
578,SUCCESS,4,6,0.11,17.09,17.2
538,SUCCESS,5,7,0.35,16.94,17.29
344,SUCCESS,5,8,0.57,16.72,17.29
548,SUCCESS,3,2,0.41,16.91,17.33
582,SUCCESS,4,6,0.18,17.2,17.39
572,SUCCESS,3,1,0.3,17.14,17.44
566,SUCCESS,3,2,0.11,17.33,17.44
508,SUCCESS,3,3,0.52,16.91,17.44
584,SUCCESS,4,4,0.31,17.2,17.51
585,SUCCESS,3,1,0.11,17.44,17.55
570,SUCCESS,3,2,0.11,17.44,17.55
550,SUCCESS,5,7,0.32,17.29,17.61
432,SUCCESS,4,5,0.42,17.2,17.62
591,SUCCESS,4,6,0.23,17.39,17.62
350,SUCCESS,5,8,0.43,17.29,17.72
594,SUCCESS,4,4,0.22,17.51,17.73
590,SUCCESS,3,1,0.21,17.55,17.75
599,SUCCESS,4,4,0.11,17.73,17.84
448,SUCCESS,4,5,0.22,17.62,17.84
521,SUCCESS,3,3,0.43,17.44,17.86
280,SUCCESS,5,9,0.74,17.14,17.89
595,SUCCESS,4,6,0.33,17.62,17.95
596,SUCCESS,3,1,0.22,17.75,17.97
574,SUCCESS,3,2,0.43,17.55,17.97
563,SUCCESS,5,7,0.42,17.61,18.04
536,SUCCESS,3,3,0.34,17.86,18.2
365,SUCCESS,5,8,0.51,17.72,18.24
587,SUCCESS,3,2,0.35,17.97,18.33
449,SUCCESS,4,5,0.5,17.84,18.34
583,SUCCESS,5,7,0.31,18.04,18.35
291,SUCCESS,5,9,0.46,17.89,18.35
375,SUCCESS,5,8,0.22,18.24,18.46
545,SUCCESS,3,3,0.35,18.2,18.55
297,SUCCESS,5,9,0.22,18.35,18.57
459,SUCCESS,4,5,0.26,18.34,18.6
598,SUCCESS,3,2,0.4,18.33,18.72
470,SUCCESS,4,5,0.13,18.6,18.73
589,SUCCESS,5,7,0.44,18.35,18.79
559,SUCCESS,3,3,0.28,18.55,18.83
378,SUCCESS,5,8,0.44,18.46,18.9
472,SUCCESS,4,5,0.34,18.73,19.07
387,SUCCESS,5,8,0.33,18.9,19.22
561,SUCCESS,3,3,0.42,18.83,19.25
301,SUCCESS,5,9,0.77,18.57,19.34
484,SUCCESS,4,5,0.41,19.07,19.47
581,SUCCESS,3,3,0.43,19.25,19.68
398,SUCCESS,5,8,0.57,19.22,19.79
499,SUCCESS,4,5,0.34,19.47,19.82
313,SUCCESS,5,9,0.56,19.34,19.9
592,SUCCESS,3,3,0.35,19.68,20.03
408,SUCCESS,5,8,0.26,19.79,20.05
412,SUCCESS,5,8,0.11,20.05,20.16
320,SUCCESS,5,9,0.37,19.9,20.27
507,SUCCESS,4,5,0.48,19.82,20.3
416,SUCCESS,5,8,0.22,20.16,20.38
522,SUCCESS,4,5,0.24,20.3,20.54
420,SUCCESS,5,8,0.18,20.38,20.55
427,SUCCESS,5,8,0.34,20.55,20.89
528,SUCCESS,4,5,0.44,20.54,20.97
330,SUCCESS,5,9,0.74,20.27,21
336,SUCCESS,5,9,0.16,21,21.17
433,SUCCESS,5,8,0.38,20.89,21.28
540,SUCCESS,4,5,0.49,20.97,21.47
438,SUCCESS,5,8,0.33,21.28,21.6
551,SUCCESS,4,5,0.37,21.47,21.84
443,SUCCESS,5,8,0.27,21.6,21.87
562,SUCCESS,4,5,0.14,21.84,21.98
453,SUCCESS,5,8,0.23,21.87,22.1
339,SUCCESS,5,9,1.04,21.17,22.21
565,SUCCESS,4,5,0.25,21.98,22.23
460,SUCCESS,5,8,0.22,22.1,22.32
575,SUCCESS,4,5,0.11,22.23,22.34
577,SUCCESS,4,5,0.11,22.34,22.45
580,SUCCESS,4,5,0.17,22.45,22.62
465,SUCCESS,5,8,0.64,22.32,22.96
353,SUCCESS,5,9,0.75,22.21,22.96
588,SUCCESS,4,5,0.55,22.62,23.17
478,SUCCESS,5,8,0.27,22.96,23.24
369,SUCCESS,5,9,0.56,22.96,23.52
600,SUCCESS,4,5,0.43,23.17,23.6
488,SUCCESS,5,8,0.4,23.24,23.64
496,SUCCESS,5,8,0.24,23.64,23.88
381,SUCCESS,5,9,0.86,23.52,24.38
500,SUCCESS,5,8,0.61,23.88,24.49
395,SUCCESS,5,9,0.64,24.38,25.03
511,SUCCESS,5,8,0.64,24.49,25.14
405,SUCCESS,5,9,0.47,25.03,25.5
527,SUCCESS,5,8,0.7,25.14,25.84
414,SUCCESS,5,9,0.45,25.5,25.95
541,SUCCESS,5,8,0.32,25.84,26.16
546,SUCCESS,5,8,0.58,26.16,26.74
423,SUCCESS,5,9,0.9,25.95,26.85
560,SUCCESS,5,8,0.37,26.74,27.11
436,SUCCESS,5,9,0.37,26.85,27.22
442,SUCCESS,5,9,0.23,27.22,27.45
445,SUCCESS,5,9,0.27,27.45,27.72
571,SUCCESS,5,8,0.72,27.11,27.83
450,SUCCESS,5,9,0.22,27.72,27.94
586,SUCCESS,5,8,0.59,27.83,28.42
455,SUCCESS,5,9,0.94,27.94,28.87
597,SUCCESS,5,8,0.57,28.42,28.98
474,SUCCESS,5,9,0.22,28.87,29.09
476,SUCCESS,5,9,0.44,29.09,29.53
486,SUCCESS,5,9,0.46,29.53,29.99
493,SUCCESS,5,9,0.3,29.99,30.28
497,SUCCESS,5,9,0.56,30.28,30.85
509,SUCCESS,5,9,0.42,30.85,31.27
515,SUCCESS,5,9,0.24,31.27,31.5
523,SUCCESS,5,9,0.56,31.5,32.07
531,SUCCESS,5,9,0.81,32.07,32.88
543,SUCCESS,5,9,0.55,32.88,33.43
549,SUCCESS,5,9,0.11,33.43,33.54
553,SUCCESS,5,9,0.45,33.54,33.99
557,SUCCESS,5,9,0.43,33.99,34.41
569,SUCCESS,5,9,0.19,34.41,34.6
576,SUCCESS,5,9,0.38,34.6,34.99
579,SUCCESS,5,9,0.57,34.99,35.56
593,SUCCESS,5,9,0.72,35.56,36.28
