,,TaskOutputFileSize,TaskFileLength,DistanceFromDataCenter,DataCenterCpuCost,DataCenterRamCost,DataCenterStorageCost,DataCenterBwCost,DataCenterTotalLoad,NetworkDelay,,ObjectiveFunction,DataCenterID,,,
,,14,14,6086,16,5,10,10,16533,0.16,1295,12091.15,3,3,4,5
,,18,37,10168,32,10,2,1,16527,3.36,718,11857.11,5,,,
,,13,13,2278,16,5,10,10,16533,0.15,1300,12093.14,3,,,
,,14,49,8068,16,5,10,10,16533,1.81,1130,12025.64,3,,,
,,17,12,16576,16,5,10,10,16533,0.14,770,11881.14,3,,,
,,18,31,8169,16,5,10,10,16533,1.72,1275,12083.62,3,,,
,,11,58,5171,28,1,4,10,16465,2.52,693,11803.46,4,,,
,,13,59,6186,32,10,2,1,16527,5.36,653,11831.71,5,,,
,,11,29,14430,16,5,10,10,16533,0.34,410,11737.2,3,,,
,,15,71,16137,28,1,4,10,16465,1.61,533,11739.18,4,,,
,,11,56,16013,28,1,4,10,16465,0.59,297,11644.48,4,,,
,,11,70,9165,32,10,2,1,16527,0.71,495,11767.11,5,,,
,,12,20,1396,28,1,4,10,16465,0.45,609,11769.24,4,,,
,,13,89,7603,32,10,2,1,16527,6.85,807,11893.76,5,,,
,,13,35,14737,32,10,2,1,16527,0.35,169,11636.61,5,,,
,,15,56,4388,16,5,10,10,16533,0.66,870,11921.3,3,,,
,,11,88,10469,32,10,2,1,16527,8,330,11703.3,5,,,
,,18,85,8626,16,5,10,10,16533,3.15,1410,12138.04,3,,,
,,16,54,6211,16,5,10,10,16533,3,775,11884,3,,,
,,10,40,9980,32,10,2,1,16527,3.08,394,11727.42,5,,,
,,14,82,9777,28,1,4,10,16465,3.57,1035,11940.57,4,,,
,,16,71,10462,28,1,4,10,16465,1.61,471,11714.38,4,,,
,,17,58,14526,28,1,4,10,16465,0.61,739,11821.28,4,,,
,,13,38,9113,16,5,10,10,16533,1.41,730,11865.52,3,,,
,,16,63,6231,16,5,10,10,16533,0.74,580,11805.32,3,,,
,,17,74,9068,32,10,2,1,16527,6.73,364,11716.52,5,,,
,,15,13,2299,16,5,10,10,16533,0.48,1380,12125.24,3,,,
,,16,39,15640,32,10,2,1,16527,3,384,11723.4,5,,,
,,12,100,9898,32,10,2,1,16527,1.01,464,11754.8,5,,,
,,18,30,9385,32,10,2,1,16527,2.73,553,11790.92,5,,,
,,10,65,7407,16,5,10,10,16533,0.76,655,11835.33,3,,,
,,17,42,5248,16,5,10,10,16533,1.56,740,11869.57,3,,,
,,16,47,5344,32,10,2,1,16527,4.27,978,11961.38,5,,,
,,12,93,15190,28,1,4,10,16465,2.11,1082,11958.93,4,,,
,,16,88,10015,16,5,10,10,16533,4.89,895,11932.57,3,,,
,,18,22,13865,32,10,2,1,16527,2,597,11808.3,5,,,
,,16,78,5773,28,1,4,10,16465,0.82,823,11854.95,4,,,
,,13,99,6391,28,1,4,10,16465,4.3,404,11688.39,4,,,
,,19,51,14168,16,5,10,10,16533,0.6,1060,11997.28,3,,,
,,16,55,10460,32,10,2,1,16527,0.56,538,11784.27,5,,,
,,13,17,11031,32,10,2,1,16527,1.55,268,11676.57,5,,,
,,18,13,17256,28,1,4,10,16465,0.14,512,11730.34,4,,,
,,10,32,8961,16,5,10,10,16533,0.38,790,11889.21,3,,,
,,12,84,10265,32,10,2,1,16527,6.46,332,11703.64,5,,,
,,14,20,5470,28,1,4,10,16465,0.21,595,11763.56,4,,,
,,19,18,6346,16,5,10,10,16533,0.21,505,11775.16,3,,,
,,17,37,19540,16,5,10,10,16533,2.06,1520,12181.72,3,,,
,,18,52,10899,32,10,2,1,16527,4.73,509,11773.92,5,,,
,,16,88,5071,16,5,10,10,16533,3.26,1000,11974.08,3,,,
,,19,83,2243,28,1,4,10,16465,1.89,1066,11952.47,4,,,
,,10,29,7920,32,10,2,1,16527,2.23,1076,11999.97,5,,,
,,19,72,11423,32,10,2,1,16527,0.73,1127,12019.92,5,,,
,,10,25,10401,16,5,10,10,16533,0.93,1345,12111.38,3,,,
,,20,80,3958,28,1,4,10,16465,3.48,1081,11958.94,4,,,
,,11,21,8126,32,10,2,1,16527,1.62,429,11740.99,5,,,
,,13,59,8383,16,5,10,10,16533,0.69,1345,12111.31,3,,,
,,10,38,1271,16,5,10,10,16533,2.11,730,11865.73,3,,,
,,18,10,10496,28,1,4,10,16465,0.43,336,11660.03,4,,,
,,15,81,17304,32,10,2,1,16527,7.36,756,11873.51,5,,,
,,16,63,9839,28,1,4,10,16465,1.43,581,11758.33,4,,,
,,17,32,7145,16,5,10,10,16533,0.38,725,11863.21,3,,,
,,12,27,14337,32,10,2,1,16527,2.08,1014,11975.12,5,,,
,,15,24,3205,28,1,4,10,16465,0.55,1083,11958.87,4,,,
,,14,61,7365,16,5,10,10,16533,2.26,1565,12199.78,3,,,
,,13,93,14862,28,1,4,10,16465,0.98,756,11828.19,4,,,
,,18,83,12592,32,10,2,1,16527,0.84,410,11733.15,5,,,
,,14,19,7758,28,1,4,10,16465,0.43,793,11842.83,4,,,
,,15,11,6491,28,1,4,10,16465,0.12,1050,11945.54,4,,,
,,15,68,2257,28,1,4,10,16465,2.96,423,11695.59,4,,,
,,15,98,9295,32,10,2,1,16527,8.91,976,11961.97,5,,,
,,20,87,3002,16,5,10,10,16533,1.02,1025,11983.41,3,,,
,,15,35,15079,28,1,4,10,16465,0.8,357,11668.54,4,,,
,,15,69,17803,32,10,2,1,16527,5.31,558,11793.69,5,,,
,,16,38,4374,32,10,2,1,16527,3.45,1000,11969.94,5,,,
,,15,72,13586,16,5,10,10,16533,4,1545,12192.3,3,,,
,,20,42,12928,28,1,4,10,16465,1.83,861,11870.45,4,,,
,,20,49,9773,32,10,2,1,16527,0.49,546,11787.45,5,,,
,,18,83,15287,16,5,10,10,16533,3.07,1155,12036.02,3,,,
,,16,33,6552,28,1,4,10,16465,0.75,449,11705.33,4,,,
,,11,47,11137,28,1,4,10,16465,0.49,1100,11965.65,4,,,
,,17,18,1430,32,10,2,1,16527,1.38,386,11723.71,5,,,
,,11,14,17737,28,1,4,10,16465,0.15,462,11710.35,4,,,
,,13,87,9688,32,10,2,1,16527,7.91,576,11801.67,5,,,
,,16,25,4311,28,1,4,10,16465,0.57,1010,11929.67,4,,,
,,16,93,8969,16,5,10,10,16533,1.09,925,11943.43,3,,,
,,15,16,8684,32,10,2,1,16527,1.45,492,11766.14,5,,,
,,19,62,14902,16,5,10,10,16533,2.3,1045,11991.79,3,,,
,,14,81,9571,32,10,2,1,16527,0.82,688,11844.35,5,,,
,,10,62,6801,16,5,10,10,16533,3.44,1405,12136.13,3,,,
,,17,86,9630,28,1,4,10,16465,3.74,860,11870.62,4,,,
,,11,61,8285,32,10,2,1,16527,4.69,1067,11997.11,5,,,
,,15,41,15539,16,5,10,10,16533,0.48,555,11795.24,3,,,
,,20,51,8787,28,1,4,10,16465,1.16,872,11874.65,4,,,
,,11,56,9484,32,10,2,1,16527,5.09,506,11772.83,5,,,
,,12,27,15462,16,5,10,10,16533,0.32,960,11957.2,3,,,
,,11,17,14752,28,1,4,10,16465,0.74,517,11732.52,4,,,
,,13,68,2232,16,5,10,10,16533,2.52,1465,12159.86,3,,,
,,18,37,14413,16,5,10,10,16533,2.06,1275,12083.72,3,,,
,,17,24,15817,28,1,4,10,16465,0.55,1036,11940.07,4,,,
,,19,68,10304,32,10,2,1,16527,0.69,1039,11984.71,5,,,
,,19,36,10710,16,5,10,10,16533,0.42,520,11781.23,3,,,
,,12,96,4091,28,1,4,10,16465,1.01,774,11835.4,4,,,
,,20,55,7924,32,10,2,1,16527,5,1008,11973.6,5,,,
,,16,29,16996,28,1,4,10,16465,0.66,559,11749.3,4,,,
,,15,35,9041,16,5,10,10,16533,1.94,1215,12059.68,3,,,
,,10,12,7815,28,1,4,10,16465,0.27,733,11818.78,4,,,
,,19,53,6889,28,1,4,10,16465,2.3,890,11882.19,4,,,
,,10,38,11914,32,10,2,1,16527,3.45,878,11921.14,5,,,
,,19,49,9108,32,10,2,1,16527,0.49,555,11791.05,5,,,
,,20,90,5502,32,10,2,1,16527,6.92,964,11956.58,5,,,
,,11,15,9237,32,10,2,1,16527,1.36,1034,11982.91,5,,,
,,18,72,5702,16,5,10,10,16533,0.85,1395,12131.35,3,,,
,,18,43,6413,28,1,4,10,16465,0.98,732,11818.59,4,,,
,,12,83,17388,16,5,10,10,16533,3.07,1515,12180.02,3,,,
,,20,36,7262,32,10,2,1,16527,0.36,293,11686.21,5,,,
,,16,48,5815,16,5,10,10,16533,0.56,850,11913.27,3,,,
,,18,60,9141,28,1,4,10,16465,2.61,974,11915.88,4,,,
,,15,61,6915,32,10,2,1,16527,5.55,899,11930.17,5,,,
,,17,80,15812,28,1,4,10,16465,0.84,827,11856.55,4,,,
,,18,62,19072,16,5,10,10,16533,3.44,540,11790.13,3,,,
,,11,56,13851,32,10,2,1,16527,4.31,880,11922.19,5,,,
,,15,44,9154,28,1,4,10,16465,1,1050,11945.8,4,,,
,,17,54,10997,16,5,10,10,16533,2,785,11887.7,3,,,
,,18,38,11818,32,10,2,1,16527,0.38,1125,12019.01,5,,,
,,11,31,10866,28,1,4,10,16465,1.35,880,11877.91,4,,,
,,18,62,6972,32,10,2,1,16527,5.64,1103,12011.79,5,,,
,,11,31,16539,16,5,10,10,16533,1.72,785,11887.62,3,,,
,,13,35,14320,32,10,2,1,16527,2.69,224,11659.31,5,,,
,,12,20,13952,28,1,4,10,16465,0.87,356,11668.16,4,,,
,,16,82,10341,16,5,10,10,16533,0.96,1450,12153.39,3,,,
,,11,46,12604,32,10,2,1,16527,4.18,902,11930.95,5,,,
,,16,54,2072,28,1,4,10,16465,0.57,1164,11991.27,4,,,
,,10,57,9131,32,10,2,1,16527,0.58,141,11625.47,5,,,
,,20,24,14830,32,10,2,1,16527,1.85,260,11673.46,5,,,
,,17,44,5452,16,5,10,10,16533,0.52,1340,12109.26,3,,,
,,10,28,15360,32,10,2,1,16527,2.55,405,11731.67,5,,,
,,18,98,6384,28,1,4,10,16465,2.23,820,11854.17,4,,,
,,17,92,6201,16,5,10,10,16533,3.41,920,11942.12,3,,,
,,13,20,8809,16,5,10,10,16533,0.24,535,11787.17,3,,,
,,13,49,11977,16,5,10,10,16533,2.72,1075,12003.92,3,,,
,,20,21,13203,32,10,2,1,16527,0.21,755,11870.96,5,,,
,,18,18,16320,32,10,2,1,16527,1.38,1048,11988.51,5,,,
,,16,27,9963,32,10,2,1,16527,2.45,329,11701.23,5,,,
,,20,53,5336,28,1,4,10,16465,0.56,784,11839.27,4,,,
,,18,77,4270,28,1,4,10,16465,3.35,908,11889.71,4,,,
,,14,13,9781,32,10,2,1,16527,1.18,732,11862.05,5,,,
,,14,60,15804,28,1,4,10,16465,1.36,309,11649.51,4,,,
,,17,55,6108,32,10,2,1,16527,4.23,914,11935.77,5,,,
,,13,72,12291,16,5,10,10,16533,2.67,580,11805.9,3,,,
,,17,91,7049,16,5,10,10,16533,1.07,920,11941.42,3,,,
,,20,75,13123,32,10,2,1,16527,6.82,1052,11991.75,5,,,
,,20,41,4849,28,1,4,10,16465,0.93,883,11878.98,4,,,
,,12,96,7459,32,10,2,1,16527,0.97,497,11767.99,5,,,
,,14,65,4169,28,1,4,10,16465,2.83,914,11891.95,4,,,
,,13,80,14524,16,5,10,10,16533,4.44,1135,12028.43,3,,,
,,19,23,4319,28,1,4,10,16465,0.52,329,11657.26,4,,,
,,14,77,1960,28,1,4,10,16465,0.81,859,11869.34,4,,,
,,16,18,16759,16,5,10,10,16533,1,1540,12189.4,3,,,
,,17,41,6452,28,1,4,10,16465,1.78,563,11751.23,4,,,
,,19,90,6353,32,10,2,1,16527,8.18,929,11942.95,5,,,
,,10,80,13990,16,5,10,10,16533,2.96,595,11811.99,3,,,
,,16,83,9710,32,10,2,1,16527,6.38,340,11706.81,5,,,
,,14,94,12306,16,5,10,10,16533,1.11,1175,12043.43,3,,,
,,14,15,11477,32,10,2,1,16527,1.15,963,11954.45,5,,,
,,13,41,6319,32,10,2,1,16527,3.73,334,11703.62,5,,,
,,14,44,4994,16,5,10,10,16533,2.44,860,11917.83,3,,,
,,20,99,12067,32,10,2,1,16527,1,1118,12016.4,5,,,
,,19,84,6915,28,1,4,10,16465,1.91,670,11794.07,4,,,
,,14,55,13043,16,5,10,10,16533,2.04,1520,12181.71,3,,,
,,14,39,9724,16,5,10,10,16533,0.46,1310,12097.24,3,,,
,,18,32,12349,32,10,2,1,16527,2.91,938,11944.97,5,,,
,,20,87,10472,28,1,4,10,16465,0.92,487,11720.58,4,,,
,,17,13,4595,32,10,2,1,16527,1.18,672,11838.05,5,,,
,,14,88,13426,28,1,4,10,16465,3.83,353,11667.85,4,,,
,,18,42,15786,32,10,2,1,16527,0.42,179,11640.63,5,,,
,,10,20,11275,28,1,4,10,16465,0.21,1074,11955.16,4,,,
,,13,21,12725,32,10,2,1,16527,0.21,279,11680.56,5,,,
,,20,71,13382,16,5,10,10,16533,0.84,455,11755.35,3,,,
,,17,69,12928,32,10,2,1,16527,6.27,364,11716.38,5,,,
,,12,58,7248,16,5,10,10,16533,3.22,1365,12120.07,3,,,
,,16,100,7350,28,1,4,10,16465,2.27,1164,11991.78,4,,,
,,10,93,9436,32,10,2,1,16527,7.15,669,11838.65,5,,,
,,20,100,10631,16,5,10,10,16533,3.7,1445,12152.21,3,,,
,,19,60,12982,28,1,4,10,16465,2.61,318,11653.48,4,,,
,,13,36,9286,32,10,2,1,16527,0.36,411,11733.41,5,,,
,,10,28,15963,32,10,2,1,16527,2.55,757,11872.47,5,,,
,,15,17,8090,16,5,10,10,16533,0.63,840,11909.29,3,,,
,,19,70,3403,16,5,10,10,16533,0.82,955,11955.35,3,,,
,,17,64,4598,28,1,4,10,16465,0.67,244,11623.3,4,,,
,,14,44,9753,32,10,2,1,16527,0.44,611,11813.43,5,,,
,,19,73,18327,28,1,4,10,16465,1.66,428,11697.2,4,,,
,,12,75,10203,32,10,2,1,16527,6.82,1080,12002.95,5,,,
,,18,63,4961,28,1,4,10,16465,2.74,908,11889.52,4,,,
,,16,53,7783,16,5,10,10,16533,0.62,1225,12063.29,3,,,
,,10,68,17856,32,10,2,1,16527,5.23,559,11794.07,5,,,
,,10,80,7034,16,5,10,10,16533,2.96,1375,12123.99,3,,,
,,18,41,9793,28,1,4,10,16465,0.93,347,11664.58,4,,,
,,20,18,9071,32,10,2,1,16527,1.38,491,11765.71,5,,,
,,11,92,7230,16,5,10,10,16533,5.11,785,11888.63,3,,,
,,19,67,10251,32,10,2,1,16527,6.09,830,11902.73,5,,,
,,18,59,5083,16,5,10,10,16533,0.69,495,11771.31,3,,,
,,15,37,11328,28,1,4,10,16465,0.84,731,11818.15,4,,,
,,17,82,10031,32,10,2,1,16527,0.83,298,11688.35,5,,,
,,15,10,17474,16,5,10,10,16533,0.12,810,11897.14,3,,,
,,12,77,3899,28,1,4,10,16465,0.81,488,11720.94,4,,,
,,17,58,15251,28,1,4,10,16465,2.52,552,11747.06,4,,,
,,12,35,11670,32,10,2,1,16527,2.69,288,11684.91,5,,,
,,18,66,12898,16,5,10,10,16533,2.44,390,11729.83,3,,,
,,13,29,10983,16,5,10,10,16533,1.61,595,11811.58,3,,,
,,12,12,9298,32,10,2,1,16527,0.92,926,11939.58,5,,,
,,17,58,9872,32,10,2,1,16527,5.27,947,11949.28,5,,,
,,17,15,12218,16,5,10,10,16533,0.56,1370,12121.27,3,,,
,,19,22,11719,28,1,4,10,16465,0.23,1176,11995.97,4,,,
,,17,50,16888,16,5,10,10,16533,0.59,1160,12037.28,3,,,
,,11,28,3785,28,1,4,10,16465,1.22,825,11855.87,4,,,
,,18,66,12190,32,10,2,1,16527,0.67,784,11882.7,5,,,
,,14,19,13274,16,5,10,10,16533,0.7,1520,12181.31,3,,,
,,11,79,10369,28,1,4,10,16465,1.8,429,11697.64,4,,,
,,19,45,9966,32,10,2,1,16527,3.46,423,11739.14,5,,,
,,13,21,8557,16,5,10,10,16533,0.78,895,11931.33,3,,,
,,10,51,12191,28,1,4,10,16465,0.54,381,11678.06,4,,,
,,10,81,6513,32,10,2,1,16527,7.36,691,11847.51,5,,,
,,16,75,6722,16,5,10,10,16533,0.88,1045,11991.36,3,,,
,,14,48,10402,28,1,4,10,16465,2.09,969,11913.73,4,,,
,,12,19,7322,32,10,2,1,16527,1.73,1080,12001.42,5,,,
,,16,70,15299,16,5,10,10,16533,3.89,565,11800.27,3,,,
,,11,64,17281,16,5,10,10,16533,2.37,635,11827.81,3,,,
,,16,58,15648,32,10,2,1,16527,4.46,989,11965.84,5,,,
,,15,88,13475,28,1,4,10,16465,2,808,11849.3,4,,,
,,15,87,10270,32,10,2,1,16527,0.88,360,11713.16,5,,,
,,14,15,11213,32,10,2,1,16527,1.15,930,11941.25,5,,,
,,17,52,9335,28,1,4,10,16465,2.26,442,11702.98,4,,,
,,10,72,5114,16,5,10,10,16533,0.85,925,11943.35,3,,,
,,11,95,6125,32,10,2,1,16527,8.64,1034,11985.09,5,,,
,,19,76,15942,28,1,4,10,16465,0.8,208,11608.94,4,,,
,,20,52,11359,16,5,10,10,16533,0.61,965,11959.28,3,,,
,,14,50,11132,32,10,2,1,16527,4.55,710,11854.27,5,,,
,,19,74,6832,16,5,10,10,16533,4.11,1465,12160.33,3,,,
,,20,30,5005,28,1,4,10,16465,0.32,1037,11940.4,4,,,
,,13,70,11391,32,10,2,1,16527,0.71,1115,12015.11,5,,,
,,12,94,5361,16,5,10,10,16533,3.48,735,11868.14,3,,,
,,17,95,4239,28,1,4,10,16465,2.16,937,11900.95,4,,,
,,11,40,5811,32,10,2,1,16527,3.64,1023,11979.19,5,,,
,,17,11,9465,16,5,10,10,16533,0.41,770,11881.22,3,,,
,,10,74,6027,28,1,4,10,16465,3.22,183,11599.67,4,,,
,,15,25,17368,32,10,2,1,16527,0.25,140,11624.98,5,,,
,,14,88,9748,32,10,2,1,16527,6.77,589,11806.53,5,,,
,,14,20,8260,32,10,2,1,16527,1.82,215,11655.45,5,,,
,,10,64,5237,16,5,10,10,16533,0.75,1525,12183.33,3,,,
,,14,16,10646,32,10,2,1,16527,0.16,798,11888.15,5,,,
,,20,49,6795,28,1,4,10,16465,0.52,212,11610.46,4,,,
,,20,19,7483,16,5,10,10,16533,0.22,1505,12175.17,3,,,
,,16,57,10992,32,10,2,1,16527,5.18,1022,11979.25,5,,,
,,13,47,2167,32,10,2,1,16527,3.62,620,11817.99,5,,,
,,17,37,9781,16,5,10,10,16533,0.44,950,11953.23,3,,,
,,10,87,6180,28,1,4,10,16465,1.98,1063,11951.29,4,,,
,,18,61,12458,28,1,4,10,16465,2.65,875,11876.3,4,,,
,,10,25,4820,32,10,2,1,16527,2.27,592,11806.38,5,,,
,,16,31,12705,28,1,4,10,16465,0.33,592,11762.4,4,,,
,,17,22,8142,32,10,2,1,16527,1.69,892,11926.21,5,,,
,,15,100,8046,16,5,10,10,16533,3.7,1050,11994.21,3,,,
,,18,87,15171,32,10,2,1,16527,0.88,960,11953.16,5,,,
,,15,28,13037,32,10,2,1,16527,2.55,844,11907.27,5,,,
,,13,97,12893,16,5,10,10,16533,5.39,1450,12154.72,3,,,
,,11,48,16752,28,1,4,10,16465,1.09,308,11649.03,4,,,
,,20,58,13207,16,5,10,10,16533,0.68,560,11797.3,3,,,
,,13,46,13316,16,5,10,10,16533,1.7,1315,12099.61,3,,,
,,11,40,11491,28,1,4,10,16465,0.91,1111,11970.17,4,,,
,,18,61,9712,32,10,2,1,16527,5.55,740,11866.57,5,,,
,,14,37,6894,16,5,10,10,16533,0.44,695,11851.23,3,,,
,,13,57,17188,28,1,4,10,16465,0.6,294,11643.28,4,,,
,,20,90,18459,28,1,4,10,16465,3.91,883,11879.87,4,,,
,,16,48,7598,32,10,2,1,16527,0.48,670,11837.04,5,,,
,,10,41,15494,16,5,10,10,16533,2.28,730,11865.78,3,,,
,,12,78,7201,32,10,2,1,16527,6,233,11663.9,5,,,
,,19,35,9711,32,10,2,1,16527,3.18,984,11963.45,5,,,
,,14,22,8475,28,1,4,10,16465,0.96,1101,11966.19,4,,,
,,19,47,19097,16,5,10,10,16533,1.74,1015,11979.62,3,,,
,,19,24,14357,16,5,10,10,16533,0.28,1465,12159.18,3,,,
,,20,33,1812,16,5,10,10,16533,0.39,845,11911.22,3,,,
,,17,54,11633,28,1,4,10,16465,0.57,1014,11931.27,4,,,
,,15,72,10816,32,10,2,1,16527,0.73,1053,11990.32,5,,,
,,13,92,9004,28,1,4,10,16465,2.09,239,11621.73,4,,,
,,18,92,8431,32,10,2,1,16527,8.36,641,11827.81,5,,,
,,20,59,1460,16,5,10,10,16533,3.28,1325,12104.08,3,,,
,,12,86,9970,16,5,10,10,16533,3.19,600,11814.06,3,,,
,,18,27,14892,32,10,2,1,16527,2.45,333,11702.84,5,,,
,,14,91,18355,28,1,4,10,16465,3.96,309,11650.29,4,,,
,,16,70,8442,16,5,10,10,16533,0.82,910,11937.35,3,,,
,,11,14,8607,16,5,10,10,16533,0.78,1055,11995.33,3,,,
,,19,85,4207,32,10,2,1,16527,6.54,544,11788.46,5,,,
,,11,55,6628,28,1,4,10,16465,1.25,605,11767.88,4,,,
,,19,46,6562,28,1,4,10,16465,0.48,373,11674.84,4,,,
,,19,47,9203,32,10,2,1,16527,4.27,379,11721.78,5,,,
,,12,78,3665,32,10,2,1,16527,0.79,706,11851.54,5,,,
,,16,35,13925,32,10,2,1,16527,3.18,296,11688.25,5,,,
,,10,74,11518,16,5,10,10,16533,2.74,730,11865.92,3,,,
,,10,56,4684,28,1,4,10,16465,2.43,667,11793.03,4,,,
,,17,30,11917,32,10,2,1,16527,0.3,1101,12009.39,5,,,
,,15,94,6594,16,5,10,10,16533,1.11,1410,12137.43,3,,,
,,19,73,16122,32,10,2,1,16527,5.62,709,11854.19,5,,,
,,15,55,14359,28,1,4,10,16465,0.58,599,11765.27,4,,,
,,18,86,15404,28,1,4,10,16465,1.95,413,11691.29,4,,,
,,12,75,14944,16,5,10,10,16533,4.17,465,11760.35,3,,,
,,13,43,7910,28,1,4,10,16465,1.87,734,11819.66,4,,,
,,15,100,11636,32,10,2,1,16527,9.09,943,11948.83,5,,,
,,17,21,6368,16,5,10,10,16533,1.17,350,11713.45,3,,,
,,12,42,4902,28,1,4,10,16465,0.44,532,11738.43,4,,,
,,15,84,17489,32,10,2,1,16527,0.85,591,11805.56,5,,,
,,11,89,7113,16,5,10,10,16533,3.3,1130,12026.09,3,,,
,,16,73,17983,16,5,10,10,16533,0.86,505,11775.36,3,,,
,,17,28,14098,28,1,4,10,16465,1.22,772,11834.67,4,,,
,,14,17,9499,16,5,10,10,16533,0.94,1610,12217.38,3,,,
,,17,86,10477,32,10,2,1,16527,7.82,254,11672.85,5,,,
,,18,89,6687,28,1,4,10,16465,2.02,809,11849.71,4,,,
,,17,17,13350,16,5,10,10,16533,0.94,1280,12085.38,3,,,
,,14,89,11300,32,10,2,1,16527,6.85,776,11881.36,5,,,
,,18,48,14834,28,1,4,10,16465,0.51,798,11844.85,4,,,
,,19,31,2383,28,1,4,10,16465,1.35,274,11635.51,4,,,
,,18,71,6603,16,5,10,10,16533,0.84,780,11885.35,3,,,
,,15,46,16490,32,10,2,1,16527,4.18,228,11661.35,5,,,
,,19,32,15856,28,1,4,10,16465,0.73,483,11718.92,4,,,
,,11,71,7722,16,5,10,10,16533,2.63,980,11965.89,3,,,
,,15,20,10113,32,10,2,1,16527,1.54,866,11915.76,5,,,
,,14,25,8396,28,1,4,10,16465,0.26,661,11789.98,4,,,
,,18,24,16091,28,1,4,10,16465,1.04,523,11735.01,4,,,
,,12,31,8972,16,5,10,10,16533,1.72,300,11693.62,3,,,
,,15,85,12626,32,10,2,1,16527,0.86,448,11748.36,5,,,
,,20,33,7039,16,5,10,10,16533,1.22,365,11719.47,3,,,
,,16,64,3893,32,10,2,1,16527,5.82,989,11966.25,5,,,
,,14,47,11401,28,1,4,10,16465,1.07,661,11790.22,4,,,
,,10,27,11265,16,5,10,10,16533,1,865,11919.4,3,,,
,,13,56,9777,32,10,2,1,16527,4.31,455,11752.19,5,,,
,,14,95,7883,16,5,10,10,16533,1.12,530,11785.44,3,,,
,,14,51,14388,32,10,2,1,16527,0.52,523,11778.26,5,,,
,,19,12,7342,32,10,2,1,16527,0.92,632,11821.98,5,,,
,,20,29,8747,16,5,10,10,16533,1.07,890,11929.42,3,,,
,,19,78,14052,28,1,4,10,16465,3.39,428,11697.72,4,,,
,,17,89,15163,32,10,2,1,16527,8.09,408,11734.53,5,,,
,,15,24,4920,16,5,10,10,16533,0.28,420,11741.18,3,,,
,,20,56,9798,16,5,10,10,16533,3.11,1340,12110.03,3,,,
,,19,80,12959,28,1,4,10,16465,0.84,230,11617.75,4,,,
,,11,32,16795,32,10,2,1,16527,0.32,220,11657,5,,,
,,17,21,17621,32,10,2,1,16527,1.62,859,11912.99,5,,,
,,20,84,1593,28,1,4,10,16465,1.91,300,11646.07,4,,,
,,14,27,12336,28,1,4,10,16465,1.17,540,11741.85,4,,,
,,16,49,10043,32,10,2,1,16527,4.45,571,11798.64,5,,,
,,18,19,16863,28,1,4,10,16465,0.2,1073,11954.76,4,,,
,,17,28,9189,16,5,10,10,16533,1.56,620,11821.57,3,,,
,,17,37,8541,28,1,4,10,16465,0.84,255,11627.75,4,,,
,,19,63,13975,16,5,10,10,16533,2.33,1645,12231.8,3,,,
,,13,50,9683,16,5,10,10,16533,0.59,1285,12087.28,3,,,
,,19,43,11018,32,10,2,1,16527,3.31,907,11932.69,5,,,
,,10,45,9357,28,1,4,10,16465,1.96,458,11709.29,4,,,
,,19,62,6109,32,10,2,1,16527,0.63,478,11760.29,5,,,
,,18,29,7390,32,10,2,1,16527,2.23,454,11751.17,5,,,
,,20,71,10887,32,10,2,1,16527,6.45,403,11732.04,5,,,
,,15,47,2230,28,1,4,10,16465,1.07,1138,11981.02,4,,,
,,10,65,10378,16,5,10,10,16533,0.76,1150,12033.33,3,,,
,,10,33,6229,28,1,4,10,16465,1.43,612,11770.73,4,,,
,,16,72,14948,16,5,10,10,16533,2.67,1510,12177.9,3,,,
,,15,54,11585,16,5,10,10,16533,3,600,11814,3,,,
,,14,72,8163,28,1,4,10,16465,0.76,188,11600.93,4,,,
,,15,58,8553,32,10,2,1,16527,5.27,239,11666.08,5,,,
,,13,26,4584,28,1,4,10,16465,1.13,481,11718.24,4,,,
,,18,12,3868,32,10,2,1,16527,1.09,1136,12023.63,5,,,
,,13,50,10111,16,5,10,10,16533,0.59,1030,11985.28,3,,,
,,11,59,6587,28,1,4,10,16465,1.34,550,11745.9,4,,,
,,14,22,16927,28,1,4,10,16465,0.23,683,11798.77,4,,,
,,11,100,8561,32,10,2,1,16527,1.01,352,11710,5,,,
,,12,63,8242,32,10,2,1,16527,5.73,838,11905.82,5,,,
,,19,76,15435,16,5,10,10,16533,2.81,1285,12087.94,3,,,
,,15,29,13765,28,1,4,10,16465,0.31,984,11919.19,4,,,
,,11,29,15792,32,10,2,1,16527,0.29,396,11727.39,5,,,
,,10,98,11912,32,10,2,1,16527,7.54,1032,11983.96,5,,,
,,17,62,13610,16,5,10,10,16533,0.73,1445,12151.32,3,,,
,,15,52,7433,32,10,2,1,16527,4.73,844,11907.92,5,,,
,,12,91,11897,28,1,4,10,16465,3.96,312,11651.49,4,,,
,,13,44,8193,32,10,2,1,16527,0.44,686,11843.43,5,,,
,,20,93,11305,16,5,10,10,16533,5.17,890,11930.65,3,,,
,,13,92,4357,28,1,4,10,16465,2.09,1053,11947.33,4,,,
,,19,59,7514,32,10,2,1,16527,5.36,269,11678.11,5,,,
,,12,66,12771,16,5,10,10,16533,0.78,1035,11987.33,3,,,
,,15,33,11588,32,10,2,1,16527,0.33,536,11783.4,5,,,
,,12,81,3747,16,5,10,10,16533,3,345,11712,3,,,
,,19,47,18423,28,1,4,10,16465,2.04,318,11653.31,4,,,
,,17,69,16767,32,10,2,1,16527,5.31,254,11672.09,5,,,
,,18,35,7386,32,10,2,1,16527,3.18,817,11896.65,5,,,
,,12,26,7781,16,5,10,10,16533,0.31,555,11795.19,3,,,
,,13,90,7161,28,1,4,10,16465,0.95,184,11599.39,4,,,
,,17,31,6446,16,5,10,10,16533,0.36,695,11851.21,3,,,
,,11,18,11605,28,1,4,10,16465,0.78,880,11877.73,4,,,
,,10,56,13159,32,10,2,1,16527,0.57,350,11709.07,5,,,
,,12,50,13885,16,5,10,10,16533,1.85,1275,12083.66,3,,,
,,14,83,11270,28,1,4,10,16465,1.89,936,11900.47,4,,,
,,11,61,5355,32,10,2,1,16527,5.55,1045,11988.57,5,,,
,,14,17,8162,16,5,10,10,16533,0.63,365,11719.29,3,,,
,,19,38,8782,16,5,10,10,16533,0.45,475,11763.23,3,,,
,,16,39,10481,28,1,4,10,16465,1.7,988,11921.21,4,,,
,,19,55,10859,32,10,2,1,16527,4.23,643,11827.37,5,,,
,,18,80,11176,16,5,10,10,16533,4.44,675,11844.43,3,,,
,,14,43,10871,32,10,2,1,16527,0.43,831,11901.43,5,,,
,,11,41,10266,32,10,2,1,16527,3.73,737,11864.82,5,,,
,,16,36,15379,16,5,10,10,16533,1.33,640,11829.5,3,,,
,,13,18,12583,16,5,10,10,16533,0.67,1090,12009.3,3,,,
,,17,44,8791,16,5,10,10,16533,0.52,1505,12175.26,3,,,
,,14,78,9316,28,1,4,10,16465,0.82,507,11728.55,4,,,
,,15,84,17520,28,1,4,10,16465,1.91,995,11924.07,4,,,
,,12,59,13079,32,10,2,1,16527,5.36,959,11954.11,5,,,
,,10,32,5388,16,5,10,10,16533,0.38,370,11721.21,3,,,
,,20,19,11941,28,1,4,10,16465,0.43,399,11685.23,4,,,
,,15,64,8868,32,10,2,1,16527,4.92,415,11736.38,5,,,
,,12,91,13307,28,1,4,10,16465,3.96,554,11748.29,4,,,
,,11,23,9883,32,10,2,1,16527,1.77,506,11771.83,5,,,
,,15,61,7580,16,5,10,10,16533,0.72,795,11891.32,3,,,
,,20,88,5709,32,10,2,1,16527,0.89,282,11681.97,5,,,
,,14,77,14183,32,10,2,1,16527,7,1084,12004.6,5,,,
,,13,66,10657,28,1,4,10,16465,0.69,1031,11938.11,4,,,
,,18,91,3468,16,5,10,10,16533,3.37,1380,12126.11,3,,,
,,15,27,6686,32,10,2,1,16527,2.45,855,11911.64,5,,,
,,18,42,10724,28,1,4,10,16465,1.83,699,11805.65,4,,,
,,15,97,8796,16,5,10,10,16533,5.39,1290,12090.72,3,,,
,,20,36,11243,32,10,2,1,16527,2.77,1063,11994.93,5,,,
,,11,21,9684,32,10,2,1,16527,1.91,462,11754.27,5,,,
,,14,18,9668,28,1,4,10,16465,0.19,760,11829.56,4,,,
,,15,45,9909,16,5,10,10,16533,1.67,315,11699.6,3,,,
,,19,94,4760,28,1,4,10,16465,2.14,857,11868.94,4,,,
,,20,59,11419,32,10,2,1,16527,0.6,436,11743.48,5,,,
,,13,75,6242,16,5,10,10,16533,0.88,1075,12003.36,3,,,
,,18,33,6674,16,5,10,10,16533,1.22,780,11885.47,3,,,
,,19,95,12744,32,10,2,1,16527,8.64,203,11652.69,5,,,
,,19,74,13962,28,1,4,10,16465,3.22,1165,11992.47,4,,,
,,15,26,10472,16,5,10,10,16533,0.31,1545,12191.19,3,,,
,,10,60,13279,32,10,2,1,16527,4.62,548,11789.49,5,,,
,,13,59,12738,28,1,4,10,16465,0.62,778,11836.89,4,,,
,,20,22,14062,16,5,10,10,16533,0.26,830,11905.18,3,,,
,,14,33,10636,32,10,2,1,16527,3,622,11818.6,5,,,
,,13,46,6666,16,5,10,10,16533,1.7,400,11733.61,3,,,
,,12,91,12526,28,1,4,10,16465,2.07,697,11804.92,4,,,
,,16,99,11825,32,10,2,1,16527,1,692,11846,5,,,
,,10,88,4072,16,5,10,10,16533,4.89,400,11734.57,3,,,
,,19,44,5772,16,5,10,10,16533,0.52,700,11853.26,3,,,
,,17,44,8677,28,1,4,10,16465,1,563,11751,4,,,
,,18,77,8191,32,10,2,1,16527,7,212,11655.8,5,,,
,,18,62,13305,16,5,10,10,16533,2.3,1605,12215.79,3,,,
,,16,48,6949,32,10,2,1,16527,0.48,538,11784.24,5,,,
,,19,93,415,28,1,4,10,16465,4.04,780,11838.71,4,,,
,,17,90,9824,32,10,2,1,16527,6.92,408,11734.18,5,,,
,,14,27,10124,32,10,2,1,16527,2.45,215,11655.64,5,,,
,,14,69,9986,28,1,4,10,16465,0.73,441,11702.12,4,,,
,,16,35,5326,16,5,10,10,16533,1.3,1120,12021.49,3,,,
,,19,23,13337,32,10,2,1,16527,2.09,379,11721.13,5,,,
,,12,76,3570,16,5,10,10,16533,0.89,1050,11993.37,3,,,
,,17,49,8967,28,1,4,10,16465,2.13,1080,11958.14,4,,,
,,19,93,6453,28,1,4,10,16465,2.11,637,11780.93,4,,,
,,11,88,6395,16,5,10,10,16533,4.89,890,11930.57,3,,,
,,10,78,6791,32,10,2,1,16527,0.79,163,11634.34,5,,,
,,19,46,14790,16,5,10,10,16533,0.54,610,11817.26,3,,,
,,19,66,8516,32,10,2,1,16527,6,1138,12025.9,5,,,
,,11,96,12108,16,5,10,10,16533,3.56,710,11858.17,3,,,
,,11,93,9874,32,10,2,1,16527,7.15,913,11936.25,5,,,
,,16,85,15090,28,1,4,10,16465,0.89,768,11832.97,4,,,
,,20,13,8415,16,5,10,10,16533,0.48,1340,12109.24,3,,,
,,15,63,9866,32,10,2,1,16527,5.73,217,11657.42,5,,,
,,18,80,3006,28,1,4,10,16465,3.48,996,11924.94,4,,,
,,14,15,8639,16,5,10,10,16533,0.56,1490,12169.27,3,,,
,,13,66,17394,16,5,10,10,16533,0.78,325,11703.33,3,,,
,,10,68,420,32,10,2,1,16527,0.69,845,11907.11,5,,,
,,11,88,3832,28,1,4,10,16465,2,363,11671.3,4,,,
,,20,39,7442,32,10,2,1,16527,3.55,766,11876.37,5,,,
,,20,70,7761,16,5,10,10,16533,3.89,1550,12194.27,3,,,
,,10,22,9027,32,10,2,1,16527,0.22,845,11906.97,5,,,
,,15,48,2785,32,10,2,1,16527,3.69,393,11727.21,5,,,
,,10,61,3915,28,1,4,10,16465,0.64,733,11818.89,4,,,
,,19,17,9134,32,10,2,1,16527,0.17,456,11751.35,5,,,
,,16,34,7605,32,10,2,1,16527,3.09,340,11705.83,5,,,
,,17,65,14168,16,5,10,10,16533,2.41,845,11911.82,3,,,
,,12,69,6434,28,1,4,10,16465,3,752,11827.2,4,,,
,,18,38,4377,16,5,10,10,16533,2.11,1575,12203.73,3,,,
,,19,43,9413,32,10,2,1,16527,3.31,896,11928.29,5,,,
,,14,25,15951,16,5,10,10,16533,0.93,515,11779.38,3,,,
,,10,100,10493,16,5,10,10,16533,1.18,985,11967.45,3,,,
,,18,96,2726,28,1,4,10,16465,2.18,952,11906.95,4,,,
,,15,72,2213,32,10,2,1,16527,6.55,393,11728.07,5,,,
,,12,45,9108,28,1,4,10,16465,0.47,466,11712.04,4,,,
,,20,36,12805,28,1,4,10,16465,1.57,718,11813.17,4,,,
,,10,33,14005,16,5,10,10,16533,0.39,1435,12147.22,3,,,
,,14,31,17042,32,10,2,1,16527,2.82,248,11668.95,5,,,
,,11,11,10452,16,5,10,10,16533,0.13,1580,12205.14,3,,,
,,15,80,12148,32,10,2,1,16527,0.81,503,11770.34,5,,,
,,12,66,3722,28,1,4,10,16465,1.5,587,11760.75,4,,,
,,14,80,13462,16,5,10,10,16533,2.96,1400,12133.99,3,,,
,,18,73,13587,32,10,2,1,16527,5.62,663,11835.79,5,,,
,,11,39,13026,28,1,4,10,16465,0.41,1144,11983.22,4,,,
,,16,54,11244,28,1,4,10,16465,2.35,328,11657.41,4,,,
,,18,67,5138,16,5,10,10,16533,3.72,375,11724.22,3,,,
,,18,29,11976,32,10,2,1,16527,0.29,707,11851.79,5,,,
,,15,10,10246,28,1,4,10,16465,0.11,753,11826.73,4,,,
,,17,67,12437,16,5,10,10,16533,0.79,830,11905.34,3,,,
,,16,89,9209,32,10,2,1,16527,8.09,406,11733.73,5,,,
,,16,29,7280,28,1,4,10,16465,1.26,680,11797.88,4,,,
,,13,40,10240,32,10,2,1,16527,3.08,1104,12011.42,5,,,
,,18,29,9929,16,5,10,10,16533,0.34,1020,11981.2,3,,,
,,19,66,9016,28,1,4,10,16465,1.5,648,11785.15,4,,,
,,19,75,2874,16,5,10,10,16533,2.78,1075,12003.93,3,,,
,,12,37,5860,16,5,10,10,16533,2.06,495,11771.72,3,,,
,,18,57,15538,32,10,2,1,16527,0.58,1026,11979.47,5,,,
,,12,82,15879,32,10,2,1,16527,7.45,189,11646.73,5,,,
,,16,59,4709,28,1,4,10,16465,1.34,1021,11934.3,4,,,
,,15,54,9446,32,10,2,1,16527,4.15,514,11775.75,5,,,
,,11,49,7691,16,5,10,10,16533,1.81,1190,12049.64,3,,,
,,18,70,8501,28,1,4,10,16465,3.04,1062,11951.21,4,,,
,,11,46,16303,32,10,2,1,16527,4.18,275,11680.15,5,,,
,,10,78,13187,16,5,10,10,16533,0.92,1540,12189.38,3,,,
,,17,90,14019,28,1,4,10,16465,0.95,849,11865.39,4,,,
,,18,22,14147,32,10,2,1,16527,2,1004,11971.1,5,,,
,,13,21,5555,16,5,10,10,16533,0.78,925,11943.33,3,,,
,,12,49,8506,16,5,10,10,16533,2.72,1290,12089.92,3,,,
,,14,38,5217,28,1,4,10,16465,0.86,551,11746.16,4,,,
,,10,76,7373,32,10,2,1,16527,0.77,526,11779.53,5,,,
,,12,23,11752,16,5,10,10,16533,0.27,1365,12119.18,3,,,
,,15,48,17214,28,1,4,10,16465,2.09,214,11611.73,4,,,
,,12,60,11306,32,10,2,1,16527,4.62,871,11918.69,5,,,
,,20,78,5662,32,10,2,1,16527,7.09,997,11969.83,5,,,
,,20,39,10511,16,5,10,10,16533,2.17,1115,12019.75,3,,,
,,18,41,8697,32,10,2,1,16527,0.41,1037,11983.82,5,,,
,,15,28,5977,32,10,2,1,16527,2.15,525,11779.55,5,,,
,,19,71,15049,16,5,10,10,16533,2.63,1450,12153.89,3,,,
,,14,61,5453,16,5,10,10,16533,0.72,1085,12007.32,3,,,
,,19,14,14574,16,5,10,10,16533,0.16,1675,12243.15,3,,,
,,12,23,7251,16,5,10,10,16533,1.28,900,11933.48,3,,,
,,19,84,18279,28,1,4,10,16465,1.91,1176,11996.47,4,,,
,,10,28,11583,32,10,2,1,16527,2.15,207,11652.35,5,,,
,,18,88,14102,28,1,4,10,16465,0.93,490,11721.78,4,,,
,,13,96,13550,32,10,2,1,16527,8.73,631,11823.92,5,,,
,,14,85,7260,28,1,4,10,16465,3.7,672,11795.41,4,,,
,,12,62,14812,16,5,10,10,16533,2.3,1365,12119.79,3,,,
,,19,17,11724,32,10,2,1,16527,1.55,907,11932.17,5,,,
,,13,85,5280,32,10,2,1,16527,0.86,829,11900.76,5,,,
,,14,20,11352,32,10,2,1,16527,1.82,776,11879.85,5,,,
,,11,83,5029,16,5,10,10,16533,0.98,1430,12145.39,3,,,
,,16,70,2521,28,1,4,10,16465,1.59,1065,11951.98,4,,,
,,13,44,11671,28,1,4,10,16465,1.91,646,11784.47,4,,,
,,11,66,16032,16,5,10,10,16533,3.67,1490,12170.2,3,,,
,,11,45,15866,32,10,2,1,16527,4.09,561,11794.53,5,,,
,,19,69,13825,16,5,10,10,16533,2.56,1450,12153.87,3,,,
,,15,49,15979,32,10,2,1,16527,0.49,525,11779.05,5,,,
,,16,88,12527,32,10,2,1,16527,6.77,637,11825.73,5,,,
,,11,73,9716,16,5,10,10,16533,0.86,1265,12079.36,3,,,
,,20,29,9090,32,10,2,1,16527,0.29,370,11716.99,5,,,
,,11,100,6602,28,1,4,10,16465,1.05,297,11644.62,4,,,
,,19,83,13162,32,10,2,1,16527,7.55,588,11806.37,5,,,
,,17,51,14476,16,5,10,10,16533,2.83,1040,11989.95,3,,,
,,19,85,4860,28,1,4,10,16465,1.93,1011,11930.48,4,,,
,,17,27,14266,32,10,2,1,16527,2.45,1090,12005.64,5,,,
,,11,78,8195,28,1,4,10,16465,3.39,473,11715.72,4,,,
,,11,80,11333,16,5,10,10,16533,2.96,890,11929.99,3,,,
,,13,79,7021,16,5,10,10,16533,0.93,1615,12219.38,3,,,
,,11,47,12181,32,10,2,1,16527,4.27,275,11680.18,5,,,
,,19,75,8505,32,10,2,1,16527,5.77,918,11937.83,5,,,
,,20,52,8692,16,5,10,10,16533,1.93,710,11857.68,3,,,
,,15,73,10513,28,1,4,10,16465,0.77,379,11677.33,4,,,
,,18,99,7363,32,10,2,1,16527,1,201,11649.6,5,,,
,,14,35,8595,32,10,2,1,16527,3.18,699,11849.45,5,,,
,,15,62,6522,28,1,4,10,16465,2.7,478,11717.51,4,,,
,,17,98,6095,28,1,4,10,16465,2.23,365,11672.17,4,,,
,,13,99,10181,16,5,10,10,16533,1.16,715,11859.45,3,,,
,,17,94,18278,16,5,10,10,16533,5.22,1265,12080.67,3,,,
,,15,92,8523,32,10,2,1,16527,8.36,536,11785.81,5,,,
,,14,85,17030,16,5,10,10,16533,3.15,305,11696.04,3,,,
,,15,80,5552,32,10,2,1,16527,0.81,569,11796.74,5,,,
,,11,47,18898,16,5,10,10,16533,0.55,515,11779.27,3,,,
,,12,99,10097,32,10,2,1,16527,7.62,1025,11981.19,5,,,
,,12,85,13149,28,1,4,10,16465,0.89,532,11738.57,4,,,
,,14,47,15062,16,5,10,10,16533,1.74,650,11833.62,3,,,
,,18,84,4957,28,1,4,10,16465,1.91,655,11788.07,4,,,
,,15,90,19731,28,1,4,10,16465,3.91,1006,11929.07,4,,,
,,11,77,9036,32,10,2,1,16527,7,957,11953.8,5,,,
,,14,11,3825,16,5,10,10,16533,0.41,1130,12025.22,3,,,
,,20,12,8895,32,10,2,1,16527,1.09,920,11937.23,5,,,
,,18,80,16019,16,5,10,10,16533,0.94,1245,12071.38,3,,,
,,16,71,10268,32,10,2,1,16527,0.72,219,11656.72,5,,,
,,18,10,10075,32,10,2,1,16527,0.91,355,11711.17,5,,,
,,17,49,15159,28,1,4,10,16465,0.52,288,11640.86,4,,,
,,19,15,14964,16,5,10,10,16533,0.18,970,11961.15,3,,,
,,19,72,12968,16,5,10,10,16533,4,490,11770.3,3,,,
,,16,37,11373,32,10,2,1,16527,3.36,615,11815.91,5,,,
,,18,42,3678,16,5,10,10,16533,1.56,435,11747.57,3,,,
,,19,27,4009,28,1,4,10,16465,0.28,637,11780.38,4,,,
,,16,52,4962,32,10,2,1,16527,0.53,384,11722.66,5,,,
,,18,44,14671,16,5,10,10,16533,0.52,975,11963.26,3,,,
,,14,88,5770,28,1,4,10,16465,2,661,11790.5,4,,,
,,13,13,11814,28,1,4,10,16465,0.14,217,11612.34,4,,,
,,20,89,9302,28,1,4,10,16465,3.87,828,11857.86,4,,,
,,10,97,8566,32,10,2,1,16527,7.46,163,11636.34,5,,,
,,14,41,9813,32,10,2,1,16527,3.73,182,11642.82,5,,,
,,20,35,13792,16,5,10,10,16533,1.3,1250,12073.49,3,,,
,,12,13,5061,16,5,10,10,16533,0.15,510,11777.14,3,,,
,,17,43,15349,16,5,10,10,16533,2.39,590,11809.82,3,,,
,,16,27,2732,28,1,4,10,16465,0.61,966,11912.08,4,,,
,,15,66,9914,32,10,2,1,16527,6,679,11842.3,5,,,
,,13,51,2808,28,1,4,10,16465,2.22,690,11802.17,4,,,
,,15,54,9584,16,5,10,10,16533,2,1500,12173.7,3,,,
,,14,77,12701,32,10,2,1,16527,0.78,1084,12002.73,5,,,
,,16,18,15204,16,5,10,10,16533,0.67,745,11871.3,3,,,
,,13,78,6707,16,5,10,10,16533,0.92,985,11967.38,3,,,
,,12,17,3581,28,1,4,10,16465,0.74,642,11782.52,4,,,
,,15,59,15248,32,10,2,1,16527,4.54,283,11683.46,5,,,
,,10,52,6060,28,1,4,10,16465,1.18,634,11779.45,4,,,
,,13,27,11425,16,5,10,10,16533,0.32,1510,12177.2,3,,,
,,19,49,9152,32,10,2,1,16527,4.45,434,11743.84,5,,,
,,10,39,4912,16,5,10,10,16533,1.44,1570,12201.53,3,,,
,,19,49,10394,32,10,2,1,16527,0.49,203,11650.25,5,,,
,,15,100,12427,28,1,4,10,16465,1.05,731,11818.22,4,,,
,,12,46,7440,16,5,10,10,16533,0.54,390,11729.26,3,,,
,,15,59,13468,32,10,2,1,16527,5.36,404,11732.11,5,,,
,,13,58,13398,28,1,4,10,16465,2.52,514,11731.86,4,,,
,,12,87,9122,16,5,10,10,16533,4.83,1440,12150.55,3,,,
,,14,37,10469,32,10,2,1,16527,0.37,1007,11971.81,5,,,
,,10,33,4747,16,5,10,10,16533,0.39,1060,11997.22,3,,,
,,16,72,12722,32,10,2,1,16527,5.54,318,11697.76,5,,,
,,19,98,15604,28,1,4,10,16465,2.23,1110,11970.17,4,,,
,,11,80,8075,16,5,10,10,16533,2.96,1115,12019.99,3,,,
,,16,26,10250,32,10,2,1,16527,0.26,175,11638.98,5,,,
,,17,10,10345,32,10,2,1,16527,0.77,716,11855.53,5,,,
,,19,48,14459,28,1,4,10,16465,2.09,219,11613.73,4,,,
,,17,81,13968,32,10,2,1,16527,7.36,716,11857.51,5,,,
,,11,13,12552,28,1,4,10,16465,0.57,484,11719.27,4,,,
,,18,51,5941,16,5,10,10,16533,2.83,810,11897.95,3,,,
,,10,22,10322,32,10,2,1,16527,2,504,11771.1,5,,,
,,12,74,16174,28,1,4,10,16465,0.78,312,11650.53,4,,,
,,15,40,10301,16,5,10,10,16533,1.48,1500,12173.54,3,,,
,,13,62,4727,28,1,4,10,16465,1.41,723,11815.12,4,,,
,,18,96,5074,16,5,10,10,16533,1.13,1545,12191.44,3,,,
,,15,88,4711,32,10,2,1,16527,0.89,910,11933.17,5,,,
,,10,45,5433,16,5,10,10,16533,2.5,520,11781.85,3,,,
,,19,87,3667,32,10,2,1,16527,6.69,412,11735.71,5,,,
,,15,99,4373,32,10,2,1,16527,9,1130,12023.6,5,,,
,,15,57,11263,16,5,10,10,16533,2.11,1035,11987.73,3,,,
,,11,85,18128,28,1,4,10,16465,3.7,528,11737.81,4,,,
,,11,62,14173,16,5,10,10,16533,0.73,290,11689.32,3,,,
,,16,17,12293,16,5,10,10,16533,0.94,700,11853.38,3,,,
,,15,14,4291,28,1,4,10,16465,0.61,291,11642.08,4,,,
,,14,29,7160,16,5,10,10,16533,0.34,890,11929.2,3,,,
,,14,83,15038,28,1,4,10,16465,1.89,562,11750.87,4,,,
,,13,83,9477,28,1,4,10,16465,0.87,734,11819.36,4,,,
,,16,77,14290,32,10,2,1,16527,7,527,11781.8,5,,,
,,18,51,13087,16,5,10,10,16533,1.89,465,11759.67,3,,,
,,15,26,5818,16,5,10,10,16533,1.44,315,11699.53,3,,,
,,16,18,14767,28,1,4,10,16465,0.78,1098,11964.93,4,,,
,,17,90,10059,32,10,2,1,16527,0.91,397,11727.97,5,,,
,,20,29,14665,16,5,10,10,16533,0.34,1610,12217.2,3,,,
,,12,33,4117,28,1,4,10,16465,0.75,587,11760.53,4,,,
,,10,72,11862,32,10,2,1,16527,5.54,548,11789.76,5,,,
,,14,35,16875,16,5,10,10,16533,1.3,1535,12187.49,3,,,
,,15,20,12757,16,5,10,10,16533,1.11,360,11717.43,3,,,
,,13,21,3024,28,1,4,10,16465,0.91,514,11731.37,4,,,
,,10,26,8851,32,10,2,1,16527,0.26,306,11691.38,5,,,
,,10,13,6510,32,10,2,1,16527,1,603,11810.4,5,,,
,,12,54,528,28,1,4,10,16465,0.57,939,11901.27,4,,,
,,14,84,12496,32,10,2,1,16527,7.64,941,11947.59,5,,,
,,11,21,17619,16,5,10,10,16533,1.17,1385,12127.45,3,,,
,,15,51,15713,28,1,4,10,16465,1.16,984,11919.45,4,,,
,,14,33,6728,32,10,2,1,16527,0.33,974,11958.6,5,,,
,,14,56,12086,16,5,10,10,16533,0.66,980,11965.3,3,,,
,,10,16,5965,28,1,4,10,16465,0.36,513,11730.81,4,,,
,,15,54,9000,16,5,10,10,16533,2,660,11837.7,3,,,
,,20,37,18733,28,1,4,10,16465,0.39,718,11812.82,4,,,
,,15,42,9301,16,5,10,10,16533,0.49,495,11771.25,3,,,
,,19,82,16750,28,1,4,10,16465,3.57,1044,11944.17,4,,,
,,15,75,14056,32,10,2,1,16527,5.77,833,11903.83,5,,,
,,18,41,15694,28,1,4,10,16465,0.93,853,11866.98,4,,,
,,14,61,8545,32,10,2,1,16527,0.62,402,11729.89,5,,,
,,15,64,10257,16,5,10,10,16533,3.56,825,11904.17,3,,,
,,10,32,2650,28,1,4,10,16465,0.34,348,11664.8,4,,,
,,12,41,17852,28,1,4,10,16465,1.78,169,11593.63,4,,,
,,13,82,11947,16,5,10,10,16533,3.04,310,11698.01,3,,,
,,14,81,14279,16,5,10,10,16533,0.95,1505,12175.38,3,,,
,,10,80,11905,32,10,2,1,16527,6.15,757,11873.55,5,,,
,,20,96,16072,28,1,4,10,16465,2.18,784,11839.75,4,,,
,,19,50,8738,16,5,10,10,16533,0.59,1480,12165.28,3,,,
,,12,81,13181,32,10,2,1,16527,0.82,574,11798.75,5,,,
,,18,12,5114,32,10,2,1,16527,0.92,443,11746.38,5,,,
,,15,66,9566,28,1,4,10,16465,2.87,192,11603.16,4,,,
,,16,71,7463,16,5,10,10,16533,2.63,1570,12201.89,3,,,
,,13,58,15732,16,5,10,10,16533,3.22,490,11770.07,3,,,
,,10,32,6456,16,5,10,10,16533,0.38,1330,12105.21,3,,,
,,17,39,12204,32,10,2,1,16527,0.39,1013,11974.22,5,,,
,,13,96,8838,28,1,4,10,16465,1.01,1152,11986.6,4,,,
,,17,40,4207,16,5,10,10,16533,1.48,965,11959.54,3,,,
,,14,15,5152,32,10,2,1,16527,0.15,347,11707.75,5,,,
,,13,60,13354,28,1,4,10,16465,1.36,756,11828.31,4,,,
,,13,38,8909,16,5,10,10,16533,0.45,610,11817.23,3,,,
,,13,39,13997,16,5,10,10,16533,2.17,460,11757.75,3,,,
,,10,82,1930,28,1,4,10,16465,3.57,1074,11956.17,4,,,
,,11,62,14547,16,5,10,10,16533,2.3,575,11803.79,3,,,
,,16,97,2266,32,10,2,1,16527,7.46,505,11773.14,5,,,
,,13,63,7503,28,1,4,10,16465,0.66,448,11704.9,4,,,
,,19,76,7584,16,5,10,10,16533,0.89,1585,12207.37,3,,,
,,11,79,15730,32,10,2,1,16527,0.8,979,11960.74,5,,,
,,17,71,15725,28,1,4,10,16465,1.61,827,11856.78,4,,,
,,12,20,9489,32,10,2,1,16527,0.2,1102,12009.76,5,,,
,,10,21,15852,28,1,4,10,16465,0.48,535,11739.64,4,,,
,,11,63,11120,16,5,10,10,16533,2.33,1250,12073.8,3,,,
,,13,70,15710,28,1,4,10,16465,3.04,228,11617.61,4,,,
,,10,11,9645,28,1,4,10,16465,0.48,524,11735.24,4,,,
,,11,40,19591,32,10,2,1,16527,0.4,385,11723.02,5,,,
,,11,41,18682,28,1,4,10,16465,0.93,220,11613.78,4,,,
,,18,15,10581,28,1,4,10,16465,0.65,886,11880.1,4,,,
,,13,91,13541,16,5,10,10,16533,5.06,1135,12028.62,3,,,
,,18,96,6160,32,10,2,1,16527,7.38,619,11818.71,5,,,
,,11,99,16753,16,5,10,10,16533,1.16,1325,12103.45,3,,,
,,17,89,10575,28,1,4,10,16465,0.94,1091,11962.18,4,,,
,,13,79,19406,16,5,10,10,16533,2.93,1225,12063.98,3,,,
,,20,53,9010,32,10,2,1,16527,0.54,1041,11985.46,5,,,
,,15,24,1749,16,5,10,10,16533,0.28,825,11903.18,3,,,
,,16,17,6376,16,5,10,10,16533,0.2,925,11943.16,3,,,
,,17,65,15303,28,1,4,10,16465,2.83,244,11623.95,4,,,
,,10,19,2393,16,5,10,10,16533,0.22,1015,11979.17,3,,,
,,19,90,13516,28,1,4,10,16465,2.05,604,11767.72,4,,,
,,14,66,4287,16,5,10,10,16533,3.67,680,11846.2,3,,,
,,17,75,4558,32,10,2,1,16527,5.77,727,11861.43,5,,,
,,13,93,10304,16,5,10,10,16533,3.44,1510,12178.13,3,,,
,,12,17,8656,32,10,2,1,16527,1.31,827,11900.09,5,,,
,,12,88,7942,28,1,4,10,16465,0.93,972,11914.58,4,,,
,,20,97,10860,32,10,2,1,16527,0.98,964,11954.79,5,,,
,,18,69,13647,16,5,10,10,16533,0.81,495,11771.34,3,,,
,,16,62,5138,28,1,4,10,16465,1.41,581,11758.32,4,,,
,,13,35,11177,16,5,10,10,16533,1.94,715,11859.68,3,,,
,,14,79,4262,28,1,4,10,16465,3.43,1046,11944.93,4,,,
,,19,49,13563,16,5,10,10,16533,1.81,970,11961.64,3,,,
,,12,45,12914,32,10,2,1,16527,3.46,1025,11979.94,5,,,
,,12,42,6161,16,5,10,10,16533,0.49,285,11687.25,3,,,
,,18,40,11759,32,10,2,1,16527,0.4,1081,12001.42,5,,,
,,10,13,14173,32,10,2,1,16527,0.13,845,11906.94,5,,,
,,18,29,16260,16,5,10,10,16533,0.34,390,11729.2,3,,,
,,16,66,16502,28,1,4,10,16465,0.69,515,11731.71,4,,,
,,10,51,14182,16,5,10,10,16533,2.83,640,11829.95,3,,,
,,13,79,13799,28,1,4,10,16465,1.8,1152,11986.84,4,,,
,,10,51,6745,28,1,4,10,16465,2.22,799,11845.77,4,,,
,,14,80,15381,16,5,10,10,16533,2.96,1130,12025.99,3,,,
,,18,16,6526,16,5,10,10,16533,0.89,1200,12053.37,3,,,
,,12,68,12149,16,5,10,10,16533,0.8,270,11681.34,3,,,
,,10,95,5402,32,10,2,1,16527,7.31,988,11966.29,5,,,
,,12,53,9542,16,5,10,10,16533,1.96,1125,12023.69,3,,,
,,19,81,14998,32,10,2,1,16527,0.82,841,11905.55,5,,,
,,15,74,3581,28,1,4,10,16465,3.22,588,11761.67,4,,,
,,17,43,9454,32,10,2,1,16527,3.31,826,11900.29,5,,,
,,15,88,2153,28,1,4,10,16465,2,973,11915.3,4,,,
,,10,86,4799,28,1,4,10,16465,0.91,953,11906.97,4,,,
,,20,54,13629,16,5,10,10,16533,3,1580,12206,3,,,
,,11,59,15353,32,10,2,1,16527,0.6,836,11903.48,5,,,
,,17,100,10370,16,5,10,10,16533,1.18,395,11731.45,3,,,
,,11,11,11692,32,10,2,1,16527,0.11,814,11894.53,5,,,
,,10,59,11727,28,1,4,10,16465,2.57,975,11916.27,4,,,
,,18,94,7138,16,5,10,10,16533,3.48,1080,12006.14,3,,,
,,15,61,16305,28,1,4,10,16465,1.39,720,11813.92,4,,,
,,13,65,10190,32,10,2,1,16527,5,543,11787.6,5,,,
,,10,21,10532,28,1,4,10,16465,0.91,183,11598.97,4,,,
,,17,53,9990,32,10,2,1,16527,0.54,859,11912.66,5,,,
,,19,90,15581,28,1,4,10,16465,0.95,978,11916.99,4,,,
,,18,84,7754,16,5,10,10,16533,4.67,1215,12060.5,3,,,
,,11,46,11215,32,10,2,1,16527,0.46,374,11718.64,5,,,
,,12,77,3535,28,1,4,10,16465,1.75,752,11826.83,4,,,
,,20,95,7436,16,5,10,10,16533,3.52,1700,12254.16,3,,,
,,20,18,13256,28,1,4,10,16465,0.41,894,11883.22,4,,,
,,12,27,4983,28,1,4,10,16465,0.28,521,11733.98,4,,,
,,13,23,5853,32,10,2,1,16527,0.23,554,11790.57,5,,,
,,20,89,3760,28,1,4,10,16465,3.87,311,11651.06,4,,,
,,12,93,7376,32,10,2,1,16527,7.15,893,11928.25,5,,,
,,14,44,13504,16,5,10,10,16533,1.63,1325,12103.59,3,,,
,,20,45,9958,28,1,4,10,16465,1.02,410,11689.81,4,,,
,,19,29,10448,16,5,10,10,16533,1.07,1510,12177.42,3,,,
,,18,43,9231,28,1,4,10,16465,0.45,391,11682.04,4,,,
,,17,67,18711,32,10,2,1,16527,0.68,364,11714.7,5,,,
,,16,38,9749,28,1,4,10,16465,1.65,713,11811.2,4,,,
,,18,58,13579,32,10,2,1,16527,4.46,949,11949.84,5,,,
,,19,24,9015,32,10,2,1,16527,0.24,412,11733.77,5,,,
,,15,99,5854,16,5,10,10,16533,5.5,360,11718.75,3,,,
,,12,79,4836,28,1,4,10,16465,1.8,774,11835.64,4,,,
,,19,16,12269,16,5,10,10,16533,0.89,880,11925.37,3,,,
,,15,63,15244,28,1,4,10,16465,2.74,544,11743.92,4,,,
,,10,86,15243,16,5,10,10,16533,3.19,1420,12142.06,3,,,
,,17,74,10035,32,10,2,1,16527,5.69,320,11698.61,5,,,
,,13,29,5704,16,5,10,10,16533,1.07,1525,12183.42,3,,,
,,20,64,12405,28,1,4,10,16465,1.45,861,11870.34,4,,,
,,20,100,3737,28,1,4,10,16465,1.05,344,11663.42,4,,,
,,10,92,14414,32,10,2,1,16527,0.93,955,11951.18,5,,,
,,18,24,6958,28,1,4,10,16465,0.55,710,11809.67,4,,,
,,19,37,7683,32,10,2,1,16527,2.85,841,11906.16,5,,,
,,13,51,6322,16,5,10,10,16533,1.89,850,11913.67,3,,,
,,12,69,15492,28,1,4,10,16465,3,785,11840.4,4,,,
,,17,73,7201,16,5,10,10,16533,4.06,1025,11984.32,3,,,
,,14,12,5243,28,1,4,10,16465,0.52,331,11658.06,4,,,
,,11,24,17041,16,5,10,10,16533,0.89,740,11869.37,3,,,
,,15,71,5547,28,1,4,10,16465,1.61,995,11923.98,4,,,
,,17,91,10320,32,10,2,1,16527,0.92,232,11661.98,5,,,
,,20,11,8266,28,1,4,10,16465,0.25,696,11803.98,4,,,
,,20,68,17794,32,10,2,1,16527,5.23,161,11634.87,5,,,
,,14,92,4144,28,1,4,10,16465,0.97,1090,11961.79,4,,,
,,20,29,11979,32,10,2,1,16527,0.29,601,11809.39,5,,,
,,19,13,7891,28,1,4,10,16465,0.14,1165,11991.54,4,,,
,,11,78,6073,16,5,10,10,16533,2.89,665,11839.97,3,,,
,,10,83,10181,28,1,4,10,16465,3.61,1041,11942.98,4,,,
,,17,77,17010,16,5,10,10,16533,4.28,1625,12224.38,3,,,
,,18,66,14539,28,1,4,10,16465,1.5,611,11770.35,4,,,
,,11,21,9410,16,5,10,10,16533,1.17,1580,12205.45,3,,,
,,16,34,13357,28,1,4,10,16465,0.36,658,11788.81,4,,,
,,11,76,9992,32,10,2,1,16527,5.85,275,11680.66,5,,,
,,14,49,6851,28,1,4,10,16465,2.13,826,11856.54,4,,,
,,10,86,6516,32,10,2,1,16527,0.87,1109,12012.76,5,,,
,,15,28,9738,32,10,2,1,16527,0.28,426,11739.38,5,,,
,,17,46,4171,32,10,2,1,16527,3.54,672,11838.76,5,,,
,,20,66,7824,16,5,10,10,16533,3.67,1265,12080.2,3,,,
,,16,78,6526,28,1,4,10,16465,0.82,779,11837.35,4,,,
,,14,48,14107,32,10,2,1,16527,0.48,1095,12007.04,5,,,
,,15,16,15305,28,1,4,10,16465,0.17,500,11725.55,4,,,
,,19,36,3053,32,10,2,1,16527,2.77,874,11919.33,5,,,
,,11,100,11015,28,1,4,10,16465,4.35,660,11790.81,4,,,
,,20,60,11951,32,10,2,1,16527,0.61,480,11761.08,5,,,
,,19,39,13881,28,1,4,10,16465,0.41,934,11899.22,4,,,
,,11,62,15692,16,5,10,10,16533,3.44,1505,12176.13,3,,,
,,13,64,15259,28,1,4,10,16465,2.78,723,11815.53,4,,,
,,17,35,16471,28,1,4,10,16465,0.37,354,11667.21,4,,,
,,13,98,7545,32,10,2,1,16527,7.54,235,11665.16,5,,,
,,14,85,11565,32,10,2,1,16527,0.86,578,11800.36,5,,,
,,10,76,15837,28,1,4,10,16465,3.3,1085,11960.49,4,,,
,,19,15,16165,28,1,4,10,16465,0.65,945,11903.7,4,,,
,,20,88,2437,16,5,10,10,16533,4.89,1250,12074.57,3,,,
,,14,67,14616,28,1,4,10,16465,0.71,496,11724.11,4,,,
,,20,92,10850,32,10,2,1,16527,7.08,150,11631.02,5,,,
,,12,62,8558,16,5,10,10,16533,3.44,990,11970.13,3,,,
,,15,86,7301,28,1,4,10,16465,3.74,357,11669.42,4,,,
,,19,86,11399,28,1,4,10,16465,0.91,582,11758.57,4,,,
,,20,79,541,32,10,2,1,16527,6.08,1118,12017.92,5,,,
,,15,62,12898,28,1,4,10,16465,2.7,456,11708.71,4,,,
,,19,60,12436,32,10,2,1,16527,4.62,742,11867.09,5,,,
,,12,36,10482,28,1,4,10,16465,1.57,477,11716.77,4,,,
,,15,83,6610,16,5,10,10,16533,4.61,1245,12072.48,3,,,
,,15,84,3689,28,1,4,10,16465,0.88,1094,11963.36,4,,,
,,12,34,16819,32,10,2,1,16527,2.62,926,11940.09,5,,,
,,16,22,10060,16,5,10,10,16533,1.22,460,11757.47,3,,,
,,14,29,8914,28,1,4,10,16465,0.31,947,11904.39,4,,,
,,18,75,10908,28,1,4,10,16465,3.26,512,11731.28,4,,,
,,18,60,13586,32,10,2,1,16527,4.62,916,11936.69,5,,,
,,20,25,8861,28,1,4,10,16465,1.09,366,11672.23,4,,,
,,10,68,11493,16,5,10,10,16533,3.78,1600,12214.23,3,,,
,,10,57,5912,32,10,2,1,16527,4.38,581,11802.61,5,,,
,,16,93,9812,28,1,4,10,16465,0.98,779,11837.39,4,,,
,,18,74,18196,28,1,4,10,16465,3.22,875,11876.47,4,,,
,,14,15,4695,28,1,4,10,16465,0.16,188,11600.75,4,,,
,,19,63,4400,16,5,10,10,16533,3.5,970,11962.15,3,,,
,,11,55,8019,32,10,2,1,16527,4.23,891,11926.57,5,,,
,,15,66,15129,28,1,4,10,16465,2.87,764,11831.96,4,,,
,,19,44,2331,16,5,10,10,16533,2.44,565,11799.83,3,,,
,,16,61,15273,32,10,2,1,16527,4.69,219,11657.91,5,,,
,,17,69,6825,28,1,4,10,16465,0.73,662,11790.52,4,,,
,,19,18,6252,16,5,10,10,16533,1,490,11769.4,3,,,
,,11,24,7376,16,5,10,10,16533,1.33,995,11971.5,3,,,
,,17,32,15045,32,10,2,1,16527,2.46,441,11746.04,5,,,
,,18,52,9222,28,1,4,10,16465,0.55,798,11844.87,4,,,
,,14,46,6909,32,10,2,1,16527,3.54,886,11924.36,5,,,
,,17,12,4922,32,10,2,1,16527,0.92,573,11798.38,5,,,
,,13,53,9399,16,5,10,10,16533,2.94,1150,12033.98,3,,,
,,19,91,16949,28,1,4,10,16465,0.96,450,11705.79,4,,,
,,15,69,6087,32,10,2,1,16527,5.31,305,11692.49,5,,,
,,19,92,17015,16,5,10,10,16533,5.11,550,11794.63,3,,,
,,17,54,10709,32,10,2,1,16527,4.15,837,11904.95,5,,,
,,17,51,12569,28,1,4,10,16465,0.54,1069,11953.26,4,,,
,,12,14,13620,28,1,4,10,16465,0.15,796,11843.95,4,,,
,,15,55,7251,16,5,10,10,16533,3.06,540,11790.02,3,,,
,,10,74,10867,28,1,4,10,16465,0.78,986,11920.13,4,,,
,,12,32,11244,16,5,10,10,16533,1.78,570,11801.63,3,,,
,,14,19,1917,28,1,4,10,16465,0.2,287,11640.36,4,,,
,,18,30,5827,16,5,10,10,16533,1.67,1470,12161.6,3,,,
,,19,10,13756,16,5,10,10,16533,0.56,670,11841.27,3,,,
,,16,43,4111,16,5,10,10,16533,2.39,1015,11979.82,3,,,
,,20,78,12688,28,1,4,10,16465,0.82,938,11900.95,4,,,
,,13,18,7611,16,5,10,10,16533,1,1465,12159.4,3,,,
,,18,15,4559,16,5,10,10,16533,0.83,1080,12005.35,3,,,
,,11,94,15809,28,1,4,10,16465,0.99,1111,11970.2,4,,,
,,20,57,9562,16,5,10,10,16533,3.17,1055,11996.05,3,,,
,,20,94,16057,28,1,4,10,16465,0.99,795,11843.8,4,,,
,,12,95,8365,16,5,10,10,16533,5.28,1560,12198.68,3,,,
,,15,15,2523,16,5,10,10,16533,0.83,795,11891.35,3,,,
,,20,48,13635,28,1,4,10,16465,0.51,718,11812.85,4,,,
,,14,40,12571,16,5,10,10,16533,2.22,470,11761.77,3,,,
,,15,34,10861,28,1,4,10,16465,0.36,423,11694.81,4,,,
,,17,44,19197,16,5,10,10,16533,2.44,875,11923.83,3,,,
,,19,21,8734,16,5,10,10,16533,1.17,1120,12021.45,3,,,
,,12,71,14100,16,5,10,10,16533,3.94,285,11688.28,3,,,
,,16,54,11368,16,5,10,10,16533,3,625,11824,3,,,
,,18,59,13841,16,5,10,10,16533,3.28,1185,12048.08,3,,,
,,12,46,10904,16,5,10,10,16533,2.56,1350,12113.87,3,,,
,,17,44,5741,16,5,10,10,16533,2.44,395,11731.83,3,,,
,,19,18,6283,16,5,10,10,16533,1,970,11961.4,3,,,
,,10,88,5648,16,5,10,10,16533,4.89,1375,12124.57,3,,,
,,14,18,10253,16,5,10,10,16533,1,845,11911.4,3,,,
,,19,81,18890,16,5,10,10,16533,4.5,1315,12100.45,3,,,
,,16,70,12867,16,5,10,10,16533,3.89,505,11776.27,3,,,
